temperatura,umidade,pressao,velocidade_vento,precipitacao_chuva,tempo_chuva,intensidade_chuva,ponto_orvalho,latitude,longitude,data_hora,historico_alagamento,solo_elevacao,bairro,precipitacao_diaria,precipitacao_acumulada,declive_graus,chuva_media_h
26.81,65,1010,,0.0,2,nuvens dispersas,19.68,-23.526789,-46.594733,2025-01-02 19:00:00,1,722.48,vilamaria/vilaguilherme,22.8,0.11,3.66370439529419,0.055
18.71,100,1012,,0.0,0,trovoada com chuva fraca,18.71,-23.485011,-46.607741,2023-11-15 19:36:00,1,749.44,vilamaria/vilaguilherme,39.1,0.0,6.02824258804321,0.0
19.02,98,1012,,0.0,0,trovoada com chuva fraca,18.7,-23.50703,-46.603548,2023-11-15 19:47:00,1,725.7,vilamaria/vilaguilherme,39.1,0.0,0.464048534631729,0.0
18.92,100,1012,,0.0,0,trovoada com chuva fraca,18.92,-23.475137,-46.569995,2023-11-15 20:02:00,1,730.82,vilamaria/vilaguilherme,39.1,0.0,2.07442665100098,0.0
22.02,91,1014,,19.81,1,névoa,20.48,-23.508373,-46.611794,2023-11-28 20:46:00,1,722.37,vilamaria/vilaguilherme,30.7,19.81,4.56079053878784,19.81
19.54,98,1013,,0.0,3,trovoada com chuva fraca,19.22,-23.472208,-46.571746,2023-12-23 17:48:00,1,731.54,vilamaria/vilaguilherme,40.4,4.06,1.35270059108734,1.3533333333333333
20.12,96,1017,,1.67,4,chuva moderada,19.46,-23.428385,-46.723131,2023-11-27 17:58:00,1,831.03,pirituba/jaraguá,12.0,11.94,3.10994267463684,2.985
24.95,52,1012,,0.0,3,algumas nuvens,14.42,-23.553304,-46.625659,2023-11-15 19:30:00,1,726.88,santana,34.9,0.15,1.46716165542603,0.049999999999999996
21.04,93,1015,,3.6,4,chuva moderada,19.86,-23.526522,-46.598701,2023-11-19 12:45:00,1,714.58,santana,22.2,6.15,5.12249660491943,1.5375
20.16,92,1015,,1.39,3,trovoada com chuva fraca,18.82,-23.526522,-46.598701,2023-11-28 23:00:00,1,714.58,santana,24.1,2.92,5.12249660491943,0.9733333333333333
22.0,91,1014,,19.81,1,chuva muito forte,20.46,-23.504268,-46.621147,2023-11-28 20:46:00,1,724.24,santana,24.1,19.81,1.91265225410461,19.81
25.68,70,1016,,0.0,0,céu limpo,19.8,-23.537206,-46.650982,2023-12-08 07:56:00,1,747.22,santana,5.8,0.0,5.27611875534058,0.0
28.16,61,1013,,0.0,3,chuva leve,19.93,-23.503148,-46.621262,2023-12-17 14:03:00,1,724.49,santana,9.0,1.44,1.46716165542603,0.48
22.66,90,1013,,2.23,4,chuva moderada,20.94,-23.511408,-46.622389,2023-12-23 17:27:00,1,722.07,santana,28.9,4.76,4.65347290039062,1.19
22.31,97,1014,,5.84,1,chuva forte,21.81,-23.507709,-46.690589,2023-11-23 07:46:00,1,720.55,freguesiadoó,8.8,5.84,4.27048397064209,5.84
24.49,84,1013,,0.0,3,nublado,21.61,-23.498796,-46.706667,2023-12-16 16:15:00,1,723.13,freguesiadoó,23.1,0.18,2.36490035057068,0.06
24.96,1,1007,,5.63,4,chuva forte,23.39,-23.5959,-46.738,2023-11-03 16:57:00,1,735.24,butantã,10.9,13.66,3.95860838890076,3.415
21.08,1,1007,,5.63,4,chuva forte,20.92,-23.6073,-46.6969,2023-11-03 16:37:00,1,723.34,pinheiros,9.2,10.62,10.4740800857544,2.655
31.39,1,1008,,0.15,3,chuva leve,27.94,-23.5971,-46.7413,2023-11-15 20:07:00,1,739.71,butantã,45.6,0.3,2.64366388320923,0.09999999999999999
22.41,1,1014,,0.0,4,chuva leve,21.91,-23.5888,-46.7284,2023-11-15 21:10:00,1,736.32,butantã,45.6,0.15,2.70389485359192,0.0375
23.11,1,1012,,0.0,3,trovoadas,18.01,-23.5321,-46.6862,2023-11-15 19:41:00,1,757.77,lapa,44.7,0.15,6.02824258804321,0.049999999999999996
22.32,1,1013,,2.79,4,chuva moderada,20.6,-23.5938,-46.6938,2023-11-19 06:03:00,1,715.36,butantã,33.9,32.16,4.05208683013916,8.04
20.59,1,1015,,2.79,4,chuva moderada,19.59,-23.5829,-46.686,2023-11-19 16:14:00,1,721.12,pinheiros,28.3,15.6,2.07442665100098,3.9
20.65,1,1015,,1.91,4,chuva moderada,19.65,-23.5849,-46.6867,2023-11-19 16:21:00,1,722.53,pinheiros,28.3,14.22,4.72177028656006,3.555
24.4,1,1011,,0.0,4,trovoada com chuva fraca,20.32,-23.5875,-46.6865,2023-11-19 22:27:00,1,722.35,pinheiros,28.3,2.98,7.16651964187622,0.745
21.91,1,1017,,0.0,4,chuva forte,21.24,-23.5704,-46.7102,2023-11-27 18:22:00,1,725.0,butantã,23.3,10.27,3.6195912361145,2.5675
25.98,1,1016,,3.91,4,chuva moderada,19.85,-23.5189,-46.6748,2023-11-27 18:14:00,1,720.04,lapa,15.0,14.18,1.46716165542603,3.545
20.94,1,1015,,0.56,4,chuva moderada,19.94,-23.5268,-46.5944,2023-10-01 13:12:00,1,722.97,butantã,49.9,2.84,4.19471979141235,0.71
23.29,1,1012,,2.94,4,chuva moderada,20.43,-23.5268,-46.5944,2023-10-01 18:09:00,1,722.97,butantã,49.9,6.17,4.19471979141235,1.5425
19.59,1,1016,,0.95,4,chuva leve,18.93,-23.5654,-46.6798,2023-10-01 03:08:00,1,740.72,pinheiros,51.6,3.32,1.03755331039429,0.83
22.15,1,1015,,0.34,4,chuva forte,21.48,-23.6073,-46.6967,2023-10-01 13:54:00,1,723.31,pinheiros,51.6,9.82,10.5670099258423,2.455
19.74,1,1010,,2.04,4,chuva moderada,19.41,-23.5099,-46.6893,2023-10-05 08:12:00,1,720.1,lapa,29.3,6.05,2.36490035057068,1.5125
18.95,1,1010,,1.34,4,chuva moderada,18.79,-23.541,-46.6701,2023-10-05 09:03:00,1,804.08,lapa,29.3,3.31,2.38750553131104,0.8275
22.8,1,1011,,0.0,0,algumas nuvens,20.34,-23.5849,-46.6863,2023-10-05 11:09:00,1,726.7,pinheiros,32.8,0.0,7.56682729721069,0.0
23.5,1,1012,,0.32,4,chuva leve,21.4,-23.6007,-46.7501,2023-10-07 19:00:00,1,733.47,butantã,33.0,0.76,4.72177028656006,0.19
20.31,1,1011,,0.0,3,trovoadas,19.48,-23.5627,-46.6584,2023-10-12 21:29:00,1,809.63,pinheiros,17.7,1.99,7.88643884658813,0.6633333333333333
19.73,1,1018,,0.47,4,chuva leve,18.39,-23.5113,-46.6881,2023-10-17 06:58:00,1,719.68,lapa,11.4,1.07,2.96876573562622,0.2675
18.72,1,1011,,1.02,4,chuva moderada,18.4,-23.6073,-46.696,2023-10-27 21:19:00,1,724.46,pinheiros,23.2,2.18,9.25758934020996,0.545
22.25,1,1010,,1.78,4,chuva moderada,21.75,-23.5687,-46.6658,2023-10-29 19:53:00,1,748.94,pinheiros,17.1,8.64,11.1711111068726,2.16
21.72,1,1011,,1.02,4,chuva moderada,20.01,-23.5973,-46.6967,2023-10-31 14:39:00,1,725.26,butantã,15.6,3.12,3.6195912361145,0.78
22.92,1,1011,,26.54,4,chuva muito forte,21.37,-23.5711,-46.6656,2023-10-31 14:35:00,1,743.94,pinheiros,12.6,54.16,1.46716165542603,13.54
21.76,1,1011,,26.54,4,chuva muito forte,20.23,-23.588,-46.6681,2023-10-31 14:36:00,1,744.04,pinheiros,12.6,54.16,3.82105112075806,13.54
25.03,1,1010,,0.52,4,chuva leve,20.72,-23.6044,-46.6689,2023-10-31 17:05:00,1,741.73,pinheiros,12.6,3.02,5.96631669998169,0.755
21.77,1,1011,,26.54,4,chuva muito forte,20.24,-23.588,-46.6686,2023-10-31 14:36:00,1,742.19,pinheiros,12.6,54.16,4.40595388412476,13.54
19.86,90,1010,,15.24,4,chuva forte,18.17,-23.6072,-46.6972,2023-01-04 16:41:00,1,722.62,santoamaro,29.4,16.76,8.22488880157471,4.19
22.8,86,1014,,4.41,4,chuva forte,20.34,-23.6072,-46.6972,2023-01-10 15:35:00,1,722.62,santoamaro,9.8,8.7,8.22488880157471,2.175
20.51,89,1014,,20.45,4,chuva muito forte,18.63,-23.6008,-46.7186,2023-01-10 16:11:00,1,747.1,santoamaro,9.8,26.99,1.67271196842194,6.7475
20.38,89,1012,,0.25,4,chuva leve,18.51,-23.6072,-46.6972,2023-01-14 02:22:00,1,722.62,santoamaro,4.1,19.56,8.22488880157471,4.89
25.32,80,1014,,2.17,4,chuva moderada,21.62,-23.6756,-46.7344,2023-01-15 17:11:00,1,749.78,m'boimirim,19.8,2.86,16.3147220611572,0.715
21.42,88,1013,,1.87,3,chuva moderada,19.35,-23.6243,-46.6942,2023-01-15 17:23:00,1,726.12,santoamaro,37.7,6.3,2.56114077568054,2.1
21.24,89,1014,,2.82,4,chuva moderada,19.35,-23.6072,-46.6972,2023-01-15 18:04:00,1,722.62,santoamaro,37.7,9.12,8.22488880157471,2.28
23.95,94,1010,,0.13,4,chuva leve,22.92,-23.6826,-46.6905,2023-01-29 17:15:00,1,725.31,santoamaro,20.1,0.39,1.96805989742279,0.0975
22.45,80,1011,,0.21,4,chuva leve,18.83,-23.6072,-46.6972,2023-01-29 17:29:00,1,722.62,santoamaro,20.1,0.75,8.22488880157471,0.1875
21.5,90,1014,,1.02,4,trovoada com chuva forte,19.79,-23.665,-46.7196,2023-01-31 20:27:00,1,724.06,capeladosocorro,16.4,2.7,4.2579517364502,0.675
26.27,66,1012,,0.55,4,chuva leve,19.41,-23.6441,-46.7297,2023-01-31 17:08:00,1,730.79,m'boimirim,20.2,0.65,6.94215965270996,0.1625
27.25,69,1012,,0.12,4,chuva leve,21.07,-23.6072,-46.6972,2023-01-31 16:59:00,1,722.62,santoamaro,23.4,0.57,8.22488880157471,0.1425
24.39,83,1015,,0.52,4,chuva leve,21.32,-23.7712,-46.6804,2023-12-08 15:31:00,1,790.62,capeladosocorro,3.1,18.41,5.62735319137573,4.6025
18.58,98,1015,,11.94,2,chuva forte,18.26,-23.6835,-46.6926,2023-12-10 22:32:00,1,723.75,santoamaro,44.9,12.05,2.64366388320923,6.025
22.27,78,1013,,0.47,4,chuva leve,18.25,-23.6639,-46.6786,2023-12-23 16:49:00,1,738.8,santoamaro,46.4,8.51,2.82047843933105,2.1275
23.35,78,1013,,0.47,4,trovoada com chuva forte,19.3,-23.6836,-46.6926,2023-12-23 16:50:00,1,723.73,santoamaro,46.4,8.51,2.64366388320923,2.1275
22.03,96,1013,,0.16,4,chuva leve,21.36,-23.6731,-46.701,2023-12-23 17:52:00,1,723.71,santoamaro,46.4,7.27,4.65347290039062,1.8175
20.25,94,1012,,42.42,4,chuva muito forte,19.25,-23.6189,-46.628,2023-12-23 17:26:00,1,746.86,vilamariana,24.6,50.59,3.66370439529419,12.6475
20.98,96,1007,,2.66,4,trovoada com chuva,20.32,-23.6573,-46.7062,2023-11-03 16:45:00,1,735.01,santoamaro,16.1,7.73,0.928036212921143,1.9325
21.78,97,1015,,0.15,4,chuva moderada,21.28,-23.6982,-46.7794,2023-11-19 13:54:00,1,839.98,m'boimirin,17.9,5.13,17.9509811401367,1.2825
20.5,93,1016,,4.06,4,chuva forte,19.33,-23.6735,-46.6995,2023-11-19 14:37:00,1,724.84,santoamaro,26.2,8.49,2.31902623176575,2.1225
24.07,82,1013,,10.35,3,chuva forte,20.81,-23.7531,-46.6811,2023-11-23 16:07:00,1,771.2,capeladosocorro,13.5,16.84,3.66370439529419,5.613333333333333
23.38,91,1014,,3.24,4,chuva moderada,21.83,-23.6444,-46.7344,2023-11-23 16:40:00,1,737.7,m'boimirin,7.7,20.08,7.88643884658813,5.02
25.66,89,1013,,10.35,3,chuva forte,23.71,-23.6759,-46.7489,2023-11-23 15:47:00,1,750.29,m'boimirin,7.7,16.84,2.31902623176575,5.613333333333333
26.03,92,1013,,10.35,3,chuva forte,24.63,-23.6753,-46.7485,2023-11-23 15:40:00,1,749.82,m'boimirin,7.7,16.84,2.80138683319092,5.613333333333333
21.5,94,1014,,5.84,1,trovoada com chuva,20.49,-23.6265,-46.6875,2023-11-23 07:56:00,1,727.82,santoamaro,16.3,5.84,0.464048534631729,5.84
27.52,80,1012,,6.27,2,chuva forte,23.76,-23.6581,-46.7024,2023-11-23 15:22:00,1,735.34,santoamaro,16.3,6.49,0.733701109886169,3.245
27.51,80,1012,,6.27,2,chuva forte,23.75,-23.6754,-46.6997,2023-11-23 15:22:00,1,723.26,santoamaro,16.3,6.49,1.03755331039429,3.245
21.87,92,1014,,29.59,1,chuva muito forte,20.51,-23.6019,-46.6608,2023-11-23 07:37:00,1,751.04,vilamariana,11.6,29.59,8.17378044128418,29.59
21.34,94,1014,,10.67,1,chuva forte,20.33,-23.6055,-46.6643,2023-11-23 07:39:00,1,746.64,vilamariana,11.6,10.67,4.86640167236328,10.67
21.24,89,1017,,5.67,4,chuva forte,19.53,-23.5844,-46.6535,2023-11-27 16:44:00,1,751.7,vilamariana,15.3,11.39,3.48386597633362,2.8475
20.19,90,1014,,10.92,1,trovoada com chuva,18.5,-23.6261,-46.6874,2023-11-28 21:10:00,1,727.86,santoamaro,19.0,10.92,2.64366388320923,10.92
27.28,67,1010,,0.22,4,chuva leve,20.62,-23.6838,-46.6926,2023-11-29 15:41:00,1,724.09,santoamaro,15.7,3.13,3.6195912361145,0.7825
22.39,90,1012,,1.77,1,chuva moderada,20.67,-23.6615,-46.6794,2023-11-29 18:55:00,1,743.19,santoamaro,15.7,1.77,8.14809894561768,1.77
22.52,90,1012,,1.77,1,chuva moderada,20.8,-23.6632,-46.7077,2023-11-29 18:00:00,1,723.94,santoamaro,15.7,1.77,1.18295407295227,1.77
22.54,90,1012,,1.77,1,chuva moderada,20.82,-23.6732,-46.7016,2023-11-29 19:19:00,1,724.55,santoamaro,15.7,1.77,0.928036212921143,1.77
26.3,69,1011,,2.77,2,chava moderada,20.16,-23.6294,-46.6352,2023-11-29 14:26:00,1,758.75,vilamariana,5.1,2.91,8.76636219024658,1.455
22.46,90,1015,,0.31,4,chuva fraca,20.74,-23.53685,-46.456781,2024-11-02 15:39:00,1,744.08,itaquera,37.9,0.89,1.7665228843689,0.2225
22.71,83,1016,,1.11,4,chuva moderada,19.67,-23.506032,-46.456596,2024-11-04 12:26:00,1,734.24,sãomiguelpaulista,11.1,3.49,3.2449369430542,0.8725
21.17,94,1012,,5.35,4,trovoada com chuva,20.17,-23.541286,-46.53832,2024-11-06 17:47:00,1,728.39,aricanduva/vilaformosa,15.8,9.17,2.07442665100098,2.2925
23.49,84,1012,,0.23,4,trovoada com chuva fraca,20.63,-23.525248,-46.444783,2024-11-06 15:52:00,1,778.5,itaquera,24.3,11.46,3.48386597633362,2.865
21.99,94,1012,,5.35,4,trovoada com chuva fraca,20.98,-23.553454,-46.446351,2024-11-06 18:01:00,1,753.8,itaquera,24.3,9.17,2.93240189552307,2.2925
24.34,78,1012,,2.82,4,chuva moderada,20.26,-23.494024,-46.419701,2024-11-06 14:55:00,1,740.02,itaimpaulista,32.3,11.83,1.64024698734283,2.9575
21.35,91,1011,,0.77,4,trovoada com chuva,19.82,-23.551485,-46.577669,2024-11-06 16:50:00,1,732.05,mooca,21.4,8.6,2.10017395019531,2.15
21.42,94,1012,,5.35,4,trovoada com chuva fraca,20.41,-23.532766,-46.521886,2024-11-06 17:51:00,1,738.9,penha,24.3,9.17,3.66370439529419,2.2925
18.1,94,1009,,4.18,4,chuva de intensidade forte,17.12,-23.524518,-46.557221,2024-11-08 15:42:00,1,722.78,aricanduva/vilaformosa,27.5,24.01,1.39190220832825,6.0025
18.0,94,1013,,0.32,4,chuva fraca,17.02,-23.524518,-46.557221,2024-11-08 20:37:00,1,722.78,aricanduva/vilaformosa,27.5,2.88,1.39190220832825,0.72
21.49,83,1009,,0.57,4,chuva fraca,18.48,-23.56509,-46.418858,2024-11-08 07:27:00,1,777.2,cidadetiradentes,35.0,4.04,9.16159152984619,1.01
22.11,88,1009,,0.46,4,chuva fraca,20.03,-23.56621,-46.442022,2024-11-08 07:45:00,1,769.43,itaquera,38.1,3.66,2.10017395019531,0.915
18.36,95,1009,,4.18,4,chuva de intensidade forte,17.55,-23.552479,-46.577326,2024-11-08 16:24:00,1,732.05,mooca,37.2,24.01,2.2001416683197,6.0025
17.98,94,1012,,0.73,4,chuva fraca,17.0,-23.527923,-46.553178,2024-11-08 20:03:00,1,728.7,penha,31.4,4.87,6.28653144836426,1.2175
22.79,89,1012,,2.76,4,névoa,20.88,-23.530647,-46.553741,2024-12-05 18:11:00,1,725.89,aricanduva/vilaformosa,3.4,6.13,0.656249403953552,1.5325
21.02,98,1015,,1.02,4,chuva moderada,20.69,-23.636592,-46.594274,2024-12-05 20:42:00,1,752.98,itaquera,5.6,34.15,2.31902623176575,8.5375
23.45,85,1012,,2.76,4,chuva moderada,20.78,-23.526742,-46.555941,2024-12-05 17:47:00,1,723.06,mooca,12.6,6.13,2.29574394226074,1.5325
21.63,88,1012,,0.56,4,chuva fraca,19.56,-23.593851,-46.444189,2024-12-10 07:26:00,1,775.44,sãomateus,15.2,1.84,8.37624073028564,0.46
21.63,88,1012,,0.56,4,chuva fraca,19.56,-23.594033,-46.444234,2024-12-10 07:26:00,1,777.39,sãomateus,15.2,1.84,5.96631669998169,0.46
19.97,90,1011,,3.18,4,chuva moderada,18.28,-23.556251,-46.516767,2024-12-20 18:10:00,1,734.31,aricanduva/vilaformosa,24.1,17.23,2.93240189552307,4.3075
23.47,83,1011,,4.81,4,trovoada com chuva fraca,20.42,-23.54266,-46.458748,2024-12-20 17:05:00,1,747.32,itaquera,54.0,14.31,3.09265065193176,3.5775
23.44,83,1011,,4.81,4,trovoada com chuva fraca,20.39,-23.553475,-46.446381,2024-12-20 17:28:00,1,754.12,itaquera,54.0,14.31,5.27611875534058,3.5775
22.15,83,1011,,3.18,4,trovoada com chuva fraca,19.13,-23.537374,-46.456832,2024-12-20 17:30:00,1,745.26,itaquera,54.0,17.23,2.82047843933105,4.3075
22.23,88,1011,,3.18,4,trovoada com chuva fraca,20.15,-23.515998,-46.454939,2024-12-20 17:41:00,1,737.38,itaquera,54.0,17.23,5.56083726882935,4.3075
21.97,88,1011,,3.18,4,chuva moderada,19.89,-23.517381,-46.476211,2024-12-20 17:42:00,1,787.29,itaquera,54.0,17.23,3.48386597633362,4.3075
22.21,88,1011,,3.18,4,trovoada com chuva fraca,20.13,-23.534071,-46.452239,2024-12-20 17:43:00,1,746.48,itaquera,54.0,17.23,3.27780985832214,4.3075
21.58,88,1011,,3.18,4,chuva moderada,19.51,-23.543282,-46.473338,2024-12-20 17:47:00,1,768.97,itaquera,54.0,17.23,0.733701109886169,4.3075
19.9,88,1011,,3.18,4,chuva moderada,17.85,-23.542755,-46.606665,2024-12-20 17:50:00,1,732.14,itaquera,54.0,17.23,1.35270059108734,4.3075
21.97,88,1011,,3.18,4,trovoada com chuva fraca,19.89,-23.535309,-46.436918,2024-12-20 17:55:00,1,774.23,itaquera,54.0,17.23,8.52475452423096,4.3075
20.25,92,1011,,3.18,4,chuva moderada,18.91,-23.581537,-46.489899,2024-12-20 18:05:00,1,744.95,itaquera,54.0,17.23,5.56083726882935,4.3075
22.2,88,1011,,3.18,4,trovoada com chuva fraca,20.12,-23.530765,-46.456802,2024-12-20 18:05:00,1,742.93,itaquera,54.0,17.23,3.02248573303223,4.3075
21.75,88,1011,,3.18,4,trovoada com chuva fraca,19.67,-23.556169,-46.466454,2024-12-20 18:05:00,1,760.54,itaquera,54.0,17.23,2.38750553131104,4.3075
22.21,88,1011,,3.18,4,trovoada com chuva fraca,20.13,-23.532438,-46.4543,2024-12-20 18:05:00,1,742.15,itaquera,54.0,17.23,2.82047843933105,4.3075
27.22,66,1008,,0.26,3,chuva fraca,20.32,-23.493926,-46.419895,2024-12-20 14:08:00,1,739.88,itaimpaulista,43.2,0.66,2.70389485359192,0.22
20.52,86,1011,,4.81,4,trovoada com chuva forte,18.1,-23.544727,-46.59478,2024-12-20 17:08:00,1,740.23,mooca,28.0,14.31,1.03755331039429,3.5775
19.57,85,1011,,4.81,4,trovoada com chuva forte,16.98,-23.544177,-46.483652,2024-12-20 17:29:00,1,784.82,penha,37.1,14.31,0.928036212921143,3.5775
19.9,90,1011,,3.18,4,chuva moderada,18.21,-23.533231,-46.520574,2024-12-20 17:39:00,1,738.98,penha,37.1,17.23,2.62327790260315,4.3075
22.04,88,1011,,3.18,4,chuva moderada,19.96,-23.507148,-46.486283,2024-12-20 17:59:00,1,776.04,penha,37.1,17.23,3.54483652114868,4.3075
21.91,88,1011,,3.18,4,trovoada com chuva fraca,19.83,-23.546181,-46.435525,2024-12-20 18:05:00,1,782.08,penha,37.1,17.23,10.0827884674072,4.3075
19.82,89,1011,,3.18,4,chuva moderada,17.95,-23.515447,-46.519502,2024-12-20 18:05:00,1,740.33,penha,37.1,17.23,3.94507098197937,4.3075
19.88,89,1011,,3.18,4,chuva moderada,18.01,-23.558941,-46.568953,2024-12-20 18:05:00,1,736.53,penha,37.1,17.23,1.46716165542603,4.3075
20.65,87,1012,,3.42,4,chuva moderada,18.41,-23.535806,-46.492293,2024-12-20 18:38:00,1,785.92,penha,37.1,17.48,2.29574394226074,4.37
24.96,73,1012,,7.89,4,chuva de intensidade forte,19.79,-23.525904,-46.430584,2024-12-21 14:30:00,1,743.77,guaianases,37.6,16.34,3.37449097633362,4.085
24.96,73,1012,,7.89,4,chuva de intensidade forte,19.79,-23.523758,-46.429626,2024-12-21 14:30:00,1,741.0,guaianases,37.6,16.34,1.35270059108734,4.085
25.68,70,1011,,5.69,4,chuva de intensidade forte,19.8,-23.541983,-46.458095,2024-12-21 14:25:00,1,748.46,itaquera,60.1,9.09,3.02248573303223,2.2725
25.67,70,1011,,5.69,4,chuva de intensidade forte,19.79,-23.537071,-46.45691,2024-12-21 14:28:00,1,744.55,itaquera,60.1,9.09,1.35270059108734,2.2725
24.57,73,1012,,7.89,4,chuva de intensidade forte,19.41,-23.573335,-46.445875,2024-12-21 14:30:00,1,778.99,itaquera,60.1,16.34,3.95860838890076,4.085
24.72,73,1012,,7.89,4,chuva de intensidade forte,19.56,-23.536188,-46.43809,2024-12-21 14:30:00,1,769.94,itaquera,60.1,16.34,3.09265065193176,4.085
21.85,91,1011,,2.46,4,chuva moderada,20.31,-23.544544,-46.593829,2024-12-21 16:18:00,1,740.59,mooca,59.5,17.96,5.3263201713562,4.49
21.44,93,1014,,1.78,4,chuva moderada,20.26,-23.522339,-46.625227,2024-12-21 18:49:00,1,721.75,mooca,59.5,42.56,3.09265065193176,10.64
25.88,70,1012,,7.89,4,chuva de intensidade forte,19.99,-23.515585,-46.529636,2024-12-21 14:30:00,1,747.81,penha,83.4,16.34,3.83503150939941,4.085
25.88,71,1012,,7.89,4,chuva de intensidade forte,20.22,-23.528966,-46.515448,2024-12-21 14:30:00,1,743.0,penha,83.4,16.34,5.71170616149902,4.085
20.32,97,1012,,7.89,4,névoa,19.83,-23.514667,-46.52078,2024-12-21 15:15:00,1,739.31,penha,83.4,16.34,3.48386597633362,4.085
25.0,76,1012,,7.89,4,chuva de intensidade forte,20.48,-23.577111,-46.584349,2024-12-21 14:30:00,1,744.05,vilaprudente,14.1,16.34,2.10017395019531,4.085
21.93,90,1011,,0.1,4,trovoada,20.21,-23.542508,-46.482715,2024-12-25 19:25:00,1,782.39,ermelinomatarazzo,25.7,3.74,3.95860838890076,0.935
22.76,88,1010,,0.63,4,trovoada com chuva fraca,20.67,-23.551994,-46.474712,2024-12-25 18:03:00,1,812.96,itaquera,24.9,4.05,5.64620971679688,1.0125
22.15,91,1011,,0.1,4,trovoada,20.61,-23.536919,-46.456835,2024-12-25 18:42:00,1,744.27,itaquera,24.9,3.74,1.35270059108734,0.935
20.98,91,1011,,0.1,4,trovoada,19.45,-23.581688,-46.490966,2024-12-25 18:50:00,1,745.24,itaquera,24.9,3.74,6.7960786819458,0.935
22.32,93,1010,,0.63,4,trovoada com chuva forte,21.13,-23.544624,-46.59426,2024-12-25 17:43:00,1,740.8,mooca,25.8,4.05,3.22837400436401,1.0125
19.94,94,1010,,0.63,4,trovoada com chuva fraca,18.95,-23.543179,-46.593312,2024-12-25 17:45:00,1,743.2,mooca,25.8,4.05,1.03755331039429,1.0125
19.71,94,1010,,0.63,4,trovoada com chuva fraca,18.72,-23.547077,-46.560618,2024-12-25 18:00:00,1,758.45,mooca,25.8,4.05,3.10994267463684,1.0125
19.71,94,1010,,0.63,4,trovoada com chuva fraca,18.72,-23.546691,-46.560904,2024-12-25 18:00:00,1,759.56,mooca,25.8,4.05,3.27780985832214,1.0125
23.14,83,1010,,0.63,4,trovoada com chuva fraca,20.09,-23.528046,-46.553178,2024-12-25 17:38:00,1,729.87,penha,29.2,4.05,6.28653144836426,1.0125
19.73,94,1010,,0.63,4,trovoada com chuva fraca,18.74,-23.527891,-46.511185,2024-12-25 17:59:00,1,748.02,penha,29.2,4.05,4.27048397064209,1.0125
19.84,94,1010,,0.63,4,trovoada com chuva fraca,18.85,-23.53148,-46.520862,2024-12-25 18:07:00,1,738.21,penha,29.2,4.05,2.56114077568054,1.0125
19.81,94,1010,,0.63,4,trovoada com chuva fraca,18.82,-23.51472,-46.520703,2024-12-25 18:12:00,1,739.44,penha,29.2,4.05,3.48386597633362,1.0125
22.97,85,1011,,1.2,4,chuva moderada,20.31,-23.535388,-46.54893,2024-12-26 12:02:00,1,728.17,aricanduva/vilaformosa,41.2,9.26,4.63047933578491,2.315
21.09,94,1011,,0.79,4,chuva fraca,20.09,-23.534432,-46.434341,2024-12-26 07:16:00,1,759.43,itaquera,44.3,3.66,8.68862152099609,0.915
21.15,94,1011,,0.79,4,chuva fraca,20.15,-23.541531,-46.457623,2024-12-26 07:24:00,1,746.84,itaquera,44.3,3.66,0.464048534631729,0.915
20.08,94,1011,,0.61,4,névoa,19.08,-23.525109,-46.557067,2024-12-26 05:56:00,1,721.84,mooca,45.9,5.26,1.99518501758575,1.315
21.01,96,1011,,0.9,4,chuva fraca,20.35,-23.5373,-46.617697,2024-12-26 07:52:00,1,726.14,mooca,45.9,7.06,6.24424839019775,1.765
20.99,95,1011,,1.78,4,chuva moderada,20.16,-23.537245,-46.613956,2024-12-26 08:06:00,1,728.78,mooca,45.9,8.95,1.7665228843689,2.2375
21.8,90,1013,,0.12,4,chuva fraca,20.09,-23.539952,-46.611278,2024-12-27 08:01:00,1,729.16,mooca,11.8,0.51,1.46716165542603,0.1275
21.95,89,1013,,0.12,4,chuva fraca,20.05,-23.52855,-46.553179,2024-12-27 07:44:00,1,729.45,penha,31.5,0.51,3.7360565662384,0.1275
21.96,89,1013,,0.12,4,chuva fraca,20.06,-23.525734,-46.552578,2024-12-27 07:53:00,1,730.66,penha,31.5,0.51,7.83970355987549,0.1275
22.89,86,1013,,0.21,4,chuva fraca,20.42,-23.529452,-46.553554,2024-12-27 08:40:00,1,725.94,penha,31.5,0.45,2.56114077568054,0.1125
20.99,83,1012,,0.13,4,trovoada com chuva fraca,17.99,-23.50703,-46.603548,2024-01-09 17:33:00,1,725.7,vilamaria/vilaguilherme,28.8,2.03,0.464048534631729,0.5075
21.87,96,1019,,0.22,4,chuva forte,21.2,-23.50703,-46.603548,2024-02-14 00:05:00,1,725.7,vilamaria/vilaguilherme,18.9,2.41,0.464048534631729,0.6025
21.38,95,1013,,12.45,4,chuva forte,20.55,-23.508373,-46.611794,2024-01-12 18:40:00,1,722.37,vilamaria/vilaguilherme,59.6,13.12,4.56079053878784,3.28
21.96,95,1016,,0.0,0,chuva leve,21.12,-23.472208,-46.571746,2024-01-10 21:55:00,1,731.54,vilamaria/vilaguilherme,32.0,0.0,1.35270059108734,0.0
21.47,96,1013,,0.14,4,chuva leve,20.81,-23.472711,-46.571596,2024-01-12 19:07:00,1,731.83,vilamaria/vilaguilherme,59.6,0.81,0.656249403953552,0.2025
21.7,90,1019,,0.64,3,trovoada com chuva forte,19.99,-23.472711,-46.571596,2024-02-13 23:03:00,1,731.83,vilamaria/vilaguilherme,42.2,2.19,0.656249403953552,0.73
24.22,92,1013,,39.37,3,trovoada com chuva fraca,22.84,-23.487212,-46.714751,2024-01-10 18:45:00,1,731.85,pirituba/jaraguá,25.5,41.45,3.9314866065979,13.816666666666668
22.86,93,1013,,0.0,3,trovoada com chuva fraca,21.67,-23.498451,-46.706975,2024-01-10 18:56:00,1,724.27,pirituba/jaraguá,25.5,2.08,1.7665228843689,0.6933333333333334
17.83,94,1017,,1.15,4,chuva moderada,16.85,-23.431523,-46.718818,2024-01-23 10:02:00,1,824.76,pirituba/jaraguá,22.2,5.42,8.549241065979,1.355
18.97,88,1020,,0.36,3,chuva leve,16.94,-23.50412,-46.624474,2024-02-02 13:47:00,1,724.13,santana,11.8,1.64,1.18295407295227,0.5466666666666666
21.81,95,1017,,0.11,4,chuva leve,20.97,-23.526522,-46.598701,2024-02-14 02:30:00,1,714.58,santana,25.4,0.52,5.12249660491943,0.13
21.66,95,1016,,11.94,1,trovoada com chuva,20.82,-23.511408,-46.622389,2024-01-10 21:57:00,1,722.07,santana,36.8,11.94,4.65347290039062,11.94
21.48,95,1013,,17.78,4,chuva muito forte,20.65,-23.511408,-46.622389,2024-01-12 18:35:00,1,722.07,santana,62.2,18.45,4.65347290039062,4.6125
27.64,78,1010,,1.75,3,chuva moderada,23.45,-23.513356,-46.629275,2024-01-08 16:25:00,1,723.04,santana,19.3,3.29,5.27611875534058,1.0966666666666667
21.17,83,1010,,0.21,4,névoa,18.17,-23.514953,-46.641167,2024-01-08 16:35:00,1,720.03,santana,19.3,3.5,3.66370439529419,0.875
22.44,95,1016,,0.0,2,trovoada com chuva,21.6,-23.514953,-46.641167,2024-01-10 22:30:00,1,720.03,santana,36.8,30.48,3.66370439529419,15.24
21.89,94,1016,,0.0,0,trovoada com chuva forte,20.88,-23.503748,-46.648866,2024-01-10 21:37:00,1,748.9,santana,36.8,0.0,12.1451139450073,0.0
21.31,94,1016,,0.0,0,trovoada com chuva forte,20.3,-23.501223,-46.683717,2024-01-10 21:40:00,1,722.4,freguesiadoó,23.7,0.0,1.64024698734283,0.0
18.96,94,1011,,1.17,4,chuva moderada,17.97,-23.50471,-46.675745,2024-02-18 16:22:00,1,721.6,freguesiadoó,7.6,6.59,0.328135460615158,1.6475
28.77,66,1010,,1.75,3,chuva moderada,21.79,-23.499071,-46.68373,2024-01-08 16:19:00,1,732.84,casaverde,25.9,3.29,4.30785942077637,1.0966666666666667
24.05,92,1013,,39.37,3,trovoada com chuva fraca,22.67,-23.499071,-46.68373,2024-01-10 18:46:00,1,732.84,casaverde,26.5,41.45,4.30785942077637,13.816666666666668
21.1,95,1009,,16.76,4,chuva muito forte,20.27,-23.499071,-46.68373,2024-02-21 18:02:00,1,732.84,casaverde,18.6,60.17,4.30785942077637,15.0425
26.04,83,1010,,0.21,4,chuva leve,22.93,-23.511279,-46.668402,2024-01-08 16:34:00,1,723.58,casaverde,25.9,3.5,2.38750553131104,0.875
22.99,94,1013,,0.0,3,trovoada com chuva fraca,21.97,-23.502448,-46.685965,2024-01-10 19:09:00,1,721.33,casaverde,26.5,2.08,1.18295407295227,0.6933333333333334
21.96,95,1019,,5.84,4,chuva forte,21.12,-23.502448,-46.685965,2024-02-14 00:21:00,1,721.33,casaverde,28.5,11.42,1.18295407295227,2.855
21.93,94,1016,,0.0,0,trovoada com chuva forte,20.92,-23.505935,-46.676012,2024-01-10 21:37:00,1,719.93,casaverde,26.5,0.0,3.10994267463684,0.0
21.41,95,1016,,0.0,4,trovoada com chuva,20.58,-23.515056,-46.653688,2024-01-10 21:45:00,1,723.4,casaverde,26.5,39.37,8.88455104827881,9.8425
21.41,97,1013,,0.0,0,algumas nuvens,20.91,-23.515056,-46.653688,2024-01-11 05:25:00,1,723.4,casaverde,0.8,0.0,8.88455104827881,0.0
21.37,96,1016,,10.67,1,trovoada com chuva,20.71,-23.504779,-46.675718,2024-01-10 22:02:00,1,721.35,casaverde,26.5,10.67,0.328135460615158,10.67
22.47,95,1016,,0.0,2,trovoada com chuva,21.63,-23.508762,-46.666175,2024-01-10 22:29:00,1,721.11,casaverde,26.5,5.84,0.328135460615158,2.92
24.0,73,1014,,0.0,0,céu limpo,18.86,-23.515824,-46.652132,2024-01-11 06:59:00,1,720.76,casaverde,0.8,0.0,5.62735319137573,0.0
23.16,94,1015,,3.21,3,chuva forte,22.14,-23.483996,-46.716305,2024-11-02 14:52:00,1,735.56,pirituba/jaraguá,37.5,3.77,0.984320282936096,1.2566666666666666
23.11,94,1015,,3.21,3,chuva forte,22.09,-23.498396,-46.707066,2024-11-02 14:56:00,1,725.16,pirituba/jaraguá,37.5,3.77,1.7665228843689,1.2566666666666666
20.1,95,1016,,0.68,4,chuva leve,19.27,-23.495352,-46.610915,2024-11-03 09:12:00,1,737.39,santana,8.5,2.97,2.56114077568054,0.7425
22.93,86,1011,,0.25,4,chuva leve,20.46,-23.498921,-46.683761,2024-11-06 16:25:00,1,734.79,casaverde,19.5,4.33,8.45084285736084,1.0825
23.02,87,1011,,2.91,4,chuva moderada,20.74,-23.50386,-46.683083,2024-11-06 16:30:00,1,727.8,casaverde,19.5,7.25,6.98763132095337,1.8125
22.91,86,1011,,0.25,4,chuva leve,20.44,-23.481944,-46.676904,2024-11-06 16:28:00,1,730.72,freguesiadoó,24.8,4.33,1.18295407295227,1.0825
21.36,92,1011,,2.91,4,chuva moderada,20.01,-23.501357,-46.690638,2024-11-06 16:46:00,1,744.8,freguesiadoó,24.8,8.25,11.4956245422363,2.0625
22.84,84,1011,,0.77,4,chuva leve,19.99,-23.460909,-46.603736,2024-11-06 16:30:00,1,749.74,jaçanã/tremembé,11.7,11.42,0.733701109886169,2.855
21.29,92,1011,,0.77,4,chuva leve,19.94,-23.473534,-46.573829,2024-11-06 17:12:00,1,733.65,vilamaria/vilaguilherme,25.3,11.42,2.56114077568054,2.855
21.97,92,1011,,2.91,4,chuva moderada,20.61,-23.497819,-46.747051,2024-11-06 16:34:00,1,731.8,pirituba/jaraguá,44.0,6.72,3.22837400436401,1.68
21.45,96,1012,,2.79,3,chuva moderada,20.79,-23.470465,-46.735021,2024-11-06 18:04:00,1,745.63,pirituba/jaraguá,44.0,16.76,8.796067237854,5.586666666666667
24.86,87,1011,,0.25,4,chuva leve,22.55,-23.406803,-46.760371,2024-11-06 15:52:00,1,748.87,perus,55.6,5.11,5.17422199249268,1.2775
22.77,94,1011,,0.25,4,chuva leve,21.75,-23.431901,-46.800613,2024-11-06 16:25:00,1,746.35,perus,55.6,5.11,8.30723285675049,1.2775
24.84,86,1011,,0.25,4,chuva leve,22.34,-23.40677,-46.750923,2024-11-06 16:25:00,1,736.89,perus,55.6,5.11,3.37449097633362,1.2775
24.43,96,1011,,2.91,4,chuva moderada,23.75,-23.405731,-46.764516,2024-11-06 16:46:00,1,730.72,perus,55.6,7.5,3.29412221908569,1.875
23.01,97,1012,,0.4,4,chuva leve,22.51,-23.405545,-46.751341,2024-11-06 17:53:00,1,737.67,perus,55.6,4.34,1.7665228843689,1.085
21.64,92,1010,,5.84,4,chuva forte,20.28,-23.46031,-46.721633,2024-11-08 11:16:00,1,831.44,pirituba/jaraguá,57.0,7.22,12.3435955047607,1.805
21.93,94,1010,,0.15,4,chuva leve,20.92,-23.557177,-46.618385,2024-11-08 09:47:00,1,725.63,santana,44.6,1.37,4.86640167236328,0.3425
25.6,68,1013,,0.12,4,chuva leve,19.26,-23.4068,-46.750923,2024-11-15 14:47:00,1,736.91,perus,9.5,0.49,3.37449097633362,0.1225
22.96,93,1012,,1.02,4,chuva moderada,21.77,-23.498901,-46.683771,2024-12-05 17:44:00,1,735.27,casaverde,28.0,9.94,8.45084285736084,2.485
21.7,94,1013,,28.7,4,chuva muito forte,20.69,-23.501133,-46.683729,2024-12-05 19:22:00,1,722.58,casaverde,28.0,39.05,1.64024698734283,9.7625
20.71,94,1012,,3.21,3,chuva moderada,19.71,-23.449506,-46.684895,2024-12-05 16:42:00,1,760.32,freguesiadoó,25.0,8.92,9.38026237487793,2.973333333333333
22.42,92,1012,,2.79,4,chuva moderada,21.06,-23.508873,-46.610991,2024-12-05 17:36:00,1,720.43,vilamaria/vilaguilherme,24.4,6.16,3.22837400436401,1.54
23.26,87,1012,,2.76,4,chuva moderada,20.97,-23.506862,-46.603716,2024-12-05 17:48:00,1,726.27,vilamaria/vilaguilherme,24.4,6.13,0.464048534631729,1.5325
20.33,91,1011,,23.88,4,chuva muito forte,18.81,-23.499039,-46.683729,2024-12-20 17:40:00,1,733.13,casaverde,26.2,38.61,4.30785942077637,9.6525
20.96,85,1012,,3.42,4,chuva moderada,18.34,-23.473593,-46.573807,2024-12-20 18:32:00,1,733.59,jaçanã/tremembé,37.3,17.48,2.56114077568054,4.37
25.95,68,1012,,7.89,4,chuvas,19.59,-23.50695,-46.603652,2024-12-21 14:30:00,1,725.87,vilamaria/vilaguilherme,49.5,16.34,0.464048534631729,4.085
19.59,99,1010,,2.79,4,chuva moderada,19.43,-23.519337,-46.631289,2024-12-27 02:31:00,1,719.97,santana,25.6,13.1,0.928036212921143,3.275
20.78,96,1012,,0.0,4,nublado,20.12,-23.534527,-46.646317,2024-12-27 06:35:00,1,743.48,santana,25.6,0.38,1.03755331039429,0.095
24.14,73,1015,,0.18,2,chuva leve,19.0,-23.5463,-46.7342,2024-11-02 14:24:00,1,716.59,butantã,28.7,0.56,4.10453462600708,0.28
19.98,88,1015,,3.21,3,chuva moderada,17.93,-23.522,-46.6714,2024-11-02 14:59:00,1,723.48,lapa,34.3,3.77,0.733701109886169,1.2566666666666666
21.88,91,1015,,3.21,3,chuva moderada,20.34,-23.5106,-46.7054,2024-11-02 15:10:00,1,722.37,lapa,34.3,3.77,3.37449097633362,1.2566666666666666
24.14,73,1015,,0.18,2,chuva leve,19.0,-23.5463,-46.7342,2024-11-02 14:24:00,1,716.59,butantã,28.7,0.56,4.10453462600708,0.28
19.98,88,1015,,3.21,3,chuva moderada,17.93,-23.522,-46.6714,2024-11-02 14:59:00,1,723.48,lapa,34.3,3.77,0.733701109886169,1.2566666666666666
21.88,91,1015,,3.21,3,chuva moderada,20.34,-23.5106,-46.7054,2024-11-02 15:10:00,1,722.37,lapa,34.3,3.77,3.37449097633362,1.2566666666666666
24.14,73,1015,,0.18,2,chuva leve,19.0,-23.5463,-46.7342,2024-11-02 14:24:00,1,716.59,butantã,28.7,0.56,4.10453462600708,0.28
19.98,88,1015,,3.21,3,chuva moderada,17.93,-23.522,-46.6714,2024-11-02 14:59:00,1,723.48,lapa,34.3,3.77,0.733701109886169,1.2566666666666666
21.88,91,1015,,3.21,3,chuva moderada,20.34,-23.5106,-46.7054,2024-11-02 15:10:00,1,722.37,lapa,34.3,3.77,3.37449097633362,1.2566666666666666
21.83,90,1015,,3.21,3,chuva moderada,20.12,-23.5193,-46.6741,2024-11-02 15:23:00,1,720.38,lapa,34.3,3.77,1.91265225410461,1.2566666666666666
21.89,96,1011,,25.02,4,chuva muito forte,21.22,-23.5704,-46.7106,2024-11-06 17:29:00,1,724.98,butantã,27.0,28.83,5.24576234817505,7.2075
21.25,96,1013,,0.38,4,chuva leve,20.59,-23.5098,-46.6899,2024-11-07 06:35:00,1,719.94,lapa,3.4,1.16,6.94215965270996,0.29
23.25,86,1009,,3.36,4,chuva moderada,20.78,-23.5701,-46.7116,2024-11-08 13:17:00,1,721.61,butantã,72.6,27.56,3.22837400436401,6.89
23.39,84,1009,,3.36,4,chuva moderada,20.53,-23.5684,-46.7101,2024-11-08 13:22:00,1,722.62,butantã,72.6,21.46,4.10453462600708,5.365
20.16,96,1008,,2.79,4,chuva moderada,19.5,-23.5112,-46.6898,2024-11-08 05:45:00,1,720.35,lapa,64.9,8.7,1.99518501758575,2.175
20.88,94,1009,,0.77,4,chuva leve,19.88,-23.5147,-46.6985,2024-11-08 07:13:00,1,720.94,lapa,64.9,5.16,4.16915416717529,1.29
21.97,94,1010,,0.2,4,chuva leve,20.96,-23.5147,-46.6985,2024-11-08 10:13:00,1,720.94,lapa,64.9,1.6,4.16915416717529,0.4
19.13,96,1009,,11.94,4,chuva forte,18.48,-23.6073,-46.6972,2024-11-08 16:02:00,1,723.07,pinheiros,61.3,27.69,8.22488880157471,6.9225
26.29,98,1011,,0.25,4,chuva leve,25.95,-23.6006,-46.7186,2024-11-28 17:20:00,1,748.62,butantã,20.5,2.05,3.27780985832214,0.5125
21.6,93,1013,,7.62,4,chuva forte,20.42,-23.6121,-46.6719,2024-11-28 20:08:00,1,744.19,pinheiros,14.9,10.89,0.733701109886169,2.7225
21.7,81,1012,,0.11,3,trovoada com chuva fraca,18.3,-23.562848,-46.559414,2025-01-02 20:17:00,1,752.17,aricanduva/vilaformosa,17.2,0.22,14.2065982818604,0.07333333333333333
23.92,69,1012,,0.11,3,trovoada,17.89,-23.544714,-46.460679,2025-01-02 20:18:00,1,755.45,itaquera,13.5,0.22,6.86567735671997,0.07333333333333333
21.82,83,1012,,0.18,4,chuva fraca,18.8,-23.544429,-46.459992,2025-01-02 21:16:00,1,760.86,itaquera,13.5,0.4,5.96631669998169,0.1
21.92,85,1012,,0.11,3,chuva fraca,19.28,-23.486744,-46.381974,2025-01-02 20:14:00,1,751.33,itaimpaulista,51.6,0.22,3.42179822921753,0.07333333333333333
21.88,80,1012,,1.02,3,trovoada com chuva fraca,18.28,-23.542711,-46.607011,2025-01-02 20:07:00,1,732.49,mooca,27.7,1.13,3.54483652114868,0.37666666666666665
21.85,78,1012,,0.11,3,trovoada com chuva fraca,17.84,-23.544683,-46.59397,2025-01-02 20:16:00,1,740.61,mooca,27.7,0.22,3.70728707313538,0.07333333333333333
26.94,62,1010,,0.0,2,nuvens dispersas,19.04,-23.528871,-46.553144,2025-01-02 19:00:00,1,727.72,penha,19.5,0.11,3.10994267463684,0.055
21.78,79,1012,,0.11,3,trovoada com chuva fraca,17.98,-23.531929,-46.533248,2025-01-02 20:25:00,1,739.79,penha,19.5,0.22,12.5747203826904,0.07333333333333333
26.0,69,1010,,0.0,2,nuvens dispersas,19.87,-23.582993,-46.573522,2025-01-02 19:00:00,1,736.13,vilaprudente,21.6,0.11,2.78216338157654,0.055
26.0,69,1010,,0.0,2,nuvens dispersas,19.87,-23.582762,-46.568247,2025-01-02 19:00:00,1,737.77,vilaprudente,21.6,0.11,1.03755331039429,0.055
28.1,60,1011,,0.13,4,chuva fraca,19.61,-23.55583,-46.517922,2025-01-03 12:11:00,1,734.8,aricanduva/vilaformosa,5.8,0.85,0.733701109886169,0.2125
29.97,51,1009,,4.49,4,chuva forte,18.74,-23.523508,-46.558573,2025-01-03 14:13:00,1,720.35,mooca,13.7,4.94,4.45417881011963,1.235
27.02,68,1011,,0.15,4,chuva leve,20.61,-23.523508,-46.558573,2025-01-03 11:29:00,1,720.35,mooca,13.7,2.13,4.45417881011963,0.5325
29.02,51,1008,,1.42,4,chuva moderada,17.86,-23.528227,-46.553178,2025-01-03 14:57:00,1,730.73,penha,6.7,6.21,2.64366388320923,1.5525
28.22,59,1011,,0.13,4,chuva fraca,19.45,-23.574703,-46.476606,2025-01-03 12:20:00,1,800.38,sãomateus,2.8,0.85,5.71170616149902,0.2125
27.95,58,1010,,2.38,3,chuva moderada,18.92,-23.52779,-46.553168,2025-01-04 13:42:00,1,728.68,penha,1.5,2.88,7.12963676452637,0.96
20.64,84,1011,,0.13,4,trovoada,17.84,-23.554805,-46.484809,2025-01-05 01:18:00,1,808.07,itaquera,2.1,3.76,11.4556169509888,0.94
20.09,88,1011,,0.13,4,trovoada com chuva,18.04,-23.536789,-46.456742,2025-01-05 01:29:00,1,743.82,itaquera,2.1,3.76,0.328135460615158,0.94
19.15,94,1010,,0.0,4,trovoada com chuva,18.16,-23.544468,-46.459885,2025-01-05 02:09:00,1,762.36,itaquera,2.1,2.78,5.96631669998169,0.695
22.26,88,1011,,0.96,2,chuva fraca,20.18,-23.562466,-46.56119,2025-01-07 13:53:00,1,754.98,aricanduva/vilaformosa,13.4,1.27,4.56079053878784,0.635
22.77,83,1011,,0.28,4,chuva fraca,19.73,-23.556618,-46.470611,2025-01-07 14:40:00,1,768.6,itaquera,26.3,1.84,1.39190220832825,0.46
22.86,83,1011,,0.28,4,chuva fraca,19.82,-23.554378,-46.464144,2025-01-07 14:40:00,1,757.12,itaquera,26.3,1.84,3.10994267463684,0.46
22.77,83,1011,,0.28,4,chuva fraca,19.73,-23.55553,-46.466175,2025-01-07 14:40:00,1,761.98,itaquera,26.3,1.84,1.64024698734283,0.46
22.98,83,1011,,0.28,4,chuva fraca,19.94,-23.541324,-46.457397,2025-01-07 14:40:00,1,746.46,itaquera,26.3,1.84,1.35270059108734,0.46
22.98,83,1011,,0.28,4,chuva fraca,19.94,-23.536805,-46.456802,2025-01-07 14:40:00,1,744.24,itaquera,26.3,1.84,0.328135460615158,0.46
19.96,88,1013,,0.0,0,nublado,17.91,-23.529314,-46.55335,2025-01-08 07:18:00,1,727.13,penha,4.3,0.0,2.38750553131104,0.0
21.93,95,1015,,0.0,4,trovoada com chuva,21.09,-23.539675,-46.610134,2025-01-16 21:29:00,1,730.08,ermelinomatarazzo,17.1,3.93,5.96631669998169,0.9825
21.95,95,1015,,0.0,4,trovoada com chuva,21.11,-23.528832,-46.553176,2025-01-16 21:27:00,1,727.94,penha,21.2,0.37,3.10994267463684,0.0925
30.54,53,1014,,0.0,0,nublado,19.88,-23.554869,-46.517633,2025-01-18 12:48:00,1,733.2,aricanduva/vilaformosa,0.1,0.0,1.31232666969299,0.0
26.79,74,1013,,0.0,0,nuvens dispersas,21.77,-23.541324,-46.457419,2025-01-19 12:00:00,1,746.44,itaquera,2.8,0.0,1.35270059108734,0.0
28.98,61,1015,,0.0,4,nublado,20.7,-23.539388,-46.451982,2025-01-22 17:20:00,1,758.21,itaquera,2.8,0.73,8.30723285675049,0.1825
23.98,78,1015,,0.0,4,trovoada com chuva,19.91,-23.541285,-46.457376,2025-01-22 18:23:00,1,746.51,itaquera,2.8,0.51,1.35270059108734,0.1275
19.47,94,1015,,0.28,4,trovoada com chuva fraca,18.48,-23.562457,-46.557867,2025-01-24 16:44:00,1,756.72,aricanduva/vilaformosa,31.2,1.32,5.56083726882935,0.33
18.95,94,1015,,0.28,4,trovoada com chuva fraca,17.96,-23.536106,-46.553603,2025-01-24 17:12:00,1,727.75,aricanduva/vilaformosa,31.2,1.32,3.27780985832214,0.33
19.98,100,1014,,0.34,4,trovoada com chuva fraca,19.98,-23.541342,-46.457405,2025-01-24 16:08:00,1,746.41,itaquera,33.1,1.18,1.35270059108734,0.295
19.95,100,1015,,0.28,4,chuva fraca,19.95,-23.536233,-46.453431,2025-01-24 16:30:00,1,747.18,itaquera,33.1,1.32,3.6195912361145,0.33
19.97,100,1015,,0.28,4,chuva fraca,19.97,-23.536933,-46.456781,2025-01-24 16:44:00,1,744.13,itaquera,33.1,1.32,1.7665228843689,0.33
20.58,83,1014,,0.34,4,trovoada com chuva forte,17.59,-23.544594,-46.593787,2025-01-24 16:07:00,1,740.52,mooca,52.4,1.18,3.70728707313538,0.295
21.01,82,1014,,0.34,4,trovoada com chuva forte,17.82,-23.54771,-46.602503,2025-01-24 16:08:00,1,735.51,mooca,52.4,1.18,2.82047843933105,0.295
19.73,94,1015,,0.28,4,trovoada com chuva fraca,18.74,-23.55856,-46.590087,2025-01-24 16:51:00,1,762.51,mooca,52.4,1.32,4.86640167236328,0.33
21.27,90,1015,,0.0,4,chuva fraca,19.56,-23.551864,-46.577671,2025-01-24 19:12:00,1,731.77,mooca,52.4,0.62,1.18295407295227,0.155
19.36,96,1015,,0.28,4,chuva fraca,18.71,-23.513545,-46.517706,2025-01-24 16:54:00,1,749.53,penha,62.7,1.32,15.6849279403687,0.33
20.25,94,1015,,0.28,4,trovoada com chuva,19.25,-23.58281,-46.568723,2025-01-24 16:35:00,1,737.52,vilaprudente,16.2,1.32,1.99518501758575,0.33
21.97,94,1014,,5.17,4,trovoada com chuva,20.96,-23.536904,-46.456867,2025-01-26 14:10:00,1,744.59,itaquera,18.9,7.52,1.35270059108734,1.88
24.56,83,1013,,3.73,4,trovoada com chuva,21.48,-23.541305,-46.457408,2025-01-26 14:32:00,1,746.48,itaquera,18.9,11.12,1.35270059108734,2.78
21.96,94,1014,,1.01,4,trovoada com chuva fraca,20.95,-23.527875,-46.555811,2025-01-26 15:48:00,1,724.47,penha,34.2,11.37,1.03755331039429,2.8425
21.95,94,1014,,1.01,4,trovoada com chuva fraca,20.94,-23.528862,-46.553157,2025-01-26 15:57:00,1,727.77,penha,34.2,11.37,3.10994267463684,2.8425
21.91,89,1014,,0.83,4,chuva fraca,20.01,-23.528862,-46.553157,2025-01-26 19:46:00,1,727.77,penha,34.2,6.05,3.10994267463684,1.5125
27.79,57,1012,,1.14,4,chuva moderada,18.5,-23.541354,-46.457472,2025-01-28 14:04:00,1,746.48,itaquera,17.9,1.84,1.35270059108734,0.46
27.78,57,1012,,1.14,4,chuva moderada,18.49,-23.537475,-46.457098,2025-01-28 14:14:00,1,744.09,itaquera,17.9,1.84,0.656249403953552,0.46
25.78,69,1012,,1.14,4,chuva moderada,19.66,-23.576339,-46.485227,2025-01-28 14:20:00,1,760.08,itaquera,17.9,1.84,4.76674842834473,0.46
27.35,63,1012,,1.14,4,chuva moderada,19.69,-23.553799,-46.490669,2025-01-28 14:20:00,1,764.29,itaquera,17.9,1.84,3.7360565662384,0.46
23.98,83,1013,,0.13,4,trovoada com chuva fraca,20.91,-23.541393,-46.457494,2025-01-29 12:01:00,1,746.56,itaquera,12.4,0.56,1.35270059108734,0.14
22.83,94,1011,,2.95,4,trovoada com chuva,21.81,-23.497135,-46.399825,2025-01-30 18:10:00,1,740.61,itaimpaulista,31.4,11.84,3.42179822921753,2.96
19.95,95,1012,,0.0,0,trovoada com chuva fraca,19.13,-23.562548,-46.558271,2025-01-31 23:10:00,1,753.25,aricanduva/vilaformosa,26.7,0.0,2.82047843933105,0.0
19.86,94,1012,,2.79,1,trovoada com chuva fraca,18.87,-23.5504,-46.60204,2025-01-31 23:27:00,1,737.88,mooca,31.8,2.79,1.35270059108734,2.79
19.86,94,1012,,2.79,1,trovoada com chuva fraca,18.87,-23.550758,-46.601429,2025-01-31 23:27:00,1,738.73,mooca,31.8,2.79,2.10017395019531,2.79
20.85,99,1011,,0.0,0,chuva moderada,20.69,-23.545565,-46.597817,2025-01-31 23:46:00,1,737.18,mooca,31.8,0.0,4.76674842834473,0.0
20.81,94,1011,,0.0,4,nublado,19.81,-23.486212,-46.459752,2025-01-31 01:30:00,1,729.39,sãomiguelpaulista,15.8,0.98,2.36490035057068,0.245
21.03,88,1011,,0.0,0,trovoada com chuva fraca,18.97,-23.506863,-46.486465,2025-02-01 00:07:00,1,779.37,ermelinomatarazzo,69.4,0.0,3.02248573303223,0.0
20.67,98,1011,,0.16,1,trovoada com chuva fraca,20.34,-23.55519,-46.51739,2025-02-01 00:41:00,1,733.47,aricanduva/vilaformosa,45.4,0.16,1.99518501758575,0.16
20.92,96,1011,,0.16,1,trovoada com chuva fraca,20.26,-23.528624,-46.515336,2025-02-01 00:50:00,1,744.31,penha,58.3,0.16,1.67271196842194,0.16
21.08,94,1011,,0.16,1,trovoada com chuva fraca,20.08,-23.5426,-46.4622,2025-02-01 01:06:00,1,752.84,itaquera,43.1,0.16,12.7656917572021,0.16
20.87,94,1011,,0.42,2,trovoada com chuva forte,19.87,-23.534303,-46.429206,2025-02-01 02:00:00,1,748.1,guaianases,63.2,0.58,3.27780985832214,0.29
20.77,94,1011,,0.42,2,trovoada com chuva forte,19.77,-23.474823,-46.417531,2025-02-01 02:00:00,1,728.86,sãomiguelpaulista,67.6,0.58,1.31232666969299,0.29
20.77,94,1011,,0.42,2,trovoada com chuva forte,19.77,-23.485466,-46.407488,2025-02-01 02:00:00,1,731.57,sãomiguelpaulista,67.6,0.58,0.733701109886169,0.29
20.75,94,1011,,0.42,2,trovoada com chuva forte,19.75,-23.488974,-46.404744,2025-02-01 02:00:00,1,729.82,sãomiguelpaulista,67.6,0.58,5.27611875534058,0.29
20.77,94,1011,,0.42,2,trovoada com chuva forte,19.77,-23.491512,-46.405495,2025-02-01 02:00:00,1,731.08,sãomiguelpaulista,67.6,0.58,0.656249403953552,0.29
20.77,94,1011,,0.42,2,trovoada com chuva forte,19.77,-23.48609,-46.459728,2025-02-01 02:00:00,1,729.98,sãomiguelpaulista,67.6,0.58,2.36490035057068,0.29
20.77,94,1011,,0.42,2,trovoada com chuva forte,19.77,-23.488529,-46.457292,2025-02-01 02:00:00,1,727.63,sãomiguelpaulista,67.6,0.58,0.733701109886169,0.29
20.77,94,1011,,0.42,2,trovoada com chuva forte,19.77,-23.489134,-46.456616,2025-02-01 02:00:00,1,727.51,sãomiguelpaulista,67.6,0.58,0.656249403953552,0.29
20.77,94,1011,,0.42,2,trovoada com chuva forte,19.77,-23.488936,-46.45614,2025-02-01 02:00:00,1,726.87,sãomiguelpaulista,67.6,0.58,2.36490035057068,0.29
20.77,94,1011,,0.42,2,trovoada com chuva forte,19.77,-23.487881,-46.459511,2025-02-01 02:00:00,1,728.93,sãomiguelpaulista,67.6,0.58,1.64024698734283,0.29
20.65,93,1010,,0.78,3,chuva leve,19.48,-23.5366,-46.4567,2025-02-01 03:00:00,1,743.97,itaquera,43.1,1.36,0.328135460615158,0.45333333333333337
20.33,99,1010,,5.84,4,chuva forte,20.17,-23.542416,-46.606797,2025-02-01 03:30:00,1,733.11,mooca,47.9,13.21,1.46716165542603,3.3025
19.99,95,1011,,2.06,4,chuva moderada,19.16,-23.526689,-46.574847,2025-02-01 07:00:00,1,720.7,mooca,47.9,5.99,4.63047933578491,1.4975
21.0,94,1011,,0.9,3,chuva leve,20.0,-23.555856,-46.577449,2025-02-01 09:20:00,1,735.47,mooca,47.9,4.23,5.64620971679688,1.4100000000000001
20.39,95,1010,,1.27,4,chuva moderada,19.08,-23.59014,-46.543817,2025-02-01 19:46:00,1,752.94,vilaprudente,59.2,4.3,2.10017395019531,1.075
21.38,92,1010,,21.59,4,chuva muito forte,20.03,-23.581499,-46.561914,2025-02-01 20:09:00,1,742.4,vilaprudente,59.2,24.62,1.18295407295227,6.155
21.14,95,1010,,1.27,4,chuva moderada,19.79,-23.59014,-46.543817,2025-02-01 20:21:00,1,752.94,vilaprudente,59.2,4.3,2.10017395019531,1.075
21.11,100,1010,,0.0,4,nublado,21.11,-23.474823,-46.417531,2025-02-02 02:00:00,1,728.86,sãomiguelpaulista,7.9,0.16,1.31232666969299,0.04
21.06,95,1012,,16.76,1,chuva muito forte,20.23,-23.518263,-46.616688,2025-02-02 09:50:00,1,722.72,mooca,18.8,16.76,4.2579517364502,16.76
25.05,73,1009,,1.67,4,chuva moderada,19.87,-23.515,-46.4558,2025-02-02 16:30:00,1,735.62,itaquera,7.7,4.27,1.96805989742279,1.0675
24.04,84,1009,,1.67,4,chuva moderada,21.17,-23.542416,-46.606797,2025-02-02 17:25:00,1,733.11,mooca,18.8,21.19,1.46716165542603,5.2975
21.1,94,1011,,0.0,4,chuva leve,20.1,-23.474823,-46.417531,2025-02-03 02:00:00,1,728.86,sãomiguelpaulista,12.5,1.21,1.31232666969299,0.3025
21.11,96,1011,,0.39,4,chuva leve,20.45,-23.581517,-46.570201,2025-02-03 04:28:00,1,743.69,vilaprudente,15.5,7.25,7.82629632949829,1.8125
22.1,83,1013,,0.22,4,chuva leve,19.08,-23.505532,-46.45648,2025-02-03 07:33:00,1,734.08,sãomiguelpaulista,12.5,1.41,1.99518501758575,0.3525
20.93,94,1012,,0.31,4,chuva leve,19.93,-23.542524,-46.449955,2025-02-03 17:30:00,1,762.24,itaquera,16.3,0.93,7.21052026748657,0.2325
21.2,83,1014,,0.0,0,nublado,18.2,-23.474823,-46.417531,2025-02-04 02:00:00,1,728.86,sãomiguelpaulista,17.9,0.0,1.31232666969299,0.0
24.33,77,1013,,0.38,4,chuva leve,20.04,-23.540472,-46.439601,2025-02-04 16:45:00,1,787.14,itaquera,14.0,1.23,3.37449097633362,0.3075
24.43,77,1013,,0.38,4,chuva leve,20.14,-23.556945,-46.421923,2025-02-04 17:20:00,1,770.15,guaianases,20.7,1.23,3.22837400436401,0.3075
24.12,73,1014,,0.0,0,trovoadas,18.98,-23.553679,-46.48984,2025-02-06 19:00:00,1,768.18,itaquera,21.3,0.0,1.85558569431305,0.0
24.88,65,1014,,0.0,0,trovoadas,17.85,-23.507419,-46.490304,2025-02-06 19:09:00,1,760.54,penha,27.2,0.0,5.96631669998169,0.0
23.83,80,1014,,0.0,0,trovoada com chuva,20.17,-23.562766,-46.559211,2025-02-06 19:11:00,1,751.46,mooca,15.0,0.0,12.7853984832764,0.0
21.9,88,1015,,0.0,4,garoa de leve intensidade,19.82,-23.499501,-46.52824,2025-02-10 19:09:00,1,729.36,penha,24.2,0.73,3.9314866065979,0.1825
19.94,99,1012,,4.97,4,chuva forte,19.78,-23.539405,-46.566551,2025-02-14 14:41:00,1,742.24,mooca,28.9,7.72,0.656249403953552,1.93
19.88,100,1012,,4.97,4,chuva forte,19.88,-23.536757,-46.558245,2025-02-14 14:41:00,1,735.59,mooca,28.9,7.72,5.44487190246582,1.93
19.98,98,1012,,4.97,4,chuva forte,19.65,-23.543494,-46.569468,2025-02-14 14:43:00,1,747.32,mooca,28.9,7.72,2.56114077568054,1.93
23.3,77,1012,,1.5,2,trovoada com chuva,19.04,-23.564017,-46.548607,2025-02-18 15:06:00,1,794.4,aricanduva/vilaformosa,36.5,1.89,1.64024698734283,0.945
23.02,80,1012,,1.5,2,trovoada com chuva,19.38,-23.542416,-46.606797,2025-02-18 15:10:00,1,733.11,mooca,33.9,1.89,1.46716165542603,0.945
26.81,65,1010,,0.0,2,nuvens dispersas,19.68,-23.526789,-46.594733,2025-01-02 19:00:00,1,722.48,vilamaria/vilaguilherme,22.8,0.11,3.66370439529419,0.055
23.92,78,1010,,0.0,4,céu limpo,19.85,-23.513242,-46.577637,2025-01-03 19:37:00,1,726.57,vilamaria/vilaguilherme,14.4,0.92,4.86640167236328,0.23
23.62,85,1011,,0.0,4,névoa,20.95,-23.508047,-46.61193,2025-01-08 15:22:00,1,722.15,vilamaria/vilaguilherme,12.2,4.23,2.31902623176575,1.0575
22.02,95,1015,,0.0,4,trovoada com chuva,21.18,-23.521329,-46.59212,2025-01-16 21:12:00,1,722.33,vilamaria/vilaguilherme,33.9,0.37,1.64024698734283,0.0925
22.02,95,1015,,0.0,4,trovoada com chuva,21.18,-23.509093,-46.596047,2025-01-16 21:15:00,1,728.8,vilamaria/vilaguilherme,33.9,0.37,3.98554301261902,0.0925
21.97,95,1015,,0.0,4,trovoada com chuva,21.13,-23.507988,-46.611915,2025-01-16 20:00:00,1,722.13,vilamaria/vilaguilherme,33.9,2.8,2.31902623176575,0.7
21.2,98,1015,,0.22,1,chuva leve,20.87,-23.474965,-46.570035,2025-01-16 22:01:00,1,731.06,vilamaria/vilaguilherme,33.9,0.22,2.07442665100098,0.22
22.98,75,1016,,0.0,4,céu limpo,18.31,-23.508007,-46.611744,2025-01-17 08:12:00,1,722.26,vilamaria/vilaguilherme,1.2,0.28,2.96876573562622,0.07
23.4,70,1018,,0.0,0,céu limpo,17.62,-23.517062,-46.611643,2025-01-23 09:07:00,1,722.5,vilamaria/vilaguilherme,0.1,0.0,2.56114077568054,0.0
26.42,74,1014,,3.97,4,chuva moderada,21.41,-23.515036,-46.666894,2025-01-24 15:56:00,1,713.78,casaverde,45.9,4.44,8.09647941589355,1.11
26.68,80,1014,,3.97,4,chuva moderada,22.94,-23.50872,-46.673584,2025-01-24 16:07:00,1,723.02,casaverde,45.9,4.44,1.64024698734283,1.11
19.15,92,1015,,2.86,4,chuva moderada,17.82,-23.505805,-46.642696,2025-01-24 16:31:00,1,733.02,casaverde,45.9,7.16,15.5257692337036,1.79
19.44,94,1015,,25.65,4,chuva muito forte,18.45,-23.505805,-46.642696,2025-01-24 16:34:00,1,733.02,casaverde,45.9,27.76,15.5257692337036,6.94
20.37,91,1015,,1.78,4,chuva moderada,18.85,-23.49898,-46.683771,2025-01-24 17:33:00,1,733.64,casaverde,45.9,29.31,8.45084285736084,7.3275
21.1,91,1015,,0.0,4,chuva leve,19.57,-23.515056,-46.666841,2025-01-24 18:53:00,1,713.77,casaverde,45.9,11.4,8.09647941589355,2.85
26.2,75,1014,,0.34,4,chuva leve,21.42,-23.49929,-46.615824,2025-01-24 15:57:00,1,744.03,vilamaria/vilaguilherme,87.8,1.18,4.16915416717529,0.295
21.06,85,1015,,0.0,4,algumas nuvens,18.63,-23.50812,-46.611851,2025-01-24 19:54:00,1,722.25,vilamaria/vilaguilherme,87.8,4.85,2.31902623176575,1.2125
25.97,75,1014,,3.97,4,chuva moderada,21.2,-23.497722,-46.625813,2025-01-24 15:55:00,1,770.32,santana,70.4,4.44,11.6672372817993,1.11
20.31,90,1015,,2.79,4,chuva moderada,18.62,-23.517793,-46.649453,2025-01-24 18:20:00,1,719.08,santana,70.4,8.64,1.91265225410461,2.16
20.55,98,1014,,12.45,4,chuva forte,20.22,-23.498891,-46.683739,2025-01-26 16:46:00,1,735.42,casaverde,41.6,20.56,7.21052026748657,5.14
22.23,93,1013,,0.9,4,chuva leve,21.04,-23.435344,-46.729916,2025-01-26 15:07:00,1,819.14,pirituba/jaraguá,34.6,3.68,7.1885552406311,0.92
22.91,95,1014,,5.72,4,chuva forte,22.07,-23.441411,-46.732718,2025-01-26 15:34:00,1,829.54,pirituba/jaraguá,34.6,9.29,6.73358678817749,2.3225
22.42,94,1014,,5.72,4,chuva forte,21.41,-23.439125,-46.728773,2025-01-26 15:48:00,1,817.25,pirituba/jaraguá,34.6,9.29,2.64366388320923,2.3225
20.5,98,1014,,27.43,4,chuva muito forte,20.17,-23.513315,-46.629354,2025-01-26 17:38:00,1,722.87,santana,44.9,47.88,4.65347290039062,11.97
19.98,88,1013,,0.14,4,chuva moderada,17.93,-23.515016,-46.666808,2025-01-29 13:06:00,1,714.77,casaverde,31.2,0.25,8.09647941589355,0.0625
19.89,88,1013,,0.14,4,chuva moderada,17.84,-23.49896,-46.683729,2025-01-29 13:13:00,1,734.05,casaverde,31.2,0.25,7.21052026748657,0.0625
19.98,88,1013,,0.14,4,chuva moderada,17.93,-23.515095,-46.666894,2025-01-29 13:14:00,1,713.7,casaverde,31.2,0.25,8.09647941589355,0.0625
19.98,88,1013,,0.14,4,chuva moderada,17.93,-23.515095,-46.666894,2025-01-29 13:22:00,1,713.7,casaverde,31.2,0.25,8.09647941589355,0.0625
21.23,94,1011,,1.73,4,chuva moderada,20.23,-23.432514,-46.719494,2025-01-29 15:49:00,1,827.03,pirituba/jaraguá,12.0,4.24,7.9592981338501,1.06
21.45,93,1012,,2.14,4,chuva moderada,20.27,-23.460339,-46.721655,2025-01-29 18:41:00,1,831.94,pirituba/jaraguá,12.0,10.54,12.3435955047607,2.635
21.0,94,1013,,1.27,2,chuva moderada,20.0,-23.517763,-46.649421,2025-01-29 13:53:00,1,717.73,santana,27.1,1.41,1.91265225410461,0.705
19.98,94,1012,,0.0,0,trovoada com chuva fraca,18.99,-23.473248,-46.573818,2025-01-31 23:27:00,1,733.34,vilamaria/vilaguilherme,24.6,0.0,3.48386597633362,0.0
20.31,98,1011,,2.79,4,chuva forte,19.98,-23.517704,-46.649528,2025-02-01 01:50:00,1,715.74,casaverde,43.8,13.71,1.91265225410461,3.4275
20.29,99,1010,,13.72,4,chuva forte,20.13,-23.515056,-46.66693,2025-02-01 04:15:00,1,713.72,casaverde,43.8,21.08,8.09647941589355,5.27
21.1,91,1012,,2.79,3,chuva moderada,19.57,-23.508631,-46.66621,2025-02-01 09:10:00,1,721.85,casaverde,43.8,5.73,1.7665228843689,1.9100000000000001
19.58,99,1011,,0.42,2,chuva moderada,19.42,-23.463455,-46.60082,2025-02-01 02:18:00,1,754.42,jaçanã/tremembé,72.7,0.58,3.7360565662384,0.29
25.0,73,1011,,0.0,4,neblina,19.82,-23.517813,-46.649485,2025-02-01 11:45:00,1,719.99,vilamaria/vilaguilherme,49.0,1.16,1.91265225410461,0.29
19.15,95,1011,,1.75,4,chuva moderada,18.33,-23.460433,-46.721606,2025-02-01 06:59:00,1,832.0,pirituba/jaraguá,44.7,11.66,12.429310798645,2.915
20.31,98,1011,,4.57,4,chuva forte,19.98,-23.517724,-46.649399,2025-02-01 01:45:00,1,716.05,santana,49.4,22.6,1.91265225410461,5.65
19.58,99,1011,,0.42,2,chuva moderada,19.42,-23.463504,-46.60082,2025-02-01 02:13:00,1,754.37,santana,49.4,0.58,2.31902623176575,0.29
20.36,99,1010,,4.06,4,chuva forte,20.2,-23.517594,-46.639418,2025-02-01 03:09:00,1,721.0,santana,49.4,14.21,2.64366388320923,3.5525
20.27,97,1010,,8.89,4,chuva forte,19.78,-23.509499,-46.618276,2025-02-01 04:06:00,1,724.79,santana,49.4,19.8,2.36490035057068,4.95
20.08,96,1011,,1.75,4,chuva moderada,19.42,-23.514914,-46.641295,2025-02-01 06:39:00,1,720.6,santana,49.4,10.38,0.656249403953552,2.595
20.08,96,1011,,1.75,4,chuva moderada,19.42,-23.514914,-46.641295,2025-02-01 06:55:00,1,720.6,santana,49.4,13.43,0.656249403953552,3.3575
22.64,93,1010,,8.89,4,chuva forte,21.45,-23.501153,-46.683697,2025-02-02 17:42:00,1,722.63,casaverde,14.1,10.86,1.64024698734283,2.715
24.0,83,1009,,1.18,4,chuva moderada,20.93,-23.51523,-46.625258,2025-02-02 16:32:00,1,721.63,santana,19.2,9.45,2.36490035057068,2.3625
22.96,80,1013,,0.0,4,chuva leve,19.33,-23.511829,-46.586151,2025-02-03 19:00:00,1,730.62,vilamaria/vilaguilherme,21.0,0.33,5.56083726882935,0.0825
21.99,86,1014,,0.73,4,chuva leve,19.54,-23.508512,-46.686261,2025-02-03 09:32:00,1,721.55,pirituba/jaraguá,15.3,2.5,5.17422199249268,0.625
20.87,99,1011,,0.7,4,chuva leve,20.71,-23.517675,-46.649399,2025-02-03 03:40:00,1,714.56,santana,19.2,17.21,1.91265225410461,4.3025
20.74,93,1014,,0.0,4,céu limpo,19.57,-23.493038,-46.627207,2025-02-04 19:49:00,1,787.68,santana,11.3,0.97,5.82222652435303,0.2425
22.92,82,1014,,27.43,1,chuva muito forte,19.68,-23.498921,-46.683696,2025-02-06 19:27:00,1,734.84,casaverde,7.5,27.43,7.21052026748657,27.43
20.98,91,1015,,0.0,0,trovoada com chuva,19.45,-23.502368,-46.686042,2025-02-06 19:43:00,1,721.57,freguesiadoó,2.2,0.0,1.46716165542603,0.0
25.24,70,1014,,0.0,0,trovoadas,19.38,-23.475014,-46.570078,2025-02-06 19:15:00,1,730.89,jaçanã/tremembé,7.0,0.0,2.07442665100098,0.0
23.39,76,1014,,0.0,0,trovoada com chuva,18.92,-23.475014,-46.570078,2025-02-06 19:17:00,1,730.89,vilamaria/vilaguilherme,22.0,0.0,2.07442665100098,0.0
22.38,89,1015,,0.0,0,trovoada com chuva,20.48,-23.518344,-46.644106,2025-02-06 19:32:00,1,714.61,santana,15.4,0.0,2.29574394226074,0.0
21.26,90,1015,,0.0,0,trovoada com chuva fraca,19.55,-23.516424,-46.629699,2025-02-06 19:41:00,1,724.3,santana,15.4,0.0,2.96876573562622,0.0
23.2,84,1015,,0.59,4,chuva leve,20.35,-23.510197,-46.609128,2025-02-10 16:49:00,1,723.13,vilamaria/vilaguilherme,34.9,0.99,4.2579517364502,0.2475
22.97,85,1015,,0.59,4,chuva leve,20.31,-23.508204,-46.611787,2025-02-10 16:51:00,1,722.28,vilamaria/vilaguilherme,34.9,0.99,4.56079053878784,0.2475
20.56,87,1015,,0.59,4,chuva leve,18.32,-23.490241,-46.610367,2025-02-10 16:54:00,1,737.22,vilamaria/vilaguilherme,34.9,0.99,5.58944368362427,0.2475
25.85,93,1015,,0.16,4,chuva leve,24.63,-23.484015,-46.716262,2025-02-10 16:32:00,1,736.02,pirituba/jaraguá,35.8,0.67,0.984320282936096,0.1675
22.35,83,1015,,0.16,4,chuva leve,19.32,-23.488265,-46.712253,2025-02-10 16:38:00,1,730.69,pirituba/jaraguá,35.8,0.67,4.63047933578491,0.1675
21.97,89,1015,,0.16,4,chuva forte,20.07,-23.514923,-46.641198,2025-02-10 17:24:00,1,720.27,santana,28.0,0.67,3.66370439529419,0.1675
20.04,99,1012,,4.97,4,chuva forte,19.88,-23.513565,-46.608899,2025-02-14 14:34:00,1,721.94,vilamaria/vilaguilherme,41.9,7.72,2.29574394226074,1.93
19.88,100,1012,,4.97,4,chuva forte,19.88,-23.49492,-46.612979,2025-02-14 15:01:00,1,734.25,santana,28.5,7.72,4.92087650299072,1.93
20.24,93,1016,,0.0,0,trovoada com chuva fraca,19.07,-23.49898,-46.683771,2025-02-18 20:32:00,1,733.64,casaverde,27.2,0.0,8.45084285736084,0.0
19.19,90,1016,,40.64,1,trovoada com chuva,17.51,-23.515095,-46.666798,2025-02-18 20:41:00,1,713.7,casaverde,27.2,40.64,1.85558569431305,40.64
19.19,90,1016,,13.72,1,chuva forte,17.51,-23.498357,-46.707044,2025-02-18 20:47:00,1,725.01,freguesiadoó,38.1,13.72,1.7665228843689,13.72
19.19,90,1016,,13.72,1,chuva forte,17.51,-23.498357,-46.707044,2025-02-18 20:47:00,1,725.01,freguesiadoó,38.1,13.72,1.7665228843689,13.72
19.02,94,1017,,0.0,0,nublado,18.03,-23.472967,-46.572288,2025-02-18 21:43:00,1,731.85,vilamaria/vilaguilherme,27.5,0.0,0.464048534631729,0.0
24.93,83,1016,,0.0,4,trovoadas,21.84,-23.415032,-46.750694,2025-02-18 19:55:00,1,782.81,perus,38.3,0.24,10.7358989715576,0.06
25.11,83,1016,,0.0,4,trovoadas,22.02,-23.40678,-46.750923,2025-02-18 19:55:00,1,736.89,perus,38.3,0.24,3.37449097633362,0.06
24.01,84,1016,,0.0,4,trovoadas,21.14,-23.513677,-46.624025,2025-02-18 19:36:00,1,720.78,santana,31.4,0.25,1.99518501758575,0.0625
19.51,88,1016,,0.0,0,trovoada com chuva fraca,17.47,-23.514963,-46.641274,2025-02-18 20:39:00,1,720.22,santana,31.4,0.0,0.656249403953552,0.0
28.21,85,1015,,0.0,0,nuvens dispersas,25.45,-23.498862,-46.683782,2025-02-26 16:48:00,1,736.17,casaverde,20.3,0.0,8.45084285736084,0.0
22.46,87,1013,,2.55,1,chuva moderada,20.19,-23.6072,-46.6972,2023-02-06 16:56:00,1,722.62,santoamaro,13.6,2.55,8.22488880157471,2.55
22.27,89,1013,,2.55,1,chuva moderada,20.37,-23.6216,-46.6792,2023-02-06 17:05:00,1,732.07,santoamaro,13.6,2.55,2.2001416683197,2.55
23.27,90,1013,,2.55,1,chuva moderada,21.54,-23.6207,-46.6989,2023-02-06 16:38:00,1,723.17,santoamaro,13.6,2.55,5.00677919387817,2.55
24.26,90,1013,,1.44,1,chuva moderada,22.51,-23.6175,-46.6818,2023-02-06 16:22:00,1,738.83,santoamaro,13.6,1.44,4.27048397064209,1.44
21.02,94,1013,,0.52,1,chuva leve,20.02,-23.6675,-46.7708,2023-02-07 18:26:00,1,764.99,campolimpo,32.8,0.52,3.54483652114868,0.52
20.27,94,1013,,1.58,1,chuva forte,19.27,-23.6277,-46.7673,2023-02-07 15:51:00,1,743.0,m'boimirim,18.7,1.58,3.52969360351562,1.58
20.17,88,1013,,1.58,1,chuva moderada,18.12,-23.6756,-46.7343,2023-02-07 16:23:00,1,750.62,m'boimirim,18.7,1.58,16.2613906860352,1.58
20.42,94,1013,,1.5,1,chuva forte,19.42,-23.6017,-46.6952,2023-02-07 15:44:00,1,731.1,santoamaro,42.0,1.5,19.4191455841064,1.5
19.44,94,1013,,1.58,1,chuva moderada,18.45,-23.6539,-46.7206,2023-02-07 16:09:00,1,722.49,santoamaro,42.0,1.58,0.0,1.58
19.29,94,1013,,1.58,1,chuva moderada,18.3,-23.6615,-46.6793,2023-02-07 16:10:00,1,743.85,santoamaro,42.0,1.58,6.27809810638428,1.58
20.43,94,1013,,1.58,1,trovoada com chuva,19.43,-23.663,-46.7077,2023-02-07 16:16:00,1,726.11,santoamaro,42.0,1.58,3.22837400436401,1.58
20.43,93,1013,,4.57,1,chuva forte,19.26,-23.6838,-46.6926,2023-02-07 16:20:00,1,724.09,santoamaro,42.0,4.57,3.6195912361145,4.57
20.6,99,1013,,2.79,1,chuva moderada,20.44,-23.6632,-46.7077,2023-02-07 17:08:00,1,723.94,santoamaro,42.0,2.79,1.18295407295227,2.79
20.44,94,1013,,4.06,1,chuva forte,19.44,-23.6686,-46.7035,2023-02-07 18:33:00,1,723.14,santoamaro,42.0,4.06,1.35270059108734,4.06
20.38,93,1013,,3.18,1,chuva moderada,19.21,-23.6243,-46.6942,2023-02-07 18:43:00,1,726.12,santoamaro,42.0,3.18,2.56114077568054,3.18
20.79,91,1013,,9.4,1,chuva forte,19.27,-23.583,-46.6046,2023-02-07 15:09:00,1,743.85,ipiranga,44.0,9.4,8.051025390625,9.4
21.24,89,1013,,4.47,1,chuva forte,19.35,-23.5878,-46.6028,2023-02-07 15:10:00,1,738.73,ipiranga,44.0,4.47,2.70389485359192,4.47
21.22,91,1013,,4.47,1,chuva forte,19.69,-23.5769,-46.6064,2023-02-07 15:24:00,1,734.58,ipiranga,44.0,4.47,0.656249403953552,4.47
20.61,99,1013,,2.79,1,chuva moderada,20.45,-23.5918,-46.5988,2023-02-07 16:44:00,1,733.9,ipiranga,44.0,2.79,0.464048534631729,2.79
20.56,99,1013,,4.06,1,chuva forte,20.4,-23.6032,-46.6041,2023-02-07 17:00:00,1,741.3,ipiranga,44.0,4.06,1.18295407295227,4.06
20.53,91,1013,,4.06,1,chuva forte,19.01,-23.5689,-46.6408,2023-02-07 15:04:00,1,790.7,vilamariana,52.7,4.06,3.7360565662384,4.06
20.37,94,1013,,1.5,1,chuva forte,19.37,-23.6174,-46.6819,2023-02-07 15:46:00,1,739.3,vilamariana,52.7,1.5,3.22837400436401,1.5
20.18,94,1013,,1.5,1,chuva forte,19.18,-23.6073,-46.6584,2023-02-07 15:52:00,1,755.31,vilamariana,52.7,1.5,9.20125007629395,1.5
20.27,94,1013,,1.5,1,chuva forte,19.27,-23.6017,-46.6608,2023-02-07 16:02:00,1,751.2,vilamariana,52.7,1.5,7.75212335586548,1.5
23.43,83,1013,,6.51,4,chuva forte,20.38,-23.6835,-46.6926,2023-02-12 15:41:00,1,723.75,santoamaro,62.9,8.66,2.64366388320923,2.165
21.92,79,1013,,16.39,1,chuva muito forte,18.11,-23.5565,-46.6186,2025-01-02 20:04:00,1,725.96,ipiranga,19.1,16.39,1.35270059108734,16.39
24.48,79,1013,,0.92,1,chuva leve,20.6,-23.5676,-46.6067,2025-01-03 16:53:00,1,727.41,ipiranga,5.6,0.92,2.64366388320923,0.92
30.59,50,1013,,0.44,1,chuva leve,18.99,-23.6229,-46.678,2025-01-03 15:06:00,1,731.88,santoamaro,1.2,0.44,3.2449369430542,0.44
22.6,99,1013,,0.11,1,chuva leve,22.43,-23.6603,-46.7682,2025-01-16 18:30:00,1,751.05,campolimpo,62.6,0.11,0.984320282936096,0.11
21.83,99,1013,,0.26,1,chuva leve,21.67,-23.6639,-46.7371,2025-01-16 18:23:00,1,763.15,m'boimirim,45.4,0.26,9.73835563659668,0.26
21.73,99,1013,,0.31,1,chuva leve,21.57,-23.6175,-46.6818,2025-01-16 18:27:00,1,738.83,santoamaro,54.2,0.31,4.27048397064209,0.31
23.45,92,1013,,9.53,1,chuva forte,22.07,-23.6072,-46.6973,2025-01-16 17:48:00,1,723.23,santoamaro,54.2,9.53,8.22488880157471,9.53
22.39,96,1013,,1.78,1,chuva moderada,21.72,-23.6242,-46.6943,2025-01-16 20:43:00,1,726.2,santoamaro,54.2,1.78,2.56114077568054,1.78
21.17,100,1013,,14.99,1,chuva forte,21.17,-23.5675,-46.6067,2025-01-16 21:27:00,1,727.5,ipiranga,32.4,14.99,2.64366388320923,14.99
22.12,96,1013,,7.12,1,trovoada com chuva forte,21.45,-23.6006,-46.6513,2025-01-16 18:11:00,1,749.93,vilamariana,45.6,7.12,3.48386597633362,7.12
27.41,66,1013,,0.25,1,chuva leve,20.5,-23.6041,-46.6034,2025-01-17 17:17:00,1,740.7,ipiranga,0.9,0.25,0.733701109886169,0.25
18.92,88,1013,,0.34,1,chuva leve,16.89,-23.5675,-46.6067,2025-01-24 16:20:00,1,727.5,ipiranga,6.5,0.34,2.64366388320923,0.34
24.15,83,1013,,1.49,1,chuva moderada,21.08,-23.6124,-46.6573,2025-01-26 13:43:00,1,771.36,santoamaro,16.1,1.49,2.56114077568054,1.49
24.29,82,1013,,1.49,1,chuva moderada,21.02,-23.6005,-46.6514,2025-01-26 13:45:00,1,748.28,vilamariana,29.2,1.49,3.48386597633362,1.49
25.25,80,1013,,0.11,1,chuva leve,21.55,-23.5857,-46.6549,2025-01-29 10:03:00,1,752.21,vilamariana,31.9,0.11,2.07442665100098,0.11
22.2,94,1013,,0.14,1,chuva leve,21.19,-23.6004,-46.6517,2025-01-29 13:11:00,1,749.21,vilamariana,31.9,0.14,2.07442665100098,0.14
24.73,80,1013,,7.12,1,chuva forte,21.05,-23.7989,-46.7315,2025-01-30 14:30:00,1,743.34,parelheiros,33.8,7.12,6.1673846244812,7.12
21.47,100,1013,,1.02,1,chuva moderada,21.47,-23.6629,-46.7077,2025-01-31 02:59:00,1,726.55,santoamaro,50.5,1.02,3.48386597633362,1.02
16.63,86,1026,,0.0,0,nublado,14.28,-23.54252431,-46.44995507,2025-06-02 07:53:09,0,762.25,itaquera,0.0,0.0,7.21052026748657,0.0
18.93,77,1020,,0.0,4,nublado,14.81,-23.54252431,-46.44995507,2025-06-03 12:44:41,0,762.25,itaquera,0.0,0.48,7.21052026748657,0.12
17.61,88,1019,,0.0,0,céu limpo,15.6,-23.54252431,-46.44995507,2025-06-04 23:31:12,0,762.25,itaquera,0.0,0.0,7.21052026748657,0.0
22.74,68,1018,,0.0,0,céu limpo,16.53,-23.54252431,-46.44995507,2025-06-05 10:49:26,0,762.25,itaquera,0.0,0.0,7.21052026748657,0.0
17.32,94,1020,,0.2,2,chuva leve,16.35,-23.54252431,-46.44995507,2025-06-06 07:06:50,0,762.25,itaquera,0.0,0.36,7.21052026748657,0.18
17.08,94,1018,,0.0,4,nublado,16.11,-23.54252431,-46.44995507,2025-06-07 22:07:18,0,762.25,itaquera,0.0,0.86,7.21052026748657,0.215
17.0,94,1017,,1.15,4,chuva moderada,16.03,-23.54252431,-46.44995507,2025-06-08 23:21:48,0,762.25,itaquera,0.0,3.71,7.21052026748657,0.9275
16.09,94,1016,,0.5,4,chuva leve,15.12,-23.54252431,-46.44995507,2025-06-09 02:00:15,0,762.25,itaquera,0.0,2.87,7.21052026748657,0.7175
14.32,100,1019,,0.0,0,nublado,14.32,-23.54252431,-46.44995507,2025-06-10 00:33:39,0,762.25,itaquera,0.0,0.0,7.21052026748657,0.0
10.83,79,1026,,0.0,0,algumas nuvens,7.34,-23.54252431,-46.44995507,2025-06-11 21:40:06,0,762.25,itaquera,0.0,0.0,7.21052026748657,0.0
12.41,76,1024,,0.0,0,nublado,8.3,-23.54252431,-46.44995507,2025-06-12 17:49:44,0,762.25,itaquera,0.0,0.0,7.21052026748657,0.0
12.37,92,1026,,0.0,0,céu limpo,11.11,-23.54252431,-46.44995507,2025-06-13 21:31:18,0,762.25,itaquera,0.0,0.0,7.21052026748657,0.0
12.88,83,1023,,0.0,0,céu limpo,10.07,-23.54252431,-46.44995507,2025-06-14 23:23:18,0,762.25,itaquera,0.0,0.0,7.21052026748657,0.0
17.17,69,1021,,0.0,0,céu limpo,11.44,-23.54252431,-46.44995507,2025-06-15 19:08:56,0,762.25,itaquera,0.0,0.0,7.21052026748657,0.0
12.17,87,1022,,0.0,0,céu limpo,10.07,-23.54252431,-46.44995507,2025-06-16 03:06:37,0,762.25,itaquera,0.0,0.0,7.21052026748657,0.0
19.64,63,1024,,0.0,0,céu limpo,12.41,-23.54252431,-46.44995507,2025-06-17 11:31:15,0,762.25,itaquera,0.0,0.0,7.21052026748657,0.0
18.57,65,1025,,0.0,0,céu limpo,11.87,-23.54252431,-46.44995507,2025-06-18 09:33:14,0,762.25,itaquera,0.0,0.0,7.21052026748657,0.0
24.71,44,1021,,0.0,0,céu limpo,11.65,-23.54252431,-46.44995507,2025-06-19 12:45:40,0,762.25,itaquera,0.0,0.0,7.21052026748657,0.0
14.02,94,1021,,0.0,0,céu limpo,13.07,-23.54252431,-46.44995507,2025-06-20 07:27:07,0,762.25,itaquera,0.0,0.0,7.21052026748657,0.0
22.84,52,1014,,0.23,1,chuva leve,12.48,-23.54252431,-46.44995507,2025-06-21 15:12:34,0,762.25,itaquera,0.0,0.23,7.21052026748657,0.23
16.88,88,1016,,0.0,0,céu limpo,14.88,-23.54252431,-46.44995507,2025-06-22 07:47:12,0,762.25,itaquera,0.0,0.0,7.21052026748657,0.0
17.6,88,1012,,0.0,0,céu limpo,15.59,-23.54252431,-46.44995507,2025-06-23 00:27:48,0,762.25,itaquera,0.0,0.0,7.21052026748657,0.0
13.51,85,1019,,0.0,4,chuva leve,11.04,-23.54252431,-46.44995507,2025-06-24 08:26:07,0,762.25,itaquera,0.0,1.06,7.21052026748657,0.265
13.78,72,1021,,0.0,0,céu limpo,8.83,-23.54252431,-46.44995507,2025-06-25 18:50:23,0,762.25,itaquera,0.0,0.0,7.21052026748657,0.0
20.35,66,1018,,0.0,0,céu limpo,13.79,-23.54252431,-46.44995507,2025-06-26 18:47:49,0,762.25,itaquera,0.0,0.0,7.21052026748657,0.0
16.93,88,1022,,0.35,3,chuva leve,14.93,-23.54252431,-46.44995507,2025-06-27 17:17:17,0,762.25,itaquera,0.0,2.9,7.21052026748657,0.9666666666666667
22.15,73,1018,,0.0,0,céu limpo,17.08,-23.54252431,-46.44995507,2025-06-28 17:26:34,0,762.25,itaquera,0.0,0.0,7.21052026748657,0.0
18.46,71,1025,,0.0,0,céu limpo,13.11,-23.544683,-46.59397,2025-06-01 10:13:14,0,740.61,mooca,0.0,0.0,3.70728707313538,0.0
16.34,90,1026,,0.0,0,nublado,14.7,-23.544683,-46.59397,2025-06-02 00:59:41,0,740.61,mooca,0.0,0.0,3.70728707313538,0.0
17.24,85,1024,,0.0,0,névoa,14.7,-23.544683,-46.59397,2025-06-03 08:14:37,0,740.61,mooca,0.0,0.0,3.70728707313538,0.0
19.8,80,1019,,0.0,0,céu limpo,16.25,-23.544683,-46.59397,2025-06-04 21:46:29,0,740.61,mooca,0.0,0.0,3.70728707313538,0.0
17.46,90,1017,,0.0,0,céu limpo,15.8,-23.544683,-46.59397,2025-06-05 04:06:12,0,740.61,mooca,0.0,0.0,3.70728707313538,0.0
18.26,83,1019,,0.1,4,chuva leve,15.33,-23.544683,-46.59397,2025-06-06 14:27:17,0,740.61,mooca,0.0,1.4,3.70728707313538,0.35
21.47,70,1019,,0.0,0,nublado,15.77,-23.544683,-46.59397,2025-06-07 12:02:25,0,740.61,mooca,0.0,0.0,3.70728707313538,0.0
17.39,90,1018,,0.0,0,névoa,15.73,-23.544683,-46.59397,2025-06-08 07:45:40,0,740.61,mooca,0.0,0.0,3.70728707313538,0.0
17.34,84,1016,,0.32,4,chuva leve,14.61,-23.544683,-46.59397,2025-06-09 15:21:32,0,740.61,mooca,0.0,1.48,3.70728707313538,0.37
14.56,95,1019,,0.0,0,nublado,13.77,-23.544683,-46.59397,2025-06-10 03:06:56,0,740.61,mooca,0.0,0.0,3.70728707313538,0.0
13.3,93,1021,,0.0,0,nublado,12.19,-23.544683,-46.59397,2025-06-11 05:17:04,0,740.61,mooca,0.0,0.0,3.70728707313538,0.0
11.3,87,1025,,0.0,0,nuvens dispersas,9.22,-23.544683,-46.59397,2025-06-12 22:59:23,0,740.61,mooca,0.0,0.0,3.70728707313538,0.0
11.15,89,1025,,0.0,0,céu limpo,9.41,-23.544683,-46.59397,2025-06-13 02:19:10,0,740.61,mooca,0.0,0.0,3.70728707313538,0.0
18.27,62,1023,,0.0,0,céu limpo,10.87,-23.544683,-46.59397,2025-06-14 13:20:16,0,740.61,mooca,0.0,0.0,3.70728707313538,0.0
17.43,73,1020,,0.0,0,céu limpo,12.54,-23.544683,-46.59397,2025-06-15 17:38:55,0,740.61,mooca,0.0,0.0,3.70728707313538,0.0
20.38,70,1023,,0.0,0,céu limpo,14.73,-23.544683,-46.59397,2025-06-16 18:06:15,0,740.61,mooca,0.0,0.0,3.70728707313538,0.0
21.19,55,1021,,0.0,0,céu limpo,11.8,-23.544683,-46.59397,2025-06-17 17:37:30,0,740.61,mooca,0.0,0.0,3.70728707313538,0.0
11.69,93,1023,,0.0,0,névoa,10.6,-23.544683,-46.59397,2025-06-18 05:48:03,0,740.61,mooca,0.0,0.0,3.70728707313538,0.0
14.93,79,1023,,0.0,0,céu limpo,11.32,-23.544683,-46.59397,2025-06-19 07:49:26,0,740.61,mooca,0.0,0.0,3.70728707313538,0.0
20.51,64,1021,,0.0,0,céu limpo,13.47,-23.544683,-46.59397,2025-06-20 09:48:03,0,740.61,mooca,0.0,0.0,3.70728707313538,0.0
15.72,82,1015,,0.0,0,céu limpo,12.66,-23.544683,-46.59397,2025-06-21 02:13:59,0,740.61,mooca,0.0,0.0,3.70728707313538,0.0
22.14,58,1013,,0.0,4,céu limpo,13.5,-23.544683,-46.59397,2025-06-22 14:42:03,0,740.61,mooca,0.0,0.19,3.70728707313538,0.0475
17.76,81,1012,,0.0,0,céu limpo,14.46,-23.544683,-46.59397,2025-06-23 02:35:57,0,740.61,mooca,0.0,0.0,3.70728707313538,0.0
12.56,43,1021,,0.0,0,céu limpo,0.33,-23.544683,-46.59397,2025-06-24 18:29:29,0,740.61,mooca,0.0,0.0,3.70728707313538,0.0
13.59,78,1021,,0.0,0,céu limpo,9.83,-23.544683,-46.59397,2025-06-25 19:50:41,0,740.61,mooca,0.0,0.0,3.70728707313538,0.0
26.86,45,1016,,0.0,0,céu limpo,13.94,-23.544683,-46.59397,2025-06-26 14:37:41,0,740.61,mooca,0.0,0.0,3.70728707313538,0.0
16.83,89,1019,,0.0,0,céu limpo,15.01,-23.544683,-46.59397,2025-06-27 01:25:09,0,740.61,mooca,0.0,0.0,3.70728707313538,0.0
21.48,78,1018,,0.0,0,céu limpo,17.49,-23.544683,-46.59397,2025-06-28 19:37:36,0,740.61,mooca,0.0,0.0,3.70728707313538,0.0
16.17,87,1027,,0.0,4,nublado,14.01,-23.544683,-46.59397,2025-04-05 20:03:17,0,740.61,mooca,0.0,0.62,3.70728707313538,0.155
16.49,88,1025,,0.0,2,algumas nuvens,14.5,-23.544683,-46.59397,2025-04-06 05:06:01,0,740.61,mooca,0.0,0.73,3.70728707313538,0.365
16.35,93,1022,,0.0,0,chuva leve,15.22,-23.544683,-46.59397,2025-04-07 03:43:00,0,740.61,mooca,0.0,0.0,3.70728707313538,0.0
24.12,67,1016,,0.0,0,nublado,17.61,-23.544683,-46.59397,2025-04-08 15:57:48,0,740.61,mooca,0.0,0.0,3.70728707313538,0.0
21.06,85,1017,,0.0,0,céu limpo,18.44,-23.544683,-46.59397,2025-04-09 00:01:02,0,740.61,mooca,0.0,0.0,3.70728707313538,0.0
15.95,88,1025,,0.12,3,garoa de leve intensidade,13.97,-23.551485,-46.577669,2025-04-05 07:48:25,0,732.05,mooca,0.0,0.43,2.10017395019531,0.14333333333333334
17.19,88,1025,,0.0,0,nublado,15.19,-23.551485,-46.577669,2025-04-06 22:57:01,0,732.05,mooca,0.0,0.0,2.10017395019531,0.0
20.1,73,1020,,0.0,0,nuvens dispersas,15.11,-23.551485,-46.577669,2025-04-07 17:05:12,0,732.05,mooca,0.0,0.0,2.10017395019531,0.0
24.1,68,1016,,0.0,0,nublado,17.83,-23.551485,-46.577669,2025-04-08 16:43:27,0,732.05,mooca,0.0,0.0,2.10017395019531,0.0
20.32,85,1015,,0.0,0,céu limpo,17.72,-23.551485,-46.577669,2025-04-09 05:06:39,0,732.05,mooca,0.0,0.0,2.10017395019531,0.0
17.08,92,1025,,0.0,3,garoa de leve intensidade,15.77,-23.552479,-46.577326,2025-04-05 15:25:49,0,732.05,mooca,0.0,0.26,2.2001416683197,0.08666666666666667
18.93,68,1024,,0.0,4,neblina,12.9,-23.552479,-46.577326,2025-04-06 15:02:19,0,732.05,mooca,0.0,1.48,2.2001416683197,0.37
17.1,90,1023,,0.0,0,nublado,15.45,-23.552479,-46.577326,2025-04-07 02:05:37,0,732.05,mooca,0.0,0.0,2.2001416683197,0.0
25.12,59,1017,,0.0,0,nuvens dispersas,16.55,-23.552479,-46.577326,2025-04-08 12:30:05,0,732.05,mooca,0.0,0.0,2.2001416683197,0.0
20.44,95,1016,,0.43,1,chuva leve,19.61,-23.552479,-46.577326,2025-04-09 20:11:02,0,732.05,mooca,0.0,0.43,2.2001416683197,0.43
16.0,88,1026,,0.13,4,chuva leve,14.02,-23.526742,-46.555941,2025-04-05 18:43:29,0,723.06,mooca,0.0,0.92,2.29574394226074,0.23
18.96,72,1027,,0.1,4,chuva leve,13.8,-23.526742,-46.555941,2025-04-06 10:56:26,0,723.06,mooca,0.0,0.36,2.29574394226074,0.09
16.95,83,1021,,0.0,0,algumas nuvens,14.05,-23.526742,-46.555941,2025-04-07 22:27:15,0,723.06,mooca,0.0,0.0,2.29574394226074,0.0
15.32,93,1019,,0.0,0,céu limpo,14.2,-23.526742,-46.555941,2025-04-08 04:54:51,0,723.06,mooca,0.0,0.0,2.29574394226074,0.0
20.0,93,1016,,1.06,4,chuva moderada,18.83,-23.526742,-46.555941,2025-04-09 23:25:03,0,723.06,mooca,0.0,3.0,2.29574394226074,0.75
17.15,86,1026,,0.0,0,nuvens dispersas,14.79,-23.5321,-46.6862,2025-04-05 23:36:05,0,757.77,lapa,0.0,0.0,6.02824258804321,0.0
17.59,86,1024,,0.0,4,nublado,15.22,-23.5321,-46.6862,2025-04-06 19:16:48,0,757.77,lapa,0.0,0.22,6.02824258804321,0.055
18.99,74,1023,,0.0,0,nublado,14.26,-23.5321,-46.6862,2025-04-07 08:46:20,0,757.77,lapa,0.0,0.0,6.02824258804321,0.0
23.68,63,1017,,0.0,0,neblina,16.23,-23.5321,-46.6862,2025-04-08 11:45:29,0,757.77,lapa,0.0,0.0,6.02824258804321,0.0
20.51,86,1015,,0.0,0,céu limpo,18.09,-23.5321,-46.6862,2025-04-09 04:24:56,0,757.77,lapa,0.0,0.0,6.02824258804321,0.0
18.8,75,1026,,0.14,2,chuva leve,14.28,-23.5189,-46.6748,2025-04-05 11:06:48,0,720.04,lapa,0.0,0.29,1.46716165542603,0.145
18.97,68,1024,,0.0,3,neblina,12.94,-23.5189,-46.6748,2025-04-06 14:35:54,0,720.04,lapa,0.0,0.9,1.46716165542603,0.3
18.06,88,1024,,0.0,0,nublado,16.04,-23.5189,-46.6748,2025-04-07 00:24:26,0,720.04,lapa,0.0,0.0,1.46716165542603,0.0
15.48,92,1020,,0.0,0,algumas nuvens,14.19,-23.5189,-46.6748,2025-04-08 06:54:09,0,720.04,lapa,0.0,0.0,1.46716165542603,0.0
20.28,87,1015,,0.0,0,céu limpo,18.05,-23.5189,-46.6748,2025-04-09 04:57:39,0,720.04,lapa,0.0,0.0,1.46716165542603,0.0
17.22,84,1027,,0.0,0,nublado,14.49,-23.5099,-46.6893,2025-04-05 23:12:49,0,720.1,lapa,0.0,0.0,2.36490035057068,0.0
18.62,88,1024,,0.0,0,nublado,16.59,-23.5099,-46.6893,2025-04-06 23:50:24,0,720.1,lapa,0.0,0.0,2.36490035057068,0.0
17.52,85,1021,,0.0,0,céu limpo,14.97,-23.5099,-46.6893,2025-04-07 23:48:56,0,720.1,lapa,0.0,0.0,2.36490035057068,0.0
26.0,57,1016,,0.0,0,céu limpo,16.83,-23.5099,-46.6893,2025-04-08 14:48:24,0,720.1,lapa,0.0,0.0,2.36490035057068,0.0
20.38,94,1017,,0.44,2,chuva leve,19.38,-23.5099,-46.6893,2025-04-09 21:57:35,0,720.1,lapa,0.0,0.95,2.36490035057068,0.475
17.2,84,1027,,0.0,0,nublado,14.48,-23.5113,-46.6881,2025-04-05 23:10:32,0,719.68,lapa,0.0,0.0,2.96876573562622,0.0
17.02,89,1024,,0.0,4,nublado,15.19,-23.5113,-46.6881,2025-04-06 18:30:45,0,719.68,lapa,0.0,0.22,2.96876573562622,0.055
21.02,64,1020,,0.0,0,nublado,13.96,-23.5113,-46.6881,2025-04-07 14:24:43,0,719.68,lapa,0.0,0.0,2.96876573562622,0.0
24.0,67,1016,,0.0,0,nublado,17.5,-23.5113,-46.6881,2025-04-08 16:18:00,0,719.68,lapa,0.0,0.0,2.96876573562622,0.0
23.99,72,1014,,0.0,3,nublado,18.63,-23.5113,-46.6881,2025-04-09 17:55:17,0,719.68,lapa,0.0,0.11,2.96876573562622,0.03666666666666667
20.29,78,1015,,0.0,0,céu limpo,16.33,-23.5829,-46.686,2024-04-01 01:44:33,0,721.12,pinheiros,0.0,0.0,2.07442665100098,0.0
25.77,61,1014,,0.0,3,céu limpo,17.69,-23.5829,-46.686,2024-04-02 11:09:11,0,721.12,pinheiros,0.0,0.14,2.07442665100098,0.04666666666666667
28.52,61,1013,,0.0,0,algumas nuvens,20.27,-23.5829,-46.686,2024-04-03 15:48:13,0,721.12,pinheiros,0.0,0.0,2.07442665100098,0.0
20.38,88,1017,,0.0,0,nublado,18.33,-23.5829,-46.686,2024-04-04 02:27:59,0,721.12,pinheiros,0.0,0.0,2.07442665100098,0.0
26.01,71,1018,,0.0,0,algumas nuvens,20.34,-23.5829,-46.686,2024-04-05 09:36:32,0,721.12,pinheiros,0.0,0.0,2.07442665100098,0.0
23.51,76,1019,,0.0,0,nublado,19.04,-23.5829,-46.686,2024-04-06 10:24:04,0,721.12,pinheiros,0.0,0.0,2.07442665100098,0.0
19.78,90,1019,,0.0,0,névoa,18.09,-23.5829,-46.686,2024-04-07 07:20:30,0,721.12,pinheiros,0.0,0.0,2.07442665100098,0.0
29.35,35,1013,,0.0,0,céu limpo,12.31,-23.5849,-46.6867,2024-04-01 15:13:46,0,722.53,pinheiros,0.0,0.0,4.72177028656006,0.0
23.89,64,1014,,0.0,0,céu limpo,16.67,-23.5849,-46.6867,2024-04-02 20:49:04,0,722.53,pinheiros,0.0,0.0,4.72177028656006,0.0
22.11,71,1015,,0.0,0,céu limpo,16.61,-23.5849,-46.6867,2024-04-03 01:00:48,0,722.53,pinheiros,0.0,0.0,4.72177028656006,0.0
26.39,73,1017,,0.0,0,céu limpo,21.16,-23.5849,-46.6867,2024-04-04 10:15:06,0,722.53,pinheiros,0.0,0.0,4.72177028656006,0.0
21.37,88,1017,,0.0,0,céu limpo,19.3,-23.5849,-46.6867,2024-04-05 02:14:17,0,722.53,pinheiros,0.0,0.0,4.72177028656006,0.0
19.18,89,1017,,0.0,0,nublado,17.32,-23.5849,-46.6867,2024-04-06 01:57:33,0,722.53,pinheiros,0.0,0.0,4.72177028656006,0.0
23.85,78,1019,,0.0,0,nublado,19.78,-23.5849,-46.6867,2024-04-07 10:21:42,0,722.53,pinheiros,0.0,0.0,4.72177028656006,0.0
19.71,79,1014,,0.0,0,céu limpo,15.97,-23.5875,-46.6865,2024-04-01 05:05:33,0,722.35,pinheiros,0.0,0.0,7.16651964187622,0.0
21.29,85,1015,,0.0,3,céu limpo,18.67,-23.5875,-46.6865,2024-04-02 08:06:20,0,722.35,pinheiros,0.0,0.14,7.16651964187622,0.04666666666666667
23.06,65,1015,,0.0,0,céu limpo,16.13,-23.5875,-46.6865,2024-04-03 00:03:27,0,722.35,pinheiros,0.0,0.0,7.16651964187622,0.0
30.84,58,1014,,0.0,0,nuvens dispersas,21.62,-23.5875,-46.6865,2024-04-04 15:49:01,0,722.35,pinheiros,0.0,0.0,7.16651964187622,0.0
22.43,85,1017,,0.0,0,nublado,19.78,-23.5875,-46.6865,2024-04-05 20:41:39,0,722.35,pinheiros,0.0,0.0,7.16651964187622,0.0
21.54,88,1017,,0.0,0,nublado,19.47,-23.5875,-46.6865,2024-04-06 17:41:54,0,722.35,pinheiros,0.0,0.0,7.16651964187622,0.0
20.63,88,1019,,0.0,0,nublado,18.57,-23.5875,-46.6865,2024-04-07 08:11:41,0,722.35,pinheiros,0.0,0.0,7.16651964187622,0.0
23.41,71,1016,,0.0,0,céu limpo,17.85,-23.5654,-46.6798,2024-04-01 09:10:59,0,740.72,pinheiros,0.0,0.0,1.03755331039429,0.0
24.54,61,1014,,0.0,0,céu limpo,16.53,-23.5654,-46.6798,2024-04-02 21:01:48,0,740.72,pinheiros,0.0,0.0,1.03755331039429,0.0
21.6,85,1017,,0.0,0,algumas nuvens,18.97,-23.5654,-46.6798,2024-04-03 22:37:56,0,740.72,pinheiros,0.0,0.0,1.03755331039429,0.0
25.02,73,1018,,0.0,0,céu limpo,19.84,-23.5654,-46.6798,2024-04-04 08:35:26,0,740.72,pinheiros,0.0,0.0,1.03755331039429,0.0
21.22,88,1017,,0.0,0,névoa,19.15,-23.5654,-46.6798,2024-04-05 07:22:55,0,740.72,pinheiros,0.0,0.0,1.03755331039429,0.0
22.36,77,1018,,0.0,0,céu limpo,18.13,-23.5654,-46.6798,2024-04-06 07:36:00,0,740.72,pinheiros,0.0,0.0,1.03755331039429,0.0
21.02,87,1019,,0.0,4,nublado,18.77,-23.5654,-46.6798,2024-04-07 00:46:21,0,740.72,pinheiros,0.0,0.31,1.03755331039429,0.0775
23.48,68,1016,,0.0,0,céu limpo,17.24,-23.6073,-46.6967,2024-04-01 09:52:39,0,723.31,pinheiros,0.0,0.0,10.5670099258423,0.0
20.45,88,1015,,0.0,2,céu limpo,18.4,-23.6073,-46.6967,2024-04-02 07:03:55,0,723.31,pinheiros,0.0,0.14,10.5670099258423,0.07
22.77,91,1015,,0.0,0,algumas nuvens,21.22,-23.6073,-46.6967,2024-04-03 18:33:10,0,723.31,pinheiros,0.0,0.0,10.5670099258423,0.0
21.57,90,1017,,0.0,0,algumas nuvens,19.86,-23.6073,-46.6967,2024-04-04 23:57:56,0,723.31,pinheiros,0.0,0.0,10.5670099258423,0.0
21.47,90,1017,,0.0,0,algumas nuvens,19.76,-23.6073,-46.6967,2024-04-05 00:09:42,0,723.31,pinheiros,0.0,0.0,10.5670099258423,0.0
23.8,81,1019,,0.0,0,nublado,20.34,-23.6073,-46.6967,2024-04-06 11:27:40,0,723.31,pinheiros,0.0,0.0,10.5670099258423,0.0
23.25,85,1016,,0.0,4,nuvens dispersas,20.59,-23.6073,-46.6967,2024-04-07 16:46:18,0,723.31,pinheiros,0.0,0.26,10.5670099258423,0.065
21.87,74,1017,,0.0,0,nublado,17.03,-23.487212,-46.714751,2024-11-10 09:23:42,0,731.85,pirituba/jaraguá,0.0,0.0,3.9314866065979,0.0
14.92,84,1014,,0.0,0,nublado,12.24,-23.487212,-46.714751,2024-11-11 04:38:22,0,731.85,pirituba/jaraguá,0.0,0.0,3.9314866065979,0.0
22.27,56,1009,,0.0,0,céu limpo,13.08,-23.487212,-46.714751,2024-11-12 02:08:01,0,731.85,pirituba/jaraguá,0.0,0.0,3.9314866065979,0.0
16.74,88,1014,,0.0,4,nublado,14.74,-23.487212,-46.714751,2024-11-13 08:42:13,0,731.85,pirituba/jaraguá,0.0,1.17,3.9314866065979,0.2925
17.48,88,1017,,0.0,0,nublado,15.47,-23.487212,-46.714751,2024-11-14 21:08:12,0,731.85,pirituba/jaraguá,0.0,0.0,3.9314866065979,0.0
23.44,73,1017,,0.16,1,chuva leve,18.33,-23.487212,-46.714751,2024-11-15 10:54:22,0,731.85,pirituba/jaraguá,0.0,0.16,3.9314866065979,0.16
20.01,91,1017,,0.0,4,nuvens dispersas,18.5,-23.487212,-46.714751,2024-11-16 20:45:07,0,731.85,pirituba/jaraguá,0.0,0.11,3.9314866065979,0.0275
26.74,66,1013,,0.0,3,céu limpo,19.86,-23.487212,-46.714751,2024-11-17 16:23:08,0,731.85,pirituba/jaraguá,0.0,0.3,3.9314866065979,0.09999999999999999
19.0,90,1014,,0.0,0,céu limpo,17.32,-23.487212,-46.714751,2024-11-18 04:51:36,0,731.85,pirituba/jaraguá,0.0,0.0,3.9314866065979,0.0
26.93,69,1012,,0.0,0,céu limpo,20.76,-23.487212,-46.714751,2024-11-19 14:37:01,0,731.85,pirituba/jaraguá,0.0,0.0,3.9314866065979,0.0
30.73,57,1012,,0.0,0,céu limpo,21.23,-23.487212,-46.714751,2024-11-20 13:08:51,0,731.85,pirituba/jaraguá,0.0,0.0,3.9314866065979,0.0
20.42,75,1014,,0.0,0,nuvens dispersas,15.84,-23.498451,-46.706975,2024-11-10 17:39:57,0,724.27,pirituba/jaraguá,0.0,0.0,1.7665228843689,0.0
28.57,38,1009,,0.0,0,céu limpo,12.88,-23.498451,-46.706975,2024-11-11 16:56:18,0,724.27,pirituba/jaraguá,0.0,0.0,1.7665228843689,0.0
21.82,69,1010,,0.0,0,céu limpo,15.88,-23.498451,-46.706975,2024-11-12 06:35:27,0,724.27,pirituba/jaraguá,0.0,0.0,1.7665228843689,0.0
16.85,91,1013,,0.21,4,chuva leve,15.37,-23.498451,-46.706975,2024-11-13 07:27:56,0,724.27,pirituba/jaraguá,0.0,5.25,1.7665228843689,1.3125
16.33,88,1016,,0.0,0,nublado,14.34,-23.498451,-46.706975,2024-11-14 02:01:55,0,724.27,pirituba/jaraguá,0.0,0.0,1.7665228843689,0.0
18.64,85,1017,,0.0,0,nublado,16.07,-23.498451,-46.706975,2024-11-15 06:31:02,0,724.27,pirituba/jaraguá,0.0,0.0,1.7665228843689,0.0
25.71,69,1015,,0.33,4,chuva leve,19.6,-23.498451,-46.706975,2024-11-16 12:50:12,0,724.27,pirituba/jaraguá,0.0,3.51,1.7665228843689,0.8775
21.08,76,1017,,0.0,0,nublado,16.69,-23.498451,-46.706975,2024-11-17 07:53:54,0,724.27,pirituba/jaraguá,0.0,0.0,1.7665228843689,0.0
21.84,79,1014,,0.0,0,céu limpo,18.04,-23.498451,-46.706975,2024-11-18 23:52:06,0,724.27,pirituba/jaraguá,0.0,0.0,1.7665228843689,0.0
19.59,84,1013,,0.0,0,céu limpo,16.81,-23.498451,-46.706975,2024-11-19 03:40:38,0,724.27,pirituba/jaraguá,0.0,0.0,1.7665228843689,0.0
19.29,85,1014,,0.0,0,céu limpo,16.71,-23.498451,-46.706975,2024-11-20 06:07:23,0,724.27,pirituba/jaraguá,0.0,0.0,1.7665228843689,0.0
20.05,98,1017,,0.0,0,nublado,19.72,-23.431523,-46.718818,2024-11-10 08:56:31,0,824.76,pirituba/jaraguá,0.0,0.0,8.549241065979,0.0
29.1,34,1010,,0.0,0,céu limpo,11.65,-23.431523,-46.718818,2024-11-11 14:20:52,0,824.76,pirituba/jaraguá,0.0,0.0,8.549241065979,0.0
29.27,50,1009,,0.0,0,céu limpo,17.78,-23.431523,-46.718818,2024-11-12 12:02:34,0,824.76,pirituba/jaraguá,0.0,0.0,8.549241065979,0.0
15.99,87,1014,,0.0,4,nublado,13.83,-23.431523,-46.718818,2024-11-13 08:43:58,0,824.76,pirituba/jaraguá,0.0,1.17,8.549241065979,0.2925
16.77,84,1016,,0.0,0,nublado,14.05,-23.431523,-46.718818,2024-11-14 19:15:19,0,824.76,pirituba/jaraguá,0.0,0.0,8.549241065979,0.0
25.46,65,1014,,0.22,4,chuva leve,18.4,-23.431523,-46.718818,2024-11-15 14:00:51,0,824.76,pirituba/jaraguá,0.0,0.53,8.549241065979,0.1325
19.93,83,1017,,0.0,0,nublado,16.96,-23.431523,-46.718818,2024-11-16 22:23:51,0,824.76,pirituba/jaraguá,0.0,0.0,8.549241065979,0.0
26.22,67,1013,,0.0,4,nublado,19.61,-23.431523,-46.718818,2024-11-17 16:35:22,0,824.76,pirituba/jaraguá,0.0,0.3,8.549241065979,0.075
23.37,72,1011,,0.0,0,céu limpo,18.04,-23.431523,-46.718818,2024-11-18 19:21:35,0,824.76,pirituba/jaraguá,0.0,0.0,8.549241065979,0.0
27.2,62,1012,,0.0,0,nublado,19.29,-23.431523,-46.718818,2024-11-19 15:56:22,0,824.76,pirituba/jaraguá,0.0,0.0,8.549241065979,0.0
17.83,86,1014,,0.0,0,nublado,15.46,-23.431523,-46.718818,2024-11-20 05:35:38,0,824.76,pirituba/jaraguá,0.0,0.0,8.549241065979,0.0
16.71,79,1015,,0.0,0,nublado,13.05,-23.483996,-46.716305,2024-11-10 23:28:35,0,735.56,pirituba/jaraguá,0.0,0.0,0.984320282936096,0.0
16.84,82,1014,,0.0,0,céu limpo,13.75,-23.483996,-46.716305,2024-11-11 07:13:16,0,735.56,pirituba/jaraguá,0.0,0.0,0.984320282936096,0.0
28.8,51,1010,,0.0,0,céu limpo,17.66,-23.483996,-46.716305,2024-11-12 10:43:11,0,735.56,pirituba/jaraguá,0.0,0.0,0.984320282936096,0.0
17.83,82,1013,,0.0,0,nublado,14.72,-23.483996,-46.716305,2024-11-13 16:53:52,0,735.56,pirituba/jaraguá,0.0,0.0,0.984320282936096,0.0
18.1,86,1015,,0.0,0,nublado,15.72,-23.483996,-46.716305,2024-11-14 17:23:41,0,735.56,pirituba/jaraguá,0.0,0.0,0.984320282936096,0.0
17.37,94,1016,,0.0,0,nublado,16.4,-23.483996,-46.716305,2024-11-15 00:48:50,0,735.56,pirituba/jaraguá,0.0,0.0,0.984320282936096,0.0
21.0,86,1017,,0.0,0,nublado,18.57,-23.483996,-46.716305,2024-11-16 21:34:33,0,735.56,pirituba/jaraguá,0.0,0.0,0.984320282936096,0.0
24.61,62,1016,,0.19,2,chuva leve,16.85,-23.483996,-46.716305,2024-11-17 10:31:03,0,735.56,pirituba/jaraguá,0.0,0.42,0.984320282936096,0.21
25.83,61,1014,,0.0,0,céu limpo,17.74,-23.483996,-46.716305,2024-11-18 09:31:34,0,735.56,pirituba/jaraguá,0.0,0.0,0.984320282936096,0.0
21.23,74,1013,,0.0,0,céu limpo,16.41,-23.483996,-46.716305,2024-11-19 01:17:08,0,735.56,pirituba/jaraguá,0.0,0.0,0.984320282936096,0.0
19.59,86,1014,,0.0,0,nublado,17.19,-23.483996,-46.716305,2024-11-20 03:45:08,0,735.56,pirituba/jaraguá,0.0,0.0,0.984320282936096,0.0
17.17,78,1016,,0.0,0,nublado,13.31,-23.498396,-46.707066,2024-11-10 20:44:51,0,725.16,pirituba/jaraguá,0.0,0.0,1.7665228843689,0.0
17.44,84,1014,,0.0,0,nublado,14.71,-23.498396,-46.707066,2024-11-11 02:02:13,0,725.16,pirituba/jaraguá,0.0,0.0,1.7665228843689,0.0
19.5,87,1013,,0.0,0,nublado,17.28,-23.498396,-46.707066,2024-11-12 22:12:01,0,725.16,pirituba/jaraguá,0.0,0.0,1.7665228843689,0.0
15.81,82,1017,,0.0,0,nublado,12.75,-23.498396,-46.707066,2024-11-13 22:27:31,0,725.16,pirituba/jaraguá,0.0,0.0,1.7665228843689,0.0
16.46,87,1017,,0.0,0,nublado,14.29,-23.498396,-46.707066,2024-11-14 06:38:02,0,725.16,pirituba/jaraguá,0.0,0.0,1.7665228843689,0.0
24.85,62,1015,,0.0,3,algumas nuvens,17.08,-23.498396,-46.707066,2024-11-15 13:02:19,0,725.16,pirituba/jaraguá,0.0,0.31,1.7665228843689,0.10333333333333333
23.85,73,1015,,0.65,4,chuva leve,18.72,-23.498396,-46.707066,2024-11-16 13:44:17,0,725.16,pirituba/jaraguá,0.0,4.02,1.7665228843689,1.005
23.85,58,1016,,0.19,2,chuva leve,15.09,-23.498396,-46.707066,2024-11-17 10:54:37,0,725.16,pirituba/jaraguá,0.0,0.42,1.7665228843689,0.21
18.6,92,1014,,0.0,0,nuvens dispersas,17.28,-23.498396,-46.707066,2024-11-18 05:42:55,0,725.16,pirituba/jaraguá,0.0,0.0,1.7665228843689,0.0
21.78,77,1014,,0.0,0,nublado,17.57,-23.498396,-46.707066,2024-11-19 19:01:01,0,725.16,pirituba/jaraguá,0.0,0.0,1.7665228843689,0.0
19.6,86,1014,,0.0,0,céu limpo,17.2,-23.498396,-46.707066,2024-11-20 01:42:37,0,725.16,pirituba/jaraguá,0.0,0.0,1.7665228843689,0.0
21.14,87,1020,,0.0,0,nublado,18.89,-23.487212,-46.714751,2024-02-01 23:10:51,0,731.85,pirituba/jaraguá,0.0,0.0,3.9314866065979,0.0
19.72,92,1018,,0.0,0,algumas nuvens,18.38,-23.487212,-46.714751,2024-02-02 04:26:48,0,731.85,pirituba/jaraguá,0.0,0.0,3.9314866065979,0.0
23.2,85,1019,,0.0,0,nublado,20.54,-23.487212,-46.714751,2024-02-03 21:34:22,0,731.85,pirituba/jaraguá,0.0,0.0,3.9314866065979,0.0
19.04,86,1017,,0.0,0,algumas nuvens,16.65,-23.498451,-46.706975,2024-02-01 03:51:59,0,724.27,pirituba/jaraguá,0.0,0.0,1.7665228843689,0.0
20.39,87,1019,,0.21,4,chuva leve,18.15,-23.498451,-46.706975,2024-02-02 19:04:37,0,724.27,pirituba/jaraguá,0.0,7.25,1.7665228843689,1.8125
22.9,85,1019,,0.0,0,nublado,20.24,-23.498451,-46.706975,2024-02-03 22:13:41,0,724.27,pirituba/jaraguá,0.0,0.0,1.7665228843689,0.0
16.52,88,1017,,0.0,0,céu limpo,14.53,-23.431523,-46.718818,2024-02-01 06:25:35,0,824.76,pirituba/jaraguá,0.0,0.0,8.549241065979,0.0
20.25,83,1019,,4.29,4,chuva forte,17.27,-23.431523,-46.718818,2024-02-02 17:07:36,0,824.76,pirituba/jaraguá,0.0,13.64,8.549241065979,3.41
25.99,67,1018,,0.0,4,céu limpo,19.39,-23.431523,-46.718818,2024-02-03 16:48:05,0,824.76,pirituba/jaraguá,0.0,2.03,8.549241065979,0.5075
20.78,87,1020,,0.0,0,algumas nuvens,18.54,-23.483996,-46.716305,2024-02-01 22:20:33,0,735.56,pirituba/jaraguá,0.0,0.0,0.984320282936096,0.0
20.34,89,1019,,1.02,4,chuva moderada,18.47,-23.483996,-46.716305,2024-02-02 18:22:57,0,735.56,pirituba/jaraguá,0.0,8.87,0.984320282936096,2.2175
24.6,75,1019,,0.0,0,céu limpo,19.88,-23.483996,-46.716305,2024-02-03 10:50:01,0,735.56,pirituba/jaraguá,0.0,0.0,0.984320282936096,0.0
18.48,90,1017,,0.0,0,céu limpo,16.81,-23.498396,-46.707066,2024-02-01 05:47:52,0,725.16,pirituba/jaraguá,0.0,0.0,1.7665228843689,0.0
19.85,83,1019,,1.83,4,trovoadas,16.88,-23.498396,-46.707066,2024-02-02 14:45:34,0,725.16,pirituba/jaraguá,0.0,8.91,1.7665228843689,2.2275
25.85,65,1019,,0.0,0,céu limpo,18.77,-23.498396,-46.707066,2024-02-03 11:51:08,0,725.16,pirituba/jaraguá,0.0,0.0,1.7665228843689,0.0
27.84,66,1019,,0.17,4,chuva leve,20.9,-23.6581,-46.7024,2024-02-01 13:59:38,0,735.34,santoamaro,0.0,8.36,0.733701109886169,2.09
19.08,95,1019,,0.0,0,algumas nuvens,18.26,-23.6581,-46.7024,2024-02-02 03:37:04,0,735.34,santoamaro,0.0,0.0,0.733701109886169,0.0
20.36,92,1018,,0.0,0,nublado,19.02,-23.6581,-46.7024,2024-02-03 04:15:28,0,735.34,santoamaro,0.0,0.0,0.733701109886169,0.0
19.39,84,1017,,0.0,0,nuvens dispersas,16.62,-23.6754,-46.6997,2024-02-01 04:17:50,0,723.26,santoamaro,0.0,0.0,1.03755331039429,0.0
23.46,82,1021,,0.11,2,chuva leve,20.21,-23.6754,-46.6997,2024-02-02 09:38:25,0,723.26,santoamaro,0.0,0.25,1.03755331039429,0.125
23.49,77,1019,,0.0,0,céu limpo,19.23,-23.6754,-46.6997,2024-02-03 10:56:00,0,723.26,santoamaro,0.0,0.0,1.03755331039429,0.0
22.47,85,1018,,9.27,4,chuva forte,19.82,-23.6261,-46.6874,2024-02-01 15:05:31,0,727.86,santoamaro,0.0,17.1,2.64366388320923,4.275
20.39,91,1019,,0.0,0,algumas nuvens,18.87,-23.6261,-46.6874,2024-02-02 00:58:11,0,727.86,santoamaro,0.0,0.0,2.64366388320923,0.0
22.51,89,1019,,0.0,0,nublado,20.61,-23.6261,-46.6874,2024-02-03 22:59:09,0,727.86,santoamaro,0.0,0.0,2.64366388320923,0.0
24.38,70,1019,,0.53,2,chuva leve,18.56,-23.6838,-46.6926,2024-02-01 11:25:18,0,724.09,santoamaro,0.0,0.63,3.6195912361145,0.315
19.38,94,1019,,0.0,0,algumas nuvens,18.39,-23.6838,-46.6926,2024-02-02 05:44:27,0,724.09,santoamaro,0.0,0.0,3.6195912361145,0.0
20.43,90,1019,,0.0,0,nublado,18.73,-23.6838,-46.6926,2024-02-03 05:56:50,0,724.09,santoamaro,0.0,0.0,3.6195912361145,0.0
20.77,79,1018,,0.0,0,céu limpo,17.0,-23.6615,-46.6794,2024-02-01 06:40:06,0,743.19,santoamaro,0.0,0.0,8.14809894561768,0.0
20.07,91,1019,,0.0,0,algumas nuvens,18.56,-23.6615,-46.6794,2024-02-02 01:21:05,0,743.19,santoamaro,0.0,0.0,8.14809894561768,0.0
26.43,72,1017,,0.0,4,nublado,20.97,-23.6615,-46.6794,2024-02-03 17:24:23,0,743.19,santoamaro,0.0,5.49,8.14809894561768,1.3725
19.02,88,1017,,0.0,0,céu limpo,16.99,-23.6632,-46.7077,2024-02-01 06:21:15,0,723.94,santoamaro,0.0,0.0,1.18295407295227,0.0
22.89,77,1021,,0.14,1,chuva leve,18.65,-23.6632,-46.7077,2024-02-02 08:49:41,0,723.94,santoamaro,0.0,0.14,1.18295407295227,0.14
20.2,87,1018,,0.0,0,algumas nuvens,17.97,-23.6632,-46.7077,2024-02-03 03:35:05,0,723.94,santoamaro,0.0,0.0,1.18295407295227,0.0
21.09,73,1016,,0.0,0,nublado,16.07,-23.506032,-46.456596,2024-01-01 08:53:56,0,734.24,sãomiguelpaulista,0.0,0.0,3.2449369430542,0.0
19.5,88,1014,,0.0,0,nublado,17.46,-23.506032,-46.456596,2024-01-02 03:03:52,0,734.24,sãomiguelpaulista,0.0,0.0,3.2449369430542,0.0
26.36,65,1012,,0.22,1,chuva leve,19.25,-23.506032,-46.456596,2024-01-03 10:19:23,0,734.24,sãomiguelpaulista,0.0,0.22,3.2449369430542,0.22
19.81,94,1012,,0.0,0,nublado,18.82,-23.506032,-46.456596,2024-01-04 04:29:20,0,734.24,sãomiguelpaulista,0.0,0.0,3.2449369430542,0.0
21.02,92,1014,,0.0,0,nublado,19.67,-23.506032,-46.456596,2024-01-05 07:14:49,0,734.24,sãomiguelpaulista,0.0,0.0,3.2449369430542,0.0
25.83,62,1014,,0.18,1,chuva leve,18.0,-23.506032,-46.456596,2024-01-06 10:38:26,0,734.24,sãomiguelpaulista,0.0,0.18,3.2449369430542,0.18
26.16,62,1014,,0.0,0,céu limpo,18.31,-23.506032,-46.456596,2024-01-07 10:23:03,0,734.24,sãomiguelpaulista,0.0,0.0,3.2449369430542,0.0
25.14,65,1014,,0.0,0,nublado,18.1,-23.486212,-46.459752,2024-01-01 14:15:23,0,729.39,sãomiguelpaulista,0.0,0.0,2.36490035057068,0.0
19.08,88,1014,,0.0,0,nublado,17.05,-23.486212,-46.459752,2024-01-02 04:55:20,0,729.39,sãomiguelpaulista,0.0,0.0,2.36490035057068,0.0
23.97,94,1010,,5.13,4,chuva forte,22.94,-23.486212,-46.459752,2024-01-03 16:13:45,0,729.39,sãomiguelpaulista,0.0,12.02,2.36490035057068,3.005
20.83,94,1013,,0.0,0,garoa de leve intensidade,19.83,-23.486212,-46.459752,2024-01-04 01:08:03,0,729.39,sãomiguelpaulista,0.0,0.0,2.36490035057068,0.0
26.46,62,1013,,0.37,4,chuva leve,18.59,-23.486212,-46.459752,2024-01-05 14:41:21,0,729.39,sãomiguelpaulista,0.0,0.68,2.36490035057068,0.17
25.84,62,1014,,0.18,1,chuva leve,18.01,-23.486212,-46.459752,2024-01-06 11:11:27,0,729.39,sãomiguelpaulista,0.0,0.18,2.36490035057068,0.18
26.24,66,1012,,0.0,3,céu limpo,19.39,-23.486212,-46.459752,2024-01-07 17:45:59,0,729.39,sãomiguelpaulista,0.0,0.45,2.36490035057068,0.15
20.27,83,1015,,0.0,0,nublado,17.29,-23.474823,-46.417531,2024-01-01 21:05:14,0,728.86,sãomiguelpaulista,0.0,0.0,1.31232666969299,0.0
19.52,83,1015,,0.0,0,nublado,16.56,-23.474823,-46.417531,2024-01-02 01:29:48,0,728.86,sãomiguelpaulista,0.0,0.0,1.31232666969299,0.0
19.77,94,1012,,0.0,0,nublado,18.78,-23.474823,-46.417531,2024-01-03 02:01:29,0,728.86,sãomiguelpaulista,0.0,0.0,1.31232666969299,0.0
24.5,73,1013,,0.28,4,chuva leve,19.34,-23.474823,-46.417531,2024-01-04 12:19:38,0,728.86,sãomiguelpaulista,0.0,0.9,1.31232666969299,0.225
20.09,88,1015,,0.0,0,nublado,18.04,-23.474823,-46.417531,2024-01-05 23:29:15,0,728.86,sãomiguelpaulista,0.0,0.0,1.31232666969299,0.0
20.91,83,1015,,0.0,0,nublado,17.92,-23.474823,-46.417531,2024-01-06 07:03:09,0,728.86,sãomiguelpaulista,0.0,0.0,1.31232666969299,0.0
26.22,69,1012,,0.0,3,céu limpo,20.08,-23.474823,-46.417531,2024-01-07 17:56:29,0,728.86,sãomiguelpaulista,0.0,0.45,1.31232666969299,0.15
18.79,77,1017,,0.0,0,nublado,14.68,-23.485466,-46.407488,2024-01-01 01:15:24,0,731.57,sãomiguelpaulista,0.0,0.0,0.733701109886169,0.0
19.29,88,1014,,0.0,0,nublado,17.25,-23.485466,-46.407488,2024-01-02 02:30:28,0,731.57,sãomiguelpaulista,0.0,0.0,0.733701109886169,0.0
19.79,94,1012,,0.0,0,nublado,18.8,-23.485466,-46.407488,2024-01-03 05:32:12,0,731.57,sãomiguelpaulista,0.0,0.0,0.733701109886169,0.0
23.34,83,1014,,0.19,4,chuva leve,20.29,-23.485466,-46.407488,2024-01-04 09:57:14,0,731.57,sãomiguelpaulista,0.0,0.49,0.733701109886169,0.1225
19.56,94,1013,,0.0,0,nublado,18.57,-23.485466,-46.407488,2024-01-05 04:11:16,0,731.57,sãomiguelpaulista,0.0,0.0,0.733701109886169,0.0
27.5,61,1013,,0.22,4,chuva leve,19.31,-23.485466,-46.407488,2024-01-06 15:24:56,0,731.57,sãomiguelpaulista,0.0,0.51,0.733701109886169,0.1275
24.9,69,1012,,0.0,4,céu limpo,18.82,-23.485466,-46.407488,2024-01-07 19:02:02,0,731.57,sãomiguelpaulista,0.0,0.45,0.733701109886169,0.1125
21.4,78,1013,,0.0,0,nublado,17.41,-23.488974,-46.404744,2024-01-01 19:23:35,0,729.82,sãomiguelpaulista,0.0,0.0,5.27611875534058,0.0
24.73,65,1013,,0.0,0,nuvens dispersas,17.71,-23.488974,-46.404744,2024-01-02 10:09:34,0,729.82,sãomiguelpaulista,0.0,0.0,5.27611875534058,0.0
19.89,94,1012,,0.0,0,nublado,18.9,-23.488974,-46.404744,2024-01-03 04:56:17,0,729.82,sãomiguelpaulista,0.0,0.0,5.27611875534058,0.0
24.62,73,1012,,0.0,4,chuva leve,19.46,-23.488974,-46.404744,2024-01-04 13:54:06,0,729.82,sãomiguelpaulista,0.0,0.81,5.27611875534058,0.2025
26.01,65,1012,,0.37,2,chuva leve,18.92,-23.488974,-46.404744,2024-01-05 16:23:56,0,729.82,sãomiguelpaulista,0.0,0.74,5.27611875534058,0.37
20.6,83,1016,,0.0,0,nublado,17.61,-23.488974,-46.404744,2024-01-06 22:31:19,0,729.82,sãomiguelpaulista,0.0,0.0,5.27611875534058,0.0
28.43,61,1014,,0.14,1,chuva leve,20.18,-23.488974,-46.404744,2024-01-07 10:36:40,0,729.82,sãomiguelpaulista,0.0,0.14,5.27611875534058,0.14
20.42,78,1016,,0.0,0,nublado,16.46,-23.491512,-46.405495,2024-01-01 23:05:40,0,731.08,sãomiguelpaulista,0.0,0.0,0.656249403953552,0.0
20.33,94,1013,,0.0,0,nublado,19.33,-23.491512,-46.405495,2024-01-02 23:07:23,0,731.08,sãomiguelpaulista,0.0,0.0,0.656249403953552,0.0
21.04,88,1013,,0.0,0,nublado,18.98,-23.491512,-46.405495,2024-01-03 23:21:39,0,731.08,sãomiguelpaulista,0.0,0.0,0.656249403953552,0.0
20.67,100,1014,,0.0,0,chuva leve,20.67,-23.491512,-46.405495,2024-01-04 21:21:02,0,731.08,sãomiguelpaulista,0.0,0.0,0.656249403953552,0.0
19.75,100,1013,,0.0,0,nublado,19.75,-23.491512,-46.405495,2024-01-05 02:45:46,0,731.08,sãomiguelpaulista,0.0,0.0,0.656249403953552,0.0
19.07,94,1014,,0.0,0,nublado,18.08,-23.491512,-46.405495,2024-01-06 04:37:36,0,731.08,sãomiguelpaulista,0.0,0.0,0.656249403953552,0.0
24.5,73,1015,,0.0,0,algumas nuvens,19.34,-23.491512,-46.405495,2024-01-07 09:01:55,0,731.08,sãomiguelpaulista,0.0,0.0,0.656249403953552,0.0
26.12,59,1016,,0.0,0,nuvens dispersas,17.49,-23.507709,-46.690589,2023-05-01 12:56:21,0,720.55,freguesiadoó,0.0,0.0,4.27048397064209,0.0
25.05,58,1014,,0.13,4,chuva leve,16.22,-23.507709,-46.690589,2023-05-02 14:44:06,0,720.55,freguesiadoó,0.0,0.74,4.27048397064209,0.185
21.56,85,1017,,0.0,0,nuvens dispersas,18.93,-23.507709,-46.690589,2023-05-03 19:52:21,0,720.55,freguesiadoó,0.0,0.0,4.27048397064209,0.0
21.4,83,1017,,0.0,0,nuvens dispersas,18.39,-23.507709,-46.690589,2023-05-04 00:15:07,0,720.55,freguesiadoó,0.0,0.0,4.27048397064209,0.0
20.3,85,1019,,0.0,0,nublado,17.7,-23.507709,-46.690589,2023-05-05 02:33:56,0,720.55,freguesiadoó,0.0,0.0,4.27048397064209,0.0
21.44,85,1020,,0.0,0,nublado,18.81,-23.507709,-46.690589,2023-05-06 03:15:57,0,720.55,freguesiadoó,0.0,0.0,4.27048397064209,0.0
26.9,50,1016,,0.0,0,nuvens dispersas,15.61,-23.507709,-46.690589,2023-05-07 15:27:05,0,720.55,freguesiadoó,0.0,0.0,4.27048397064209,0.0
20.3,89,1018,,0.0,0,céu limpo,18.43,-23.507709,-46.690589,2023-05-08 02:40:41,0,720.55,freguesiadoó,0.0,0.0,4.27048397064209,0.0
21.57,89,1020,,0.0,0,chuva leve,19.68,-23.507709,-46.690589,2023-05-09 22:17:50,0,720.55,freguesiadoó,0.0,0.0,4.27048397064209,0.0
19.12,91,1017,,0.87,4,chuva leve,17.62,-23.507709,-46.690589,2023-05-10 19:26:55,0,720.55,freguesiadoó,0.0,1.9,4.27048397064209,0.475
18.56,89,1017,,0.0,0,nublado,16.71,-23.498796,-46.706667,2023-05-01 03:35:49,0,723.13,freguesiadoó,0.0,0.0,2.36490035057068,0.0
20.7,81,1017,,0.0,0,céu limpo,17.32,-23.498796,-46.706667,2023-05-02 01:11:54,0,723.13,freguesiadoó,0.0,0.0,2.36490035057068,0.0
21.07,88,1017,,0.0,0,nuvens dispersas,19.01,-23.498796,-46.706667,2023-05-03 20:52:34,0,723.13,freguesiadoó,0.0,0.0,2.36490035057068,0.0
20.15,86,1017,,0.0,0,nublado,17.74,-23.498796,-46.706667,2023-05-04 05:29:26,0,723.13,freguesiadoó,0.0,0.0,2.36490035057068,0.0
20.15,84,1019,,0.0,0,nuvens dispersas,17.36,-23.498796,-46.706667,2023-05-05 02:04:42,0,723.13,freguesiadoó,0.0,0.0,2.36490035057068,0.0
19.66,90,1021,,0.0,0,nublado,17.97,-23.498796,-46.706667,2023-05-06 06:48:56,0,723.13,freguesiadoó,0.0,0.0,2.36490035057068,0.0
20.14,83,1018,,0.0,0,algumas nuvens,17.16,-23.498796,-46.706667,2023-05-07 02:46:34,0,723.13,freguesiadoó,0.0,0.0,2.36490035057068,0.0
20.15,89,1019,,0.0,0,nublado,18.28,-23.498796,-46.706667,2023-05-08 01:45:04,0,723.13,freguesiadoó,0.0,0.0,2.36490035057068,0.0
24.85,68,1019,,0.0,0,algumas nuvens,18.54,-23.498796,-46.706667,2023-05-09 10:49:39,0,723.13,freguesiadoó,0.0,0.0,2.36490035057068,0.0
18.98,91,1017,,0.87,4,chuva leve,17.48,-23.498796,-46.706667,2023-05-10 18:49:45,0,723.13,freguesiadoó,0.0,1.9,2.36490035057068,0.475
21.4,85,1015,,0.0,4,nublado,18.77,-23.501223,-46.683717,2023-05-01 19:27:26,0,722.4,freguesiadoó,0.0,0.41,1.64024698734283,0.1025
19.93,89,1015,,0.0,4,chuva leve,18.06,-23.501223,-46.683717,2023-05-02 17:32:28,0,722.4,freguesiadoó,0.0,0.47,1.64024698734283,0.1175
20.75,84,1016,,0.0,0,algumas nuvens,17.95,-23.501223,-46.683717,2023-05-03 00:42:47,0,722.4,freguesiadoó,0.0,0.0,1.64024698734283,0.0
19.56,93,1019,,0.0,0,névoa,18.4,-23.501223,-46.683717,2023-05-04 07:19:01,0,722.4,freguesiadoó,0.0,0.0,1.64024698734283,0.0
20.19,89,1021,,0.0,0,algumas nuvens,18.32,-23.501223,-46.683717,2023-05-05 06:59:32,0,722.4,freguesiadoó,0.0,0.0,1.64024698734283,0.0
21.32,83,1020,,0.0,0,nublado,18.32,-23.501223,-46.683717,2023-05-06 23:43:30,0,722.4,freguesiadoó,0.0,0.0,1.64024698734283,0.0
20.89,79,1018,,0.0,0,névoa,17.11,-23.501223,-46.683717,2023-05-07 19:45:35,0,722.4,freguesiadoó,0.0,0.0,1.64024698734283,0.0
20.2,87,1018,,0.0,0,céu limpo,17.97,-23.501223,-46.683717,2023-05-08 04:06:33,0,722.4,freguesiadoó,0.0,0.0,1.64024698734283,0.0
26.97,63,1017,,0.0,0,nublado,19.33,-23.501223,-46.683717,2023-05-09 13:53:04,0,722.4,freguesiadoó,0.0,0.0,1.64024698734283,0.0
18.23,95,1017,,0.0,4,névoa,17.42,-23.501223,-46.683717,2023-05-10 22:01:13,0,722.4,freguesiadoó,0.0,1.0,1.64024698734283,0.25
21.97,84,1014,,0.41,1,chuva leve,19.14,-23.50471,-46.675745,2023-05-01 15:58:25,0,721.6,freguesiadoó,0.0,0.41,0.328135460615158,0.41
23.96,68,1015,,0.11,2,chuva leve,17.69,-23.50471,-46.675745,2023-05-02 11:59:46,0,721.6,freguesiadoó,0.0,0.23,0.328135460615158,0.115
24.4,86,1017,,0.0,0,nuvens dispersas,21.91,-23.50471,-46.675745,2023-05-03 11:13:47,0,721.6,freguesiadoó,0.0,0.0,0.328135460615158,0.0
21.93,77,1020,,0.0,0,céu limpo,17.72,-23.50471,-46.675745,2023-05-04 23:03:36,0,721.6,freguesiadoó,0.0,0.0,0.328135460615158,0.0
26.96,53,1017,,0.0,0,algumas nuvens,16.57,-23.50471,-46.675745,2023-05-05 15:12:39,0,721.6,freguesiadoó,0.0,0.0,0.328135460615158,0.0
25.62,56,1017,,0.0,0,algumas nuvens,16.2,-23.50471,-46.675745,2023-05-06 16:21:11,0,721.6,freguesiadoó,0.0,0.0,0.328135460615158,0.0
26.14,60,1017,,0.0,0,céu limpo,17.77,-23.50471,-46.675745,2023-05-07 13:03:39,0,721.6,freguesiadoó,0.0,0.0,0.328135460615158,0.0
20.26,88,1018,,0.0,0,céu limpo,18.21,-23.50471,-46.675745,2023-05-08 02:41:14,0,721.6,freguesiadoó,0.0,0.0,0.328135460615158,0.0
21.41,88,1020,,0.0,0,chuva leve,19.34,-23.50471,-46.675745,2023-05-09 21:52:04,0,721.6,freguesiadoó,0.0,0.0,0.328135460615158,0.0
20.82,85,1018,,0.0,0,nublado,18.21,-23.50471,-46.675745,2023-05-10 01:43:37,0,721.6,freguesiadoó,0.0,0.0,0.328135460615158,0.0
21.88,68,1019,,0.0,0,céu limpo,15.71,-23.481944,-46.676904,2023-05-01 10:25:09,0,730.72,freguesiadoó,0.0,0.0,1.18295407295227,0.0
18.6,94,1016,,0.0,0,névoa,17.62,-23.481944,-46.676904,2023-05-02 06:07:43,0,730.72,freguesiadoó,0.0,0.0,1.18295407295227,0.0
26.52,51,1014,,0.0,0,nuvens dispersas,15.57,-23.481944,-46.676904,2023-05-03 14:17:53,0,730.72,freguesiadoó,0.0,0.0,1.18295407295227,0.0
22.1,80,1019,,0.0,0,céu limpo,18.49,-23.481944,-46.676904,2023-05-04 21:37:33,0,730.72,freguesiadoó,0.0,0.0,1.18295407295227,0.0
19.07,90,1019,,0.0,0,névoa,17.39,-23.481944,-46.676904,2023-05-05 05:36:14,0,730.72,freguesiadoó,0.0,0.0,1.18295407295227,0.0
25.7,59,1017,,0.0,0,céu limpo,17.09,-23.481944,-46.676904,2023-05-06 15:13:41,0,730.72,freguesiadoó,0.0,0.0,1.18295407295227,0.0
26.84,56,1016,,0.0,0,algumas nuvens,17.33,-23.481944,-46.676904,2023-05-07 14:25:31,0,730.72,freguesiadoó,0.0,0.0,1.18295407295227,0.0
23.6,62,1017,,0.0,0,nuvens dispersas,15.9,-23.481944,-46.676904,2023-05-08 18:34:12,0,730.72,freguesiadoó,0.0,0.0,1.18295407295227,0.0
19.61,87,1018,,0.0,0,nublado,17.39,-23.481944,-46.676904,2023-05-09 07:00:37,0,730.72,freguesiadoó,0.0,0.0,1.18295407295227,0.0
20.73,85,1018,,0.0,0,nublado,18.12,-23.481944,-46.676904,2023-05-10 01:43:44,0,730.72,freguesiadoó,0.0,0.0,1.18295407295227,0.0
20.94,87,1016,,0.0,0,nublado,18.7,-23.501357,-46.690638,2023-05-01 19:40:48,0,744.8,freguesiadoó,0.0,0.0,11.4956245422363,0.0
20.3,82,1017,,0.0,0,névoa,17.13,-23.501357,-46.690638,2023-05-02 23:29:47,0,744.8,freguesiadoó,0.0,0.0,11.4956245422363,0.0
24.55,72,1016,,0.0,0,céu limpo,19.17,-23.501357,-46.690638,2023-05-03 11:31:47,0,744.8,freguesiadoó,0.0,0.0,11.4956245422363,0.0
22.13,81,1019,,0.0,0,céu limpo,18.72,-23.501357,-46.690638,2023-05-04 22:29:19,0,744.8,freguesiadoó,0.0,0.0,11.4956245422363,0.0
21.67,88,1021,,0.0,0,nublado,19.6,-23.501357,-46.690638,2023-05-05 20:35:47,0,744.8,freguesiadoó,0.0,0.0,11.4956245422363,0.0
21.36,81,1019,,0.0,0,nublado,17.97,-23.501357,-46.690638,2023-05-06 18:56:12,0,744.8,freguesiadoó,0.0,0.0,11.4956245422363,0.0
20.82,83,1020,,0.0,0,algumas nuvens,17.83,-23.501357,-46.690638,2023-05-07 10:21:38,0,744.8,freguesiadoó,0.0,0.0,11.4956245422363,0.0
26.36,52,1016,,0.0,0,céu limpo,15.72,-23.501357,-46.690638,2023-05-08 17:06:43,0,744.8,freguesiadoó,0.0,0.0,11.4956245422363,0.0
21.23,81,1018,,0.0,0,nublado,17.84,-23.501357,-46.690638,2023-05-09 01:21:43,0,744.8,freguesiadoó,0.0,0.0,11.4956245422363,0.0
21.67,86,1016,,0.0,2,nublado,19.23,-23.501357,-46.690638,2023-05-10 15:02:14,0,744.8,freguesiadoó,0.0,0.14,11.4956245422363,0.07
20.42,88,1017,,0.0,0,nublado,18.37,-23.5725,-46.6071,2023-05-01 21:10:09,0,726.46,ipiranga,0.0,0.0,1.67271196842194,0.0
23.04,76,1014,,0.0,4,nublado,18.58,-23.5725,-46.6071,2023-05-02 16:07:02,0,726.46,ipiranga,0.0,0.58,1.67271196842194,0.145
23.02,72,1017,,0.0,0,algumas nuvens,17.7,-23.5725,-46.6071,2023-05-03 11:08:02,0,726.46,ipiranga,0.0,0.0,1.67271196842194,0.0
23.67,67,1018,,0.0,0,céu limpo,17.18,-23.5725,-46.6071,2023-05-04 18:52:35,0,726.46,ipiranga,0.0,0.0,1.67271196842194,0.0
21.43,84,1022,,0.0,0,nublado,18.61,-23.5725,-46.6071,2023-05-05 08:50:33,0,726.46,ipiranga,0.0,0.0,1.67271196842194,0.0
21.6,82,1021,,0.0,0,nublado,18.4,-23.5725,-46.6071,2023-05-06 11:10:19,0,726.46,ipiranga,0.0,0.0,1.67271196842194,0.0
18.99,88,1020,,0.0,0,névoa,16.96,-23.5725,-46.6071,2023-05-07 07:53:53,0,726.46,ipiranga,0.0,0.0,1.67271196842194,0.0
22.57,79,1018,,0.0,0,céu limpo,18.75,-23.5725,-46.6071,2023-05-08 21:58:34,0,726.46,ipiranga,0.0,0.0,1.67271196842194,0.0
20.43,87,1018,,0.0,0,nublado,18.19,-23.5725,-46.6071,2023-05-09 05:20:35,0,726.46,ipiranga,0.0,0.0,1.67271196842194,0.0
19.53,95,1018,,0.0,0,nublado,18.71,-23.5725,-46.6071,2023-05-10 03:23:57,0,726.46,ipiranga,0.0,0.0,1.67271196842194,0.0
24.7,63,1014,,0.0,4,nublado,17.19,-23.583,-46.6046,2023-05-01 15:27:36,0,743.85,ipiranga,0.0,0.11,8.051025390625,0.0275
19.57,89,1017,,0.0,0,céu limpo,17.71,-23.583,-46.6046,2023-05-02 01:23:27,0,743.85,ipiranga,0.0,0.0,8.051025390625,0.0
19.57,88,1016,,0.0,0,céu limpo,17.53,-23.583,-46.6046,2023-05-03 01:46:24,0,743.85,ipiranga,0.0,0.0,8.051025390625,0.0
26.98,49,1017,,0.0,0,nuvens dispersas,15.36,-23.583,-46.6046,2023-05-04 13:06:13,0,743.85,ipiranga,0.0,0.0,8.051025390625,0.0
19.91,87,1019,,0.0,0,nublado,17.68,-23.583,-46.6046,2023-05-05 04:22:15,0,743.85,ipiranga,0.0,0.0,8.051025390625,0.0
22.78,74,1020,,0.0,0,nublado,17.91,-23.583,-46.6046,2023-05-06 11:55:55,0,743.85,ipiranga,0.0,0.0,8.051025390625,0.0
20.25,88,1018,,0.0,0,névoa,18.2,-23.583,-46.6046,2023-05-07 21:07:55,0,743.85,ipiranga,0.0,0.0,8.051025390625,0.0
20.3,86,1018,,0.0,0,céu limpo,17.88,-23.583,-46.6046,2023-05-08 03:36:06,0,743.85,ipiranga,0.0,0.0,8.051025390625,0.0
22.07,80,1017,,0.0,0,nublado,18.46,-23.583,-46.6046,2023-05-09 15:56:45,0,743.85,ipiranga,0.0,0.0,8.051025390625,0.0
19.19,93,1019,,2.79,4,chuva moderada,18.03,-23.583,-46.6046,2023-05-10 07:12:35,0,743.85,ipiranga,0.0,6.44,8.051025390625,1.61
25.65,59,1017,,0.11,1,chuva leve,17.05,-23.5878,-46.6028,2023-05-01 12:14:58,0,738.73,ipiranga,0.0,0.11,2.70389485359192,0.11
19.49,90,1017,,0.0,0,névoa,17.81,-23.5878,-46.6028,2023-05-02 21:20:40,0,738.73,ipiranga,0.0,0.0,2.70389485359192,0.0
20.27,89,1017,,0.0,0,nublado,18.4,-23.5878,-46.6028,2023-05-03 22:04:54,0,738.73,ipiranga,0.0,0.0,2.70389485359192,0.0
19.54,89,1017,,0.0,0,nublado,17.68,-23.5878,-46.6028,2023-05-04 04:58:16,0,738.73,ipiranga,0.0,0.0,2.70389485359192,0.0
20.93,84,1022,,0.0,0,nublado,18.13,-23.5878,-46.6028,2023-05-05 08:30:36,0,738.73,ipiranga,0.0,0.0,2.70389485359192,0.0
20.5,84,1020,,0.0,0,nublado,17.7,-23.5878,-46.6028,2023-05-06 20:42:57,0,738.73,ipiranga,0.0,0.0,2.70389485359192,0.0
18.87,86,1018,,0.0,0,nublado,16.48,-23.5878,-46.6028,2023-05-07 04:41:00,0,738.73,ipiranga,0.0,0.0,2.70389485359192,0.0
20.27,85,1018,,0.0,0,céu limpo,17.67,-23.5878,-46.6028,2023-05-08 02:38:21,0,738.73,ipiranga,0.0,0.0,2.70389485359192,0.0
20.61,84,1018,,0.0,0,algumas nuvens,17.81,-23.5878,-46.6028,2023-05-09 03:11:15,0,738.73,ipiranga,0.0,0.0,2.70389485359192,0.0
17.43,94,1017,,0.29,3,chuva leve,16.45,-23.5878,-46.6028,2023-05-10 20:22:14,0,738.73,ipiranga,0.0,1.41,2.70389485359192,0.47
19.68,89,1017,,0.0,0,nublado,17.82,-23.5769,-46.6064,2023-05-01 01:53:21,0,734.58,ipiranga,0.0,0.0,0.656249403953552,0.0
19.68,89,1017,,0.0,0,céu limpo,17.82,-23.5769,-46.6064,2023-05-02 01:13:04,0,734.58,ipiranga,0.0,0.0,0.656249403953552,0.0
22.92,73,1015,,0.0,0,nuvens dispersas,17.83,-23.5769,-46.6064,2023-05-03 17:28:06,0,734.58,ipiranga,0.0,0.0,0.656249403953552,0.0
21.7,83,1019,,0.0,0,céu limpo,18.69,-23.5769,-46.6064,2023-05-04 21:23:50,0,734.58,ipiranga,0.0,0.0,0.656249403953552,0.0
19.33,89,1021,,0.0,0,algumas nuvens,17.47,-23.5769,-46.6064,2023-05-05 08:04:40,0,734.58,ipiranga,0.0,0.0,0.656249403953552,0.0
20.56,86,1020,,0.0,0,nublado,18.14,-23.5769,-46.6064,2023-05-06 23:38:50,0,734.58,ipiranga,0.0,0.0,0.656249403953552,0.0
21.97,87,1018,,0.0,0,céu limpo,19.71,-23.5769,-46.6064,2023-05-07 18:30:46,0,734.58,ipiranga,0.0,0.0,0.656249403953552,0.0
26.97,53,1017,,0.0,0,nuvens dispersas,16.58,-23.5769,-46.6064,2023-05-08 13:13:27,0,734.58,ipiranga,0.0,0.0,0.656249403953552,0.0
20.6,84,1019,,0.0,0,algumas nuvens,17.8,-23.5769,-46.6064,2023-05-09 07:49:33,0,734.58,ipiranga,0.0,0.0,0.656249403953552,0.0
17.56,95,1017,,0.0,4,névoa,16.75,-23.5769,-46.6064,2023-05-10 22:01:32,0,734.58,ipiranga,0.0,1.3,0.656249403953552,0.325
19.75,86,1017,,0.0,0,algumas nuvens,17.34,-23.5918,-46.5988,2023-05-01 23:40:17,0,733.9,ipiranga,0.0,0.0,0.464048534631729,0.0
19.76,89,1016,,0.0,0,névoa,17.9,-23.5918,-46.5988,2023-05-02 20:07:26,0,733.9,ipiranga,0.0,0.0,0.464048534631729,0.0
22.48,83,1015,,0.0,0,nuvens dispersas,19.45,-23.5918,-46.5988,2023-05-03 16:35:59,0,733.9,ipiranga,0.0,0.0,0.464048534631729,0.0
27.18,44,1016,,0.0,0,céu limpo,13.88,-23.5918,-46.5988,2023-05-04 16:45:28,0,733.9,ipiranga,0.0,0.0,0.464048534631729,0.0
20.68,84,1019,,0.0,0,nublado,17.88,-23.5918,-46.5988,2023-05-05 03:02:59,0,733.9,ipiranga,0.0,0.0,0.464048534631729,0.0
19.6,92,1020,,0.0,0,nuvens dispersas,18.26,-23.5918,-46.5988,2023-05-06 05:10:26,0,733.9,ipiranga,0.0,0.0,0.464048534631729,0.0
20.31,88,1018,,0.0,0,névoa,18.26,-23.5918,-46.5988,2023-05-07 21:20:18,0,733.9,ipiranga,0.0,0.0,0.464048534631729,0.0
21.74,81,1018,,0.0,0,nublado,18.34,-23.5918,-46.5988,2023-05-08 23:51:20,0,733.9,ipiranga,0.0,0.0,0.464048534631729,0.0
20.8,86,1018,,0.0,0,nublado,18.37,-23.5918,-46.5988,2023-05-09 17:47:38,0,733.9,ipiranga,0.0,0.0,0.464048534631729,0.0
17.18,95,1017,,0.0,4,névoa,16.37,-23.5918,-46.5988,2023-05-10 21:50:13,0,733.9,ipiranga,0.0,1.3,0.464048534631729,0.325
24.06,64,1018,,0.0,0,algumas nuvens,16.83,-23.5676,-46.6067,2023-05-01 11:15:35,0,727.41,ipiranga,0.0,0.0,2.64366388320923,0.0
26.33,55,1014,,0.21,2,chuva leve,16.57,-23.5676,-46.6067,2023-05-02 13:56:57,0,727.41,ipiranga,0.0,0.44,2.64366388320923,0.22
26.12,57,1015,,0.0,0,nuvens dispersas,16.94,-23.5676,-46.6067,2023-05-03 13:09:54,0,727.41,ipiranga,0.0,0.0,2.64366388320923,0.0
23.7,67,1018,,0.0,0,céu limpo,17.21,-23.5676,-46.6067,2023-05-04 18:54:12,0,727.41,ipiranga,0.0,0.0,2.64366388320923,0.0
27.73,50,1018,,0.0,0,céu limpo,16.37,-23.5676,-46.6067,2023-05-05 13:37:04,0,727.41,ipiranga,0.0,0.0,2.64366388320923,0.0
20.88,83,1020,,0.0,0,nublado,17.89,-23.5676,-46.6067,2023-05-06 21:27:19,0,727.41,ipiranga,0.0,0.0,2.64366388320923,0.0
20.95,82,1020,,0.0,0,algumas nuvens,17.76,-23.5676,-46.6067,2023-05-07 10:03:34,0,727.41,ipiranga,0.0,0.0,2.64366388320923,0.0
23.31,70,1017,,0.0,0,nuvens dispersas,17.53,-23.5676,-46.6067,2023-05-08 18:44:32,0,727.41,ipiranga,0.0,0.0,2.64366388320923,0.0
21.26,89,1018,,0.0,0,nublado,19.37,-23.5676,-46.6067,2023-05-09 16:52:08,0,727.41,ipiranga,0.0,0.0,2.64366388320923,0.0
19.16,92,1018,,0.35,4,garoa de leve intensidade,17.83,-23.5676,-46.6067,2023-05-10 05:59:05,0,727.41,ipiranga,0.0,2.58,2.64366388320923,0.645
29.9,23,1017,,0.0,0,céu limpo,6.54,-23.499071,-46.68373,2024-09-01 13:10:16,0,732.84,casaverde,0.0,0.0,4.30785942077637,0.0
17.97,86,1017,,0.0,0,névoa,15.6,-23.499071,-46.68373,2024-09-02 23:59:08,0,732.84,casaverde,0.0,0.0,4.30785942077637,0.0
27.9,33,1015,,0.0,0,céu limpo,10.16,-23.499071,-46.68373,2024-09-03 18:19:59,0,732.84,casaverde,0.0,0.0,4.30785942077637,0.0
31.1,22,1015,,0.0,0,céu limpo,6.9,-23.499071,-46.68373,2024-09-04 16:03:44,0,732.84,casaverde,0.0,0.0,4.30785942077637,0.0
26.66,47,1016,,0.0,0,céu limpo,14.43,-23.499071,-46.68373,2024-09-05 15:05:30,0,732.84,casaverde,0.0,0.0,4.30785942077637,0.0
17.72,85,1020,,0.0,0,névoa,15.17,-23.499071,-46.68373,2024-09-06 20:25:51,0,732.84,casaverde,0.0,0.0,4.30785942077637,0.0
17.97,90,1019,,0.0,0,algumas nuvens,16.31,-23.499071,-46.68373,2024-09-07 02:42:25,0,732.84,casaverde,0.0,0.0,4.30785942077637,0.0
21.87,81,1019,,0.0,0,céu limpo,18.46,-23.499071,-46.68373,2024-09-08 04:56:21,0,732.84,casaverde,0.0,0.0,4.30785942077637,0.0
27.39,23,1017,,0.0,0,céu limpo,4.45,-23.499071,-46.68373,2024-09-09 19:17:24,0,732.84,casaverde,0.0,0.0,4.30785942077637,0.0
30.9,28,1015,,0.0,0,nuvens dispersas,10.29,-23.499071,-46.68373,2024-09-10 12:58:14,0,732.84,casaverde,0.0,0.0,4.30785942077637,0.0
24.19,51,1015,,0.0,0,céu limpo,13.42,-23.499071,-46.68373,2024-09-11 21:23:01,0,732.84,casaverde,0.0,0.0,4.30785942077637,0.0
26.35,34,1016,,0.0,0,céu limpo,9.25,-23.499071,-46.68373,2024-09-12 00:14:18,0,732.84,casaverde,0.0,0.0,4.30785942077637,0.0
21.86,50,1016,,0.0,0,neblina,10.98,-23.499071,-46.68373,2024-09-13 06:07:33,0,732.84,casaverde,0.0,0.0,4.30785942077637,0.0
21.87,48,1014,,0.0,0,céu limpo,10.38,-23.499071,-46.68373,2024-09-14 03:21:36,0,732.84,casaverde,0.0,0.0,4.30785942077637,0.0
19.64,83,1020,,0.0,0,nublado,16.67,-23.499071,-46.68373,2024-09-15 01:34:39,0,732.84,casaverde,0.0,0.0,4.30785942077637,0.0
16.38,92,1022,,1.54,4,chuva moderada,15.08,-23.499071,-46.68373,2024-09-16 11:21:10,0,732.84,casaverde,0.0,6.95,4.30785942077637,1.7375
15.92,80,1021,,0.0,0,nublado,12.48,-23.499071,-46.68373,2024-09-17 14:42:04,0,732.84,casaverde,0.0,0.0,4.30785942077637,0.0
16.92,79,1022,,0.0,0,nublado,13.26,-23.499071,-46.68373,2024-09-18 11:46:55,0,732.84,casaverde,0.0,0.0,4.30785942077637,0.0
16.88,91,1017,,0.0,0,nublado,15.4,-23.499071,-46.68373,2024-09-19 04:36:50,0,732.84,casaverde,0.0,0.0,4.30785942077637,0.0
30.83,38,1011,,0.0,3,céu limpo,14.88,-23.499071,-46.68373,2024-09-20 17:01:59,0,732.84,casaverde,0.0,1.26,4.30785942077637,0.42
15.28,76,1018,,0.0,0,céu limpo,11.08,-23.511279,-46.668402,2024-09-01 05:27:07,0,723.58,casaverde,0.0,0.0,2.38750553131104,0.0
17.67,82,1016,,0.0,0,névoa,14.56,-23.511279,-46.668402,2024-09-02 19:53:37,0,723.58,casaverde,0.0,0.0,2.38750553131104,0.0
17.49,87,1017,,0.0,0,nublado,15.3,-23.511279,-46.668402,2024-09-03 00:38:34,0,723.58,casaverde,0.0,0.0,2.38750553131104,0.0
26.63,31,1017,,0.0,0,céu limpo,8.13,-23.511279,-46.668402,2024-09-04 20:08:43,0,723.58,casaverde,0.0,0.0,2.38750553131104,0.0
20.01,68,1020,,0.0,0,nuvens dispersas,13.93,-23.511279,-46.668402,2024-09-05 11:04:11,0,723.58,casaverde,0.0,0.0,2.38750553131104,0.0
21.15,68,1020,,0.0,0,nublado,15.02,-23.511279,-46.668402,2024-09-06 11:34:16,0,723.58,casaverde,0.0,0.0,2.38750553131104,0.0
25.67,50,1017,,0.0,0,nuvens dispersas,14.48,-23.511279,-46.668402,2024-09-07 18:41:58,0,723.58,casaverde,0.0,0.0,2.38750553131104,0.0
22.5,77,1018,,0.0,0,céu limpo,18.27,-23.511279,-46.668402,2024-09-08 02:51:16,0,723.58,casaverde,0.0,0.0,2.38750553131104,0.0
21.39,73,1019,,0.0,0,céu limpo,16.35,-23.511279,-46.668402,2024-09-09 01:06:46,0,723.58,casaverde,0.0,0.0,2.38750553131104,0.0
31.98,19,1013,,0.0,0,nuvens dispersas,5.5,-23.511279,-46.668402,2024-09-10 14:45:15,0,723.58,casaverde,0.0,0.0,2.38750553131104,0.0
24.98,41,1018,,0.0,0,nublado,10.83,-23.511279,-46.668402,2024-09-11 09:06:20,0,723.58,casaverde,0.0,0.0,2.38750553131104,0.0
23.43,43,1016,,0.0,0,céu limpo,10.15,-23.511279,-46.668402,2024-09-12 01:59:42,0,723.58,casaverde,0.0,0.0,2.38750553131104,0.0
24.43,35,1016,,0.0,0,céu limpo,7.99,-23.511279,-46.668402,2024-09-13 01:13:37,0,723.58,casaverde,0.0,0.0,2.38750553131104,0.0
24.29,49,1017,,0.0,0,céu limpo,12.9,-23.511279,-46.668402,2024-09-14 19:02:22,0,723.58,casaverde,0.0,0.0,2.38750553131104,0.0
19.77,74,1021,,0.1,3,chuva leve,15.01,-23.511279,-46.668402,2024-09-15 11:19:19,0,723.58,casaverde,0.0,0.32,2.38750553131104,0.10666666666666667
16.39,90,1021,,0.23,4,chuva leve,14.75,-23.511279,-46.668402,2024-09-16 13:50:06,0,723.58,casaverde,0.0,2.62,2.38750553131104,0.655
16.15,79,1022,,0.0,0,nublado,12.51,-23.511279,-46.668402,2024-09-17 17:28:15,0,723.58,casaverde,0.0,0.0,2.38750553131104,0.0
15.83,86,1023,,0.0,0,nublado,13.49,-23.511279,-46.668402,2024-09-18 01:11:08,0,723.58,casaverde,0.0,0.0,2.38750553131104,0.0
18.72,89,1017,,0.0,0,névoa,16.87,-23.511279,-46.668402,2024-09-19 19:04:11,0,723.58,casaverde,0.0,0.0,2.38750553131104,0.0
22.5,73,1015,,0.0,0,céu limpo,17.42,-23.511279,-46.668402,2024-09-20 09:26:57,0,723.58,casaverde,0.0,0.0,2.38750553131104,0.0
20.99,54,1016,,0.0,0,céu limpo,11.34,-23.502448,-46.685965,2024-09-01 22:11:43,0,721.33,casaverde,0.0,0.0,1.18295407295227,0.0
24.99,53,1013,,0.0,0,nublado,14.75,-23.502448,-46.685965,2024-09-02 14:58:04,0,721.33,casaverde,0.0,0.0,1.18295407295227,0.0
22.04,64,1018,,0.0,0,céu limpo,14.92,-23.502448,-46.685965,2024-09-03 22:48:21,0,721.33,casaverde,0.0,0.0,1.18295407295227,0.0
21.44,73,1016,,0.0,0,céu limpo,16.4,-23.502448,-46.685965,2024-09-04 02:49:39,0,721.33,casaverde,0.0,0.0,1.18295407295227,0.0
21.4,60,1015,,0.0,0,neblina,13.32,-23.502448,-46.685965,2024-09-05 06:22:49,0,721.33,casaverde,0.0,0.0,1.18295407295227,0.0
18.03,83,1019,,0.0,0,nublado,15.1,-23.502448,-46.685965,2024-09-06 19:16:34,0,721.33,casaverde,0.0,0.0,1.18295407295227,0.0
31.99,33,1016,,0.0,0,céu limpo,13.72,-23.502448,-46.685965,2024-09-07 13:32:27,0,721.33,casaverde,0.0,0.0,1.18295407295227,0.0
31.01,37,1020,,0.0,0,nuvens dispersas,14.62,-23.502448,-46.685965,2024-09-08 11:45:38,0,721.33,casaverde,0.0,0.0,1.18295407295227,0.0
24.17,65,1020,,0.0,0,neblina,17.18,-23.502448,-46.685965,2024-09-09 07:48:12,0,721.33,casaverde,0.0,0.0,1.18295407295227,0.0
32.57,25,1013,,0.0,0,nuvens dispersas,10.01,-23.502448,-46.685965,2024-09-10 15:55:20,0,721.33,casaverde,0.0,0.0,1.18295407295227,0.0
18.32,56,1014,,0.0,0,nublado,9.4,-23.502448,-46.685965,2024-09-11 04:27:47,0,721.33,casaverde,0.0,0.0,1.18295407295227,0.0
20.85,61,1018,,0.0,0,céu limpo,13.06,-23.502448,-46.685965,2024-09-12 06:59:43,0,721.33,casaverde,0.0,0.0,1.18295407295227,0.0
31.02,29,1016,,0.0,0,céu limpo,10.91,-23.502448,-46.685965,2024-09-13 12:20:52,0,721.33,casaverde,0.0,0.0,1.18295407295227,0.0
29.51,37,1014,,0.0,0,céu limpo,13.3,-23.502448,-46.685965,2024-09-14 14:33:33,0,721.33,casaverde,0.0,0.0,1.18295407295227,0.0
18.03,85,1018,,0.0,2,nublado,15.47,-23.502448,-46.685965,2024-09-15 16:20:15,0,721.33,casaverde,0.0,0.1,1.18295407295227,0.05
15.74,91,1022,,0.21,4,chuva leve,14.28,-23.502448,-46.685965,2024-09-16 17:20:28,0,721.33,casaverde,0.0,0.96,1.18295407295227,0.24
15.44,85,1023,,0.0,0,nublado,12.93,-23.502448,-46.685965,2024-09-17 21:23:28,0,721.33,casaverde,0.0,0.0,1.18295407295227,0.0
20.85,75,1021,,0.0,0,nublado,16.26,-23.502448,-46.685965,2024-09-18 13:29:09,0,721.33,casaverde,0.0,0.0,1.18295407295227,0.0
17.51,90,1019,,0.0,0,nublado,15.85,-23.502448,-46.685965,2024-09-19 00:05:28,0,721.33,casaverde,0.0,0.0,1.18295407295227,0.0
18.06,96,1017,,0.0,0,algumas nuvens,17.41,-23.502448,-46.685965,2024-09-20 00:47:31,0,721.33,casaverde,0.0,0.0,1.18295407295227,0.0
20.86,53,1016,,0.0,0,céu limpo,10.94,-23.505935,-46.676012,2024-09-01 22:11:32,0,719.93,casaverde,0.0,0.0,3.10994267463684,0.0
23.97,55,1016,,0.0,0,nublado,14.38,-23.505935,-46.676012,2024-09-02 11:19:43,0,719.93,casaverde,0.0,0.0,3.10994267463684,0.0
27.96,31,1015,,0.0,0,céu limpo,9.28,-23.505935,-46.676012,2024-09-03 18:16:49,0,719.93,casaverde,0.0,0.0,3.10994267463684,0.0
30.97,22,1016,,0.0,0,céu limpo,6.79,-23.505935,-46.676012,2024-09-04 13:29:18,0,719.93,casaverde,0.0,0.0,3.10994267463684,0.0
20.52,71,1019,,0.0,0,neblina,15.09,-23.505935,-46.676012,2024-09-05 09:00:59,0,719.93,casaverde,0.0,0.0,3.10994267463684,0.0
18.26,82,1020,,0.0,0,nublado,15.14,-23.505935,-46.676012,2024-09-06 22:09:25,0,719.93,casaverde,0.0,0.0,3.10994267463684,0.0
23.61,76,1019,,0.0,0,algumas nuvens,19.13,-23.505935,-46.676012,2024-09-07 22:32:36,0,719.93,casaverde,0.0,0.0,3.10994267463684,0.0
26.93,66,1022,,0.0,0,neblina,20.04,-23.505935,-46.676012,2024-09-08 09:07:04,0,719.93,casaverde,0.0,0.0,3.10994267463684,0.0
21.37,73,1019,,0.0,0,neblina,16.33,-23.505935,-46.676012,2024-09-09 06:54:15,0,719.93,casaverde,0.0,0.0,3.10994267463684,0.0
30.37,26,1013,,0.0,0,algumas nuvens,8.73,-23.505935,-46.676012,2024-09-10 16:56:50,0,719.93,casaverde,0.0,0.0,3.10994267463684,0.0
32.21,25,1013,,0.0,0,céu limpo,9.7,-23.505935,-46.676012,2024-09-11 15:30:44,0,719.93,casaverde,0.0,0.0,3.10994267463684,0.0
19.16,64,1017,,0.0,0,céu limpo,12.19,-23.505935,-46.676012,2024-09-12 05:49:17,0,719.93,casaverde,0.0,0.0,3.10994267463684,0.0
20.82,56,1016,,0.0,0,céu limpo,11.73,-23.505935,-46.676012,2024-09-13 02:39:51,0,719.93,casaverde,0.0,0.0,3.10994267463684,0.0
22.48,49,1016,,0.0,0,céu limpo,11.25,-23.505935,-46.676012,2024-09-14 06:37:31,0,719.93,casaverde,0.0,0.0,3.10994267463684,0.0
20.25,82,1020,,0.0,0,nublado,17.08,-23.505935,-46.676012,2024-09-15 04:14:21,0,719.93,casaverde,0.0,0.0,3.10994267463684,0.0
16.93,93,1019,,0.42,4,chuva leve,15.79,-23.505935,-46.676012,2024-09-16 02:05:23,0,719.93,casaverde,0.0,2.68,3.10994267463684,0.67
15.37,84,1023,,0.0,0,nublado,12.68,-23.505935,-46.676012,2024-09-17 19:47:59,0,719.93,casaverde,0.0,0.0,3.10994267463684,0.0
17.47,88,1020,,0.0,0,névoa,15.46,-23.505935,-46.676012,2024-09-18 21:44:55,0,719.93,casaverde,0.0,0.0,3.10994267463684,0.0
18.26,91,1018,,0.0,0,névoa,16.77,-23.505935,-46.676012,2024-09-19 22:38:16,0,719.93,casaverde,0.0,0.0,3.10994267463684,0.0
18.04,94,1016,,0.0,0,nublado,17.06,-23.505935,-46.676012,2024-09-20 02:00:01,0,719.93,casaverde,0.0,0.0,3.10994267463684,0.0
25.8,48,1019,,0.0,0,nublado,13.97,-23.515056,-46.653688,2024-09-01 09:30:28,0,723.4,casaverde,0.0,0.0,8.88455104827881,0.0
23.74,40,1016,,0.0,0,céu limpo,9.35,-23.515056,-46.653688,2024-09-02 00:08:00,0,723.4,casaverde,0.0,0.0,8.88455104827881,0.0
16.41,89,1016,,0.0,0,névoa,14.59,-23.515056,-46.653688,2024-09-03 04:01:15,0,723.4,casaverde,0.0,0.0,8.88455104827881,0.0
21.76,69,1017,,0.0,0,céu limpo,15.83,-23.515056,-46.653688,2024-09-04 01:46:05,0,723.4,casaverde,0.0,0.0,8.88455104827881,0.0
21.97,58,1017,,0.0,0,céu limpo,13.34,-23.515056,-46.653688,2024-09-05 17:05:07,0,723.4,casaverde,0.0,0.0,8.88455104827881,0.0
18.94,76,1018,,0.0,0,nublado,14.62,-23.515056,-46.653688,2024-09-06 17:21:56,0,723.4,casaverde,0.0,0.0,8.88455104827881,0.0
18.08,91,1019,,0.0,0,algumas nuvens,16.59,-23.515056,-46.653688,2024-09-07 03:01:30,0,723.4,casaverde,0.0,0.0,8.88455104827881,0.0
29.04,45,1021,,0.0,0,nuvens dispersas,15.91,-23.515056,-46.653688,2024-09-08 11:29:50,0,723.4,casaverde,0.0,0.0,8.88455104827881,0.0
21.97,67,1018,,0.0,0,céu limpo,15.57,-23.515056,-46.653688,2024-09-09 05:22:58,0,723.4,casaverde,0.0,0.0,8.88455104827881,0.0
29.06,25,1013,,0.0,0,nuvens dispersas,7.05,-23.515056,-46.653688,2024-09-10 18:11:04,0,723.4,casaverde,0.0,0.0,8.88455104827881,0.0
23.45,53,1015,,0.0,0,nublado,13.33,-23.515056,-46.653688,2024-09-11 01:39:41,0,723.4,casaverde,0.0,0.0,8.88455104827881,0.0
30.01,23,1017,,0.0,0,céu limpo,6.64,-23.515056,-46.653688,2024-09-12 11:10:03,0,723.4,casaverde,0.0,0.0,8.88455104827881,0.0
32.02,20,1013,,0.0,0,céu limpo,6.27,-23.515056,-46.653688,2024-09-13 14:26:05,0,723.4,casaverde,0.0,0.0,8.88455104827881,0.0
28.01,46,1014,,0.0,0,céu limpo,15.32,-23.515056,-46.653688,2024-09-14 16:16:25,0,723.4,casaverde,0.0,0.0,8.88455104827881,0.0
20.22,78,1020,,0.0,0,algumas nuvens,16.26,-23.515056,-46.653688,2024-09-15 00:16:53,0,723.4,casaverde,0.0,0.0,8.88455104827881,0.0
15.28,90,1024,,0.0,4,nublado,13.65,-23.515056,-46.653688,2024-09-16 21:08:11,0,723.4,casaverde,0.0,0.11,8.88455104827881,0.0275
16.11,80,1022,,0.0,0,nublado,12.66,-23.515056,-46.653688,2024-09-17 17:29:23,0,723.4,casaverde,0.0,0.0,8.88455104827881,0.0
15.83,86,1021,,0.0,0,algumas nuvens,13.49,-23.515056,-46.653688,2024-09-18 04:01:09,0,723.4,casaverde,0.0,0.0,8.88455104827881,0.0
16.34,89,1018,,0.0,0,névoa,14.52,-23.515056,-46.653688,2024-09-19 06:39:46,0,723.4,casaverde,0.0,0.0,8.88455104827881,0.0
18.08,94,1016,,0.0,0,nublado,17.1,-23.515056,-46.653688,2024-09-20 01:42:17,0,723.4,casaverde,0.0,0.0,8.88455104827881,0.0
18.0,68,1020,,0.0,0,céu limpo,12.01,-23.515056,-46.653688,2024-09-01 08:10:43,0,723.4,casaverde,0.0,0.0,8.88455104827881,0.0
18.94,76,1017,,0.0,0,céu limpo,14.62,-23.515056,-46.653688,2024-09-02 07:27:53,0,723.4,casaverde,0.0,0.0,8.88455104827881,0.0
27.85,32,1015,,0.0,0,céu limpo,9.65,-23.515056,-46.653688,2024-09-03 18:00:15,0,723.4,casaverde,0.0,0.0,8.88455104827881,0.0
19.24,83,1016,,0.0,0,céu limpo,16.28,-23.515056,-46.653688,2024-09-04 05:12:12,0,723.4,casaverde,0.0,0.0,8.88455104827881,0.0
24.27,42,1016,,0.0,0,céu limpo,10.55,-23.515056,-46.653688,2024-09-05 00:12:55,0,723.4,casaverde,0.0,0.0,8.88455104827881,0.0
16.48,83,1021,,0.0,0,nublado,13.59,-23.515056,-46.653688,2024-09-06 08:24:21,0,723.4,casaverde,0.0,0.0,8.88455104827881,0.0
26.05,44,1017,,0.0,0,nuvens dispersas,12.86,-23.515056,-46.653688,2024-09-07 19:04:42,0,723.4,casaverde,0.0,0.0,8.88455104827881,0.0
33.05,26,1018,,0.0,0,nuvens dispersas,11.0,-23.515056,-46.653688,2024-09-08 13:43:14,0,723.4,casaverde,0.0,0.0,8.88455104827881,0.0
27.0,47,1020,,0.0,0,neblina,14.74,-23.515056,-46.653688,2024-09-09 09:41:12,0,723.4,casaverde,0.0,0.0,8.88455104827881,0.0
24.74,48,1015,,0.0,0,nublado,13.0,-23.515056,-46.653688,2024-09-10 20:37:32,0,723.4,casaverde,0.0,0.0,8.88455104827881,0.0
20.86,63,1014,,0.0,0,nublado,13.56,-23.515056,-46.653688,2024-09-11 03:31:39,0,723.4,casaverde,0.0,0.0,8.88455104827881,0.0
31.29,21,1014,,0.0,0,céu limpo,6.38,-23.515056,-46.653688,2024-09-12 18:22:11,0,723.4,casaverde,0.0,0.0,8.88455104827881,0.0
28.08,32,1017,,0.0,0,neblina,9.85,-23.515056,-46.653688,2024-09-13 10:21:35,0,723.4,casaverde,0.0,0.0,8.88455104827881,0.0
27.8,44,1017,,0.0,0,céu limpo,14.44,-23.515056,-46.653688,2024-09-14 10:50:03,0,723.4,casaverde,0.0,0.0,8.88455104827881,0.0
18.39,87,1018,,0.0,3,nublado,16.19,-23.515056,-46.653688,2024-09-15 17:11:19,0,723.4,casaverde,0.0,0.1,8.88455104827881,0.03333333333333333
16.32,90,1021,,0.23,4,chuva leve,14.68,-23.515056,-46.653688,2024-09-16 13:37:37,0,723.4,casaverde,0.0,2.62,8.88455104827881,0.655
15.28,84,1023,,0.0,0,nublado,12.6,-23.515056,-46.653688,2024-09-17 19:35:34,0,723.4,casaverde,0.0,0.0,8.88455104827881,0.0
15.81,87,1023,,0.0,0,nublado,13.65,-23.515056,-46.653688,2024-09-18 01:22:09,0,723.4,casaverde,0.0,0.0,8.88455104827881,0.0
20.85,72,1018,,0.0,0,algumas nuvens,15.62,-23.515056,-46.653688,2024-09-19 11:13:57,0,723.4,casaverde,0.0,0.0,8.88455104827881,0.0
32.0,37,1011,,0.0,0,céu limpo,15.5,-23.515056,-46.653688,2024-09-20 14:08:37,0,723.4,casaverde,0.0,0.0,8.88455104827881,0.0
18.61,93,1010,,14.1,4,chuva forte,17.46,-23.605,-46.699,2023-01-04 19:47:00,1,723.3,butantã,36.9,38.23,5.48380661010742,9.5575
18.88,93,1010,,13.21,4,chuva forte,17.72,-23.588,-46.6926,2023-01-04 19:49:00,1,719.85,butantã,36.9,36.45,6.4855318069458,9.1125
19.31,90,1010,,8.89,4,chuva forte,17.63,-23.571,-46.7092,2023-01-04 20:07:00,1,722.76,butantã,36.9,29.34,0.733701109886169,7.335
18.9,92,1011,,7.11,4,chuva forte,17.57,-23.5378,-46.7449,2023-01-04 20:30:00,1,718.84,butantã,36.9,26.67,6.08080530166626,6.6675
18.12,95,1011,,5.59,4,chuva forte,17.31,-23.5129,-46.6933,2023-01-04 20:40:00,1,720.33,lapa,35.2,23.12,4.19471979141235,5.78
17.85,90,1012,,4.83,4,chuva forte,16.19,-23.588,-46.6905,2023-01-04 22:09:00,1,719.87,pinheiros,35.1,13.73,2.07442665100098,3.4325
16.75,93,1013,,0.51,4,chuva leve,15.61,-23.5129,-46.6933,2023-01-05 09:01:00,1,720.33,lapa,12.4,2.5,4.19471979141235,0.625
16.91,96,1014,,0.71,4,chuva leve,16.27,-23.5126,-46.6784,2023-01-05 10:13:00,1,719.75,lapa,12.4,2.94,3.02248573303223,0.735
17.12,96,1015,,0.75,4,chuva forte,16.48,-23.5128,-46.6784,2023-01-05 11:35:00,1,719.31,lapa,12.4,2.9,1.91265225410461,0.725
17.07,92,1014,,0.71,4,chuva leve,15.76,-23.5881,-46.6905,2023-01-05 09:37:00,1,720.39,pinheiros,12.0,2.19,2.07442665100098,0.5475
17.81,94,1014,,2.29,4,chuva moderada,16.83,-23.5504,-46.6862,2023-01-05 18:55:00,1,763.28,pinheiros,12.0,7.0,1.91265225410461,1.75
20.71,86,1014,,13.84,4,chuva forte,18.28,-23.5504,-46.6862,2023-01-10 18:55:00,1,763.28,pinheiros,27.3,34.29,1.91265225410461,8.5725
20.43,97,1014,,0.97,4,chuva leve,19.94,-23.5663,-46.6086,2023-01-10 20:30:00,1,727.09,butantã,16.2,1.94,0.464048534631729,0.485
20.99,85,1014,,0.0,2,nublado,18.37,-23.6085,-46.7515,2023-01-12 11:01:00,1,733.79,butantã,3.5,0.15,0.733701109886169,0.075
21.3,85,1014,,0.0,2,nublado,18.68,-23.5982,-46.6874,2023-01-12 10:56:00,1,722.34,pinheiros,1.2,0.15,2.07442665100098,0.075
19.45,91,1014,,8.25,4,chuva forte,17.94,-23.588,-46.6905,2023-01-14 03:27:00,1,719.87,pinheiros,3.5,17.77,2.07442665100098,4.4425
19.44,91,1014,,8.25,4,chuva forte,17.93,-23.5899,-46.693,2023-01-14 03:29:00,1,720.19,pinheiros,3.5,17.77,3.34257745742798,4.4425
19.76,90,1013,,3.56,4,chuva moderada,18.07,-23.5857,-46.6888,2023-01-14 03:55:00,1,720.12,pinheiros,3.5,7.37,6.34523963928223,1.8425
19.76,87,1012,,0.76,4,chuva leve,17.54,-23.5857,-46.6888,2023-01-14 04:32:00,1,720.12,pinheiros,3.5,1.94,6.34523963928223,0.485
21.25,83,1013,,0.17,4,chuva leve,18.25,-23.583,-46.7835,2023-01-16 18:55:00,1,746.74,butantã,26.3,1.89,4.27048397064209,0.4725
19.0,100,1013,,0.17,4,chuva leve,19.0,-23.5275,-46.7405,2023-01-16 19:04:00,1,718.12,lapa,35.8,1.89,1.91265225410461,0.4725
26.0,78,1014,,0.28,4,chuva leve,21.87,-23.5129,-46.6933,2023-01-17 20:19:00,1,720.33,lapa,0.2,0.56,4.19471979141235,0.14
22.71,79,1015,,0.0,0,nublado,18.88,-23.5728,-46.6712,2023-01-19 22:52:00,1,743.8,pinheiros,3.5,0.0,4.14342880249023,0.0
22.52,83,1011,,0.0,3,trovoada com chuva fraca,19.49,-23.5306,-46.7373,2023-01-29 18:33:00,1,718.76,lapa,11.9,0.38,1.39190220832825,0.12666666666666668
26.45,61,1011,,0.0,3,nublado,18.32,-23.5129,-46.6933,2023-01-29 18:42:00,1,720.33,lapa,11.9,0.38,4.19471979141235,0.12666666666666668
21.91,94,1011,,0.0,3,trovoada com chuva,20.9,-23.5313,-46.7306,2023-01-29 19:00:00,1,728.62,lapa,11.9,0.38,4.19471979141235,0.12666666666666668
21.97,94,1011,,0.0,3,trovoada com chuva,20.96,-23.5282,-46.7335,2023-01-29 19:02:00,1,720.68,lapa,11.9,0.38,3.7360565662384,0.12666666666666668
21.97,94,1011,,0.0,3,trovoada com chuva,20.96,-23.528,-46.7335,2023-01-29 19:02:00,1,722.2,lapa,11.9,0.38,1.31232666969299,0.12666666666666668
20.81,92,1015,,0.46,4,chuva leve,19.46,-23.5129,-46.6933,2023-02-01 11:26:00,1,720.33,lapa,3.6,2.41,4.19471979141235,0.6025
23.44,73,1013,,0.19,4,chuva leve,18.33,-23.5129,-46.6933,2023-02-01 22:02:00,1,720.33,lapa,3.6,1.77,4.19471979141235,0.4425
21.0,92,1015,,9.4,4,chuva forte,19.65,-23.5795,-46.7105,2023-02-07 18:08:00,1,730.47,butantã,62.8,23.09,2.82047843933105,5.7725
20.46,94,1015,,5.6,4,chuva forte,19.46,-23.564,-46.678,2023-02-07 18:12:00,1,743.26,pinheiros,54.5,16.26,7.61532068252563,4.065
21.19,91,1015,,5.6,4,chuva forte,19.66,-23.5962,-46.7395,2023-02-07 18:15:00,1,740.7,butantã,62.8,13.82,2.93240189552307,3.455
20.01,96,1015,,5.6,4,chuva forte,19.35,-23.5577,-46.6862,2023-02-07 18:24:00,1,753.89,pinheiros,54.5,16.79,6.02824258804321,4.1975
20.03,98,1015,,5.6,4,chuva muito forte,19.7,-23.5266,-46.6823,2023-02-07 18:26:00,1,725.02,lapa,52.4,13.72,1.35270059108734,3.43
19.81,100,1015,,5.6,4,chuva forte,19.81,-23.5397,-46.7287,2023-02-07 18:27:00,1,720.85,pinheiros,54.5,13.72,1.99518501758575,3.43
20.13,96,1015,,5.6,4,chuva forte,19.47,-23.5711,-46.6688,2023-02-07 18:27:00,1,743.49,pinheiros,54.5,15.01,2.36490035057068,3.7525
20.03,96,1015,,1.5,4,chuva forte,19.37,-23.566,-46.7441,2023-02-07 18:30:00,1,742.72,butantã,62.8,5.14,8.81383991241455,1.285
20.31,94,1015,,1.5,4,chuva forte,19.31,-23.5715,-46.6661,2023-02-07 18:31:00,1,742.5,pinheiros,54.5,6.81,2.9506402015686,1.7025
20.3,94,1015,,1.5,4,chuva forte,19.3,-23.5723,-46.6703,2023-02-07 18:38:00,1,745.38,pinheiros,54.5,6.81,4.2579517364502,1.7025
19.97,100,1015,,1.5,4,chuva moderada,19.97,-23.5195,-46.6741,2023-02-07 18:40:00,1,720.25,lapa,52.4,4.88,1.35270059108734,1.22
20.39,94,1015,,1.5,4,chuva forte,19.39,-23.5941,-46.6949,2023-02-07 18:40:00,1,727.33,butantã,62.8,6.68,17.8878421783447,1.67
20.34,94,1015,,1.5,4,chuva forte,19.34,-23.6054,-46.6991,2023-02-07 18:42:00,1,723.18,butantã,62.8,6.68,2.07442665100098,1.67
19.76,100,1015,,1.5,4,chuva moderada,19.76,-23.5576,-46.6864,2023-02-07 18:44:00,1,752.09,pinheiros,54.5,6.68,3.37449097633362,1.67
20.0,100,1015,,1.5,4,chuva moderada,20.0,-23.5273,-46.7403,2023-02-07 18:46:00,1,719.56,lapa,52.4,4.88,3.6195912361145,1.22
19.59,100,1015,,1.5,4,chuva moderada,19.59,-23.5505,-46.6862,2023-02-07 18:52:00,1,763.16,pinheiros,54.5,8.46,0.656249403953552,2.115
19.99,100,1015,,1.5,4,chuva moderada,19.99,-23.549,-46.7323,2023-02-07 18:57:00,1,719.4,lapa,52.4,5.64,1.99518501758575,1.41
20.4,94,1015,,1.5,4,"chuva forte, névoa",19.4,-23.5803,-46.6832,2023-02-07 19:01:00,1,723.9,pinheiros,54.59,10.74,6.7960786819458,2.685
20.03,97,1015,,1.12,4,chuva moderada,19.54,-23.5329,-46.7413,2023-02-07 19:39:00,1,718.56,lapa,52.4,5.29,2.9506402015686,1.3225
20.16,92,1016,,2.29,4,chuva moderada,18.82,-23.5334,-46.7497,2023-02-07 21:41:00,1,717.81,lapa,52.4,6.11,2.78216338157654,1.5275
20.6,95,1016,,1.52,4,chuva moderada,19.77,-23.513,-46.6942,2023-02-07 22:12:00,1,719.9,lapa,52.4,4.31,3.27780985832214,1.0775
20.08,91,1016,,1.52,4,chuva moderada,18.57,-23.5472,-46.7347,2023-02-07 22:22:00,1,718.66,lapa,52.4,4.31,1.99518501758575,1.0775
26.91,61,1011,,0.15,4,chuva leve,18.76,-23.5773,-46.7312,2023-02-12 17:43:00,1,744.4,pinheiros,40.5,6.85,4.45417881011963,1.7125
21.51,89,1015,,33.02,4,chuva muito forte,19.62,-23.564,-46.6779,2023-02-18 17:20:00,1,743.06,pinheiros,55.9,92.71,8.84337615966797,23.1775
20.55,93,1015,,11.94,4,chuva forte,19.38,-23.5568,-46.6803,2023-02-18 17:41:00,1,757.5,pinheiros,55.9,28.87,3.54483652114868,7.2175
20.51,89,1015,,1.23,4,chuva moderada,18.63,-23.5763,-46.7304,2023-02-18 17:43:00,1,740.34,butantã,57.0,7.45,5.28619813919067,1.8625
20.71,93,1015,,1.23,4,chuva moderada,19.54,-23.5403,-46.7284,2023-02-18 17:54:00,1,720.84,pinheiros,55.9,4.66,2.70389485359192,1.165
20.12,89,1015,,4.57,4,chuva forte,18.25,-23.5797,-46.7015,2023-02-18 18:49:00,1,724.54,butantã,57.0,9.56,4.19471979141235,2.39
20.04,90,1016,,0.42,4,chuva leve,18.35,-23.5725,-46.7047,2023-02-18 20:12:00,1,723.74,butantã,57.0,1.19,3.6195912361145,0.2975
20.05,90,1016,,0.0,3,névoa,18.36,-23.5857,-46.6889,2023-02-18 20:54:00,1,720.19,pinheiros,55.9,0.62,6.34523963928223,0.20666666666666667
19.89,89,1016,,0.0,3,mist,18.02,-23.5678,-46.693,2023-02-18 21:13:00,1,731.97,pinheiros,55.9,0.62,4.86640167236328,0.20666666666666667
22.75,87,1015,,3.3,4,chuva moderada,20.47,-23.5123,-46.6664,2023-02-20 20:56:00,1,720.7,lapa,12.3,9.9,1.35270059108734,2.475
21.46,88,1016,,20.57,4,chuva muito forte,19.39,-23.5265,-46.6823,2023-02-21 21:30:00,1,724.82,lapa,15.3,50.54,2.62327790260315,12.635
21.03,89,1016,,20.57,4,chuva muito forte,19.15,-23.5265,-46.6823,2023-02-21 21:36:00,1,724.82,lapa,15.3,50.54,2.62327790260315,12.635
24.24,83,1017,,0.84,4,chuva leve,21.17,-23.5266,-46.682,2023-02-22 17:51:00,1,728.01,lapa,3.8,7.39,2.56114077568054,1.8475
23.62,78,1016,,6.06,4,chuva forte,19.56,-23.5591,-46.7123,2023-02-23 18:20:00,1,719.37,lapa,13.1,12.83,5.28619813919067,3.2075
21.97,88,1017,,0.28,4,chuva forte,19.89,-23.5129,-46.6935,2023-02-23 19:25:00,1,718.76,lapa,13.1,1.7,3.02248573303223,0.425
21.57,92,1017,,0.43,4,chuva leve,20.21,-23.5228,-46.7487,2023-02-23 20:28:00,1,718.92,lapa,13.1,1.57,3.52969360351562,0.3925
22.07,89,1016,,0.71,4,chuva forte,20.17,-23.5857,-46.6887,2023-02-23 20:43:00,1,720.33,pinheiros,36.7,1.42,5.08072853088379,0.355
22.61,84,1012,,3.3,4,chuva moderada,19.77,-23.565,-46.6709,2023-02-24 22:29:00,1,747.92,pinheiros,3.1,7.11,4.39381408691406,1.7775
20.63,92,1019,,13.72,4,chuva forte,19.28,-23.5129,-46.6933,2023-02-28 19:34:00,1,720.33,lapa,16.8,35.82,4.19471979141235,8.955
18.92,99,1017,,0.0,0,nublado,18.92,-23.5264,-46.6823,2023-09-02 23:07:00,1,724.87,lapa,29.3,0.0,2.62327790260315,0.0
19.52,98,1019,,0.0,3,chuva leve,19.2,-23.5141,-46.7244,2023-09-03 01:45:00,1,719.98,lapa,29.3,2.04,6.02824258804321,0.68
21.23,96,1011,,1.49,4,chuva moderada,20.57,-23.6271,-46.6844,2025-02-01 08:28:00,1,741.65,santoamaro,27.8,4.82,8.95466899871826,1.205
22.32,95,1012,,1.2,3,chuva moderada,21.48,-23.6276,-46.7673,2025-02-02 20:13:00,1,743.66,campolimpo,80.0,6.3,1.64024698734283,2.1
22.22,95,1012,,1.2,3,chuva moderada,21.38,-23.6637,-46.77,2025-02-02 20:24:00,1,758.71,campolimpo,80.0,6.3,0.984320282936096,2.1
21.56,98,1012,,2.79,4,chuva forte,21.23,-23.6119,-46.7559,2025-02-02 21:07:00,1,737.93,campolimpo,80.0,14.95,2.31902623176575,3.7375
20.94,100,1012,,1.1,4,chuva moderada,20.94,-23.6818,-46.7682,2025-02-02 21:27:00,1,807.69,mboimirim,60.4,7.4,4.76674842834473,1.85
22.35,95,1010,,2.35,4,chuva moderada,21.51,-23.6628,-46.7077,2025-02-02 18:56:00,1,726.83,santoamaro,64.7,3.55,3.48386597633362,0.8875
21.27,96,1012,,13.72,4,chuva forte,20.61,-23.6578,-46.7024,2025-02-02 22:33:00,1,736.43,santoamaro,64.7,25.33,3.42179822921753,6.3325
22.27,93,1011,,0.89,4,chuva forte,21.08,-23.5676,-46.6067,2025-02-02 17:34:00,1,727.41,ipiranga,27.0,12.31,2.64366388320923,3.0775
31.32,79,1013,,0.3,3,chuva leve,27.24,-23.6637,-46.77,2025-02-06 15:30:00,1,758.71,campolimpo,31.0,0.42,0.984320282936096,0.13999999999999999
31.28,45,1013,,0.26,4,chuva leve,17.93,-23.6458,-46.7534,2025-02-06 17:23:00,1,743.29,campolimpo,31.0,0.68,3.98554301261902,0.17
20.68,97,1012,,4.97,4,chuva forte,20.19,-23.5725,-46.608,2025-02-14 14:36:00,1,726.91,ipiranga,24.9,7.72,0.984320282936096,1.93
22.21,83,1012,,3.56,4,chuva moderada,19.19,-23.6003,-46.6515,2025-02-14 14:23:00,1,748.89,vilamariana,22.4,4.51,1.18295407295227,1.1275
21.29,94,1012,,3.4,4,chuva moderada,20.29,-23.6052,-46.6662,2025-02-14 14:31:00,1,743.86,vilamariana,22.4,7.73,7.53198862075806,1.9325
21.11,94,1012,,3.4,4,chuva moderada,20.11,-23.611,-46.6453,2025-02-14 14:31:00,1,760.08,vilamariana,22.4,7.73,2.49744963645935,1.9325
23.14,80,1012,,1.5,2,chuva moderada,19.5,-23.5676,-46.6068,2025-02-18 15:10:00,1,727.88,ipiranga,36.3,1.89,2.64366388320923,0.945
29.61,58,1015,,0.34,1,chuva leve,20.47,-23.5676,-46.6068,2025-02-27 14:34:00,1,727.88,ipiranga,5.8,0.34,2.64366388320923,0.34
28.61,50,1010,,0.8,2,chuva leve,17.17,-23.6121,-46.6719,2024-01-08 15:16:00,1,744.19,santoamaro,10.8,1.54,0.733701109886169,0.77
28.57,50,1010,,0.8,2,chuva leve,17.14,-23.6017,-46.6609,2024-01-08 15:28:00,1,751.25,vilamariana,30.5,1.54,7.75212335586548,0.77
27.77,66,1010,,1.75,3,chuva moderada,20.84,-23.5901,-46.6644,2024-01-08 15:41:00,1,742.88,vilamariana,30.5,3.29,3.66370439529419,1.0966666666666667
29.85,54,1011,,1.5,3,chuva moderada,19.54,-23.569,-46.641,2024-01-09 16:31:00,1,792.45,vilamariana,19.7,2.93,6.4855318069458,0.9766666666666667
22.26,83,1012,,0.66,4,chuva leve,19.23,-23.5901,-46.6644,2024-01-09 17:53:00,1,742.88,vilamariana,19.7,3.59,3.66370439529419,0.8975
27.04,69,1011,,1.5,3,chuva moderada,20.87,-23.5692,-46.6513,2024-01-09 16:55:00,1,803.71,vilamariana,19.7,2.93,16.2791919708252,0.9766666666666667
22.25,83,1012,,0.66,4,trovoada com chuva fraca,19.22,-23.6018,-46.6607,2024-01-09 18:09:00,1,750.69,vilamariana,19.7,3.59,7.75212335586548,0.8975
26.92,68,1013,,0.49,4,chuva leve,20.51,-23.6242,-46.6943,2024-01-10 17:42:00,1,726.2,santoamaro,61.1,2.29,2.56114077568054,0.5725
30.19,68,1012,,1.59,4,chuva moderada,23.63,-23.6171,-46.6821,2024-01-10 17:16:00,1,738.81,santoamaro,61.1,1.9,1.85558569431305,0.475
22.41,94,1016,,23.88,4,trovoada com chuva,21.4,-23.6074,-46.6972,2024-01-10 21:45:00,1,722.95,santoamaro,61.1,63.25,9.31356430053711,15.8125
22.24,94,1016,,24.51,1,chuva muito forte,21.23,-23.5689,-46.6409,2024-01-10 21:31:00,1,791.58,vilamariana,52.1,24.51,3.7360565662384,24.51
22.94,86,1012,,0.27,4,chuva leve,20.47,-23.6757,-46.7343,2024-01-12 16:15:00,1,751.13,capeladosocorro,121.4,10.43,10.6252450942993,2.6075
21.47,94,1013,,39.37,4,chuva muito forte,20.46,-23.6174,-46.6818,2024-01-12 18:09:00,1,739.18,santoamaro,71.7,45.0,4.27048397064209,11.25
21.65,96,1014,,7.37,4,chuva forte,20.98,-23.6073,-46.6972,2024-01-12 19:58:00,1,723.07,santoamaro,71.7,31.38,8.22488880157471,7.845
30.06,64,1010,,0.92,4,chuva leve,22.5,-23.6174,-46.6819,2024-01-19 15:06:00,1,739.3,santoamaro,16.4,2.02,3.22837400436401,0.505
30.5,67,1010,,0.92,4,chuva leve,23.68,-23.6072,-46.6972,2024-01-19 14:26:00,1,722.62,santoamaro,16.4,1.99,8.22488880157471,0.4975
30.41,58,1011,,0.87,4,chuva leve,21.22,-23.5677,-46.6066,2024-01-19 15:13:00,1,727.34,ipiranga,49.5,1.98,1.39190220832825,0.495
30.27,58,1011,,0.87,4,chuva leve,21.09,-23.6139,-46.6083,2024-01-19 15:12:00,1,747.18,ipiranga,49.5,1.98,1.67271196842194,0.495
30.53,58,1010,,5.45,4,chuva forte,21.33,-23.6429,-46.6573,2024-01-19 15:20:00,1,748.6,jabaquara,40.6,6.8,3.7360565662384,1.7
29.81,58,1011,,0.87,4,chuva leve,20.66,-23.619,-46.6233,2024-01-19 15:24:00,1,770.96,vilamariana,33.0,1.98,2.10017395019531,0.495
28.42,58,1011,,0.37,4,chuva leve,19.36,-23.6004,-46.6514,2024-01-19 15:34:00,1,748.27,vilamariana,33.0,1.96,1.18295407295227,0.49
28.27,58,1011,,0.37,4,chuva leve,19.22,-23.6189,-46.6281,2024-01-19 12:57:00,1,747.85,vilamariana,33.0,1.41,3.66370439529419,0.3525
18.35,94,1016,,1.88,4,chuva moderada,17.37,-23.771,-46.6803,2024-01-23 09:11:00,1,791.51,capeladosocorro,21.5,6.74,5.62735319137573,1.685
21.69,86,1013,,12.19,4,chuva forte,19.25,-23.6072,-46.6973,2024-01-27 15:54:00,1,723.23,santoamaro,8.8,12.45,8.22488880157471,3.1125
17.25,94,1017,,0.14,1,chuva leve,16.28,-23.6019,-46.6608,2024-01-28 11:01:00,1,751.04,vilamariana,21.7,0.14,8.17378044128418,0.14
17.2,94,1016,,0.15,1,chuva leve,16.23,-23.6382,-46.6273,2024-01-28 11:07:00,1,761.32,vilamariana,21.7,0.15,4.99612379074097,0.15
22.84,92,1014,,0.37,4,chuva leve,21.47,-23.693,-46.6778,2024-01-31 15:49:00,1,731.26,cidadeademar,30.0,8.23,1.67271196842194,2.0575
25.64,82,1014,,2.27,4,chuva moderada,22.34,-23.6826,-46.6905,2024-01-31 15:11:00,1,725.31,santoamaro,12.6,8.13,1.96805989742279,2.0325
21.22,94,1015,,0.64,1,chuva forte,20.22,-23.6651,-46.7771,2024-02-11 15:27:00,1,774.54,campolimpo,27.8,0.64,3.09265065193176,0.64
20.25,94,1015,,0.81,1,chuva moderada,19.25,-23.6378,-46.6623,2024-02-11 16:25:00,1,743.88,santoamaro,40.6,0.81,8.46938514709473,0.81
22.21,98,1015,,0.81,1,chuva leve,21.88,-23.6838,-46.6926,2024-02-11 16:12:00,1,724.09,santoamaro,40.6,0.81,3.6195912361145,0.81
20.81,92,1015,,0.13,1,chuva leve,19.46,-23.6378,-46.6624,2024-02-11 18:57:00,1,743.9,santoamaro,40.6,0.13,9.0759859085083,0.13
20.75,92,1016,,1.78,1,chuva moderada,19.4,-23.5896,-46.6211,2024-02-11 19:34:00,1,735.8,vilamariana,20.9,1.78,3.98554301261902,1.78
21.45,96,1012,,8.25,1,trovoada com chuva fraca,20.79,-23.6244,-46.6943,2024-06-11 17:44:00,1,725.19,santoamaro,22.9,8.25,1.91265225410461,8.25
21.26,95,1011,,25.02,1,chuva muito forte,20.46,-23.5841,-46.6536,2024-06-11 17:11:00,1,753.85,vilamariana,19.9,25.02,2.78216338157654,25.02
21.0,95,1011,,1.02,1,chuva forte,20.17,-23.5856,-46.6501,2024-06-11 17:23:00,1,760.86,vilamariana,19.9,1.02,3.48386597633362,1.02
19.35,96,1009,,2.29,1,chuva moderada,18.7,-23.6158,-46.7046,2024-08-11 15:32:00,1,739.73,campolimpo,53.0,2.29,7.33369398117065,2.29
22.72,91,1010,,1.74,1,chuva moderada,21.17,-23.646,-46.7528,2024-08-11 10:07:00,1,740.96,campolimpo,53.0,1.74,0.464048534631729,1.74
20.39,95,1009,,12.8,1,chuva forte,19.56,-23.6377,-46.6629,2024-08-11 12:02:00,1,742.08,santoamaro,51.9,12.8,5.58944368362427,12.8
21.29,94,1010,,17.52,1,chuva muito forte,20.29,-23.5815,-46.658,2024-08-11 12:14:00,1,746.34,vilamariana,33.0,17.52,9.88082790374756,17.52
21.12,94,1010,,17.52,1,chuva muito forte,20.12,-23.587,-46.6525,2024-08-11 12:13:00,1,757.46,vilamariana,33.0,17.52,7.1591591835022,17.52
31.71,45,1009,,0.35,2,chuva moderada,18.32,-23.6343,-46.733,2024-11-28 15:15:00,1,767.38,campolimpo,39.3,0.67,14.7723827362061,0.335
29.93,67,1010,,1.16,3,chuva moderada,23.13,-23.6168,-46.7315,2024-11-28 16:12:00,1,814.85,campolimpo,39.3,1.8,4.2579517364502,0.6
29.47,50,1009,,0.35,2,chuva leve,17.96,-23.6533,-46.7611,2024-11-28 15:29:00,1,751.17,campolimpo,39.3,0.67,0.733701109886169,0.335
26.94,97,1011,,0.27,3,chuva leve,26.94,-23.6757,-46.7343,2024-11-28 16:00:00,1,751.13,capeladosocorro,28.9,0.94,10.6252450942993,0.3133333333333333
27.11,98,1011,,0.27,4,chuva leve,26.77,-23.6696,-46.7221,2024-11-28 17:18:00,1,725.06,capeladosocorro,28.9,1.54,1.64024698734283,0.385
26.54,98,1011,,0.27,4,chuva leve,26.2,-23.6642,-46.7293,2024-11-28 17:24:00,1,726.01,m'boimirin,23.3,1.54,2.36490035057068,0.385
21.76,92,1011,,1.78,4,chuva moderada,20.4,-23.644,-46.7306,2024-11-28 17:38:00,1,731.9,m'boimirin,23.3,3.0,7.53198862075806,0.75
24.95,65,1011,,0.27,4,chuva moderada,17.92,-23.6612,-46.7088,2024-11-28 17:05:00,1,724.53,santoamaro,31.7,1.54,0.733701109886169,0.385
26.5,98,1011,,0.27,4,chuva leve,26.16,-23.6589,-46.7012,2024-11-28 17:19:00,1,731.76,santoamaro,31.7,1.54,2.64366388320923,0.385
27.51,97,1011,,0.27,4,chuva leve,26.99,-23.6429,-46.6572,2024-11-28 17:06:00,1,748.91,jabaquara,22.7,1.54,3.7360565662384,0.385
22.35,88,1020,,8.89,2,chuva forte,20.27,-23.5858,-46.6549,2024-02-02 13:01:00,1,752.24,vilamariana,7.0,9.61,2.07442665100098,4.805
25.86,94,1016,,0.95,4,chuva leve,24.82,-23.7179,-46.7045,2024-02-04 15:26:00,1,741.14,capeladosocorro,19.3,2.03,3.10994267463684,0.5075
20.13,94,1016,,0.31,4,chuva leve,19.13,-23.6124,-46.6571,2024-02-04 14:44:00,1,771.69,vilamariana,10.5,1.17,2.56114077568054,0.2925
20.18,94,1016,,0.31,4,chuva leve,19.18,-23.6005,-46.6513,2024-02-04 15:05:00,1,749.32,vilamariana,10.5,1.17,3.48386597633362,0.2925
21.71,95,1018,,0.86,4,chuva forte,20.87,-23.6825,-46.6904,2024-02-13 23:05:00,1,726.85,santoamaro,43.6,6.17,1.46716165542603,1.5425
20.48,99,1019,,19.81,4,chuva muito forte,20.32,-23.6072,-46.6973,2024-02-13 23:41:00,1,723.23,santoamaro,43.6,56.31,8.22488880157471,14.0775
20.54,99,1019,,31.12,4,chuva muito forte,20.38,-23.6229,-46.6782,2024-02-13 23:46:00,1,731.94,santoamaro,43.6,46.03,3.7360565662384,11.5075
24.67,74,1017,,1.23,4,chuva moderada,19.73,-23.6277,-46.7673,2024-02-14 12:15:00,1,743.0,campolimpo,16.1,2.57,3.52969360351562,0.6425
24.98,85,1009,,1.78,3,chuva moderada,22.28,-23.6552,-46.7244,2024-02-19 15:15:00,1,726.05,m'boimirin,20.1,3.33,3.02248573303223,1.11
23.89,87,1008,,0.17,4,chuva leve,21.59,-23.6072,-46.6974,2024-02-19 16:08:00,1,723.29,santoamaro,10.1,2.29,5.62735319137573,0.5725
21.71,89,1008,,2.12,4,chuva moderada,19.82,-23.6552,-46.7243,2024-02-20 15:09:00,1,726.03,mboimirim,11.2,19.78,1.99518501758575,4.945
24.74,80,1008,,8.25,4,chuva forte,21.06,-23.7376,-46.7051,2024-02-20 12:53:00,1,773.47,paralheiros,20.2,11.72,4.72177028656006,2.93
21.3,90,1006,,11.94,4,chuva forte,19.59,-23.5857,-46.655,2024-02-20 14:29:00,1,751.68,vilamariana,14.9,16.83,2.07442665100098,4.2075
27.66,74,1013,,0.6,4,chuva leve,22.6,-23.6983,-46.7794,2024-02-23 15:44:00,1,840.59,m'boimirin,22.4,0.87,17.9509811401367,0.2175
27.42,69,1014,,0.3,4,trovoada com chuva,21.23,-23.5674,-46.6066,2024-02-23 16:57:00,1,727.66,ipiranga,21.0,1.1,2.64366388320923,0.275
21.47,97,1011,,5.84,4,chuva forte,20.97,-23.6261,-46.6873,2024-12-03 10:18:00,1,728.17,santoamaro,28.0,28.86,3.54483652114868,7.215
21.23,96,1011,,18.8,4,chuva muito forte,20.67,-23.5858,-46.6549,2024-12-03 09:44:00,1,752.24,vilamariana,19.5,24.8,2.07442665100098,6.2
24.77,91,1010,,1.02,4,chuva moderada,23.2,-23.6261,-46.6872,2024-12-10 15:24:00,1,728.33,santoamaro,20.2,27.53,3.54483652114868,6.8825
22.56,98,1010,,0.3,4,chuva leve,22.23,-23.7642,-46.7164,2024-12-25 18:03:00,1,749.18,capeladosocorro,20.7,4.16,4.92087650299072,1.04
20.36,94,1010,,0.3,4,chuva leve,19.36,-23.6261,-46.6872,2024-12-25 17:47:00,1,728.33,santoamaro,33.1,26.25,3.54483652114868,6.5625
20.41,94,1010,,0.3,4,chuva leve,19.41,-23.6629,-46.7077,2024-12-25 17:59:00,1,726.55,santoamaro,33.1,4.16,3.48386597633362,1.04
20.29,94,1009,,0.64,4,chuva leve,19.29,-23.6122,-46.6719,2024-12-25 18:00:00,1,743.59,santoamaro,33.1,3.44,0.733701109886169,0.86
22.4,94,1009,,0.64,4,chuva leve,19.4,-23.6244,-46.6942,2024-12-25 18:29:00,1,725.77,santoamaro,33.1,3.44,1.91265225410461,0.86
22.83,86,1008,,2.07,4,chuva moderada,20.37,-23.569,-46.6409,2024-12-25 16:31:00,1,791.63,vilamariana,39.2,3.06,3.7360565662384,0.765
23.42,87,1008,,13.72,4,chuva forte,21.13,-23.6005,-46.6514,2024-12-25 16:51:00,1,748.28,vilamariana,39.2,14.71,3.48386597633362,3.6775
23.11,87,1008,,2.07,4,trovoada com chuva fraca,20.83,-23.5969,-46.651,2024-12-25 16:58:00,1,761.94,vilamariana,39.2,3.06,1.35270059108734,0.765
23.18,87,1008,,2.07,4,chuva moderada,20.9,-23.6188,-46.6282,2024-12-25 16:59:00,1,748.45,vilamariana,39.2,3.06,4.59576940536499,0.765
23.28,89,1008,,2.07,4,chuva moderada,21.36,-23.6041,-46.6683,2024-12-25 17:15:00,1,740.01,vilamariana,39.2,3.06,2.38750553131104,0.765
20.3,94,1010,,0.63,4,chuva leve,19.3,-23.5901,-46.6201,2024-12-25 17:55:00,1,734.09,vilamariana,39.2,16.97,0.733701109886169,4.2425
20.89,95,1011,,1.71,4,chuva moderada,20.06,-23.594,-46.6442,2024-12-25 20:03:00,1,773.23,vilamariana,39.2,4.96,4.63047933578491,1.24
23.05,91,1012,,14.99,4,chuva forte,21.5,-23.6229,-46.6781,2024-12-27 15:41:00,1,732.08,santoamaro,6.2,18.15,3.2449369430542,4.5375
19.24,99,1011,,6.23,4,chuva forte,19.08,-23.5901,-46.6645,2024-12-27 00:35:00,1,744.65,vilamariana,10.6,20.97,3.66370439529419,5.2425
25.08,87,1014,,0.42,4,chuva leve,22.76,-23.6607,-46.7057,2024-12-31 14:45:00,1,725.93,santoamaro,25.2,2.42,3.37449097633362,0.605
22.17,97,1015,,0.0,0,chuva fraca,21.67,-23.5572,-46.6183,2023-11-15 22:12:00,1,725.69,sé,27.7,0.0,4.86640167236328,0.0
22.42,97,1014,,0.0,4,chuva fraca,21.92,-23.5108,-46.7056,2023-11-15 21:07:00,1,722.57,sé,27.7,0.15,2.70389485359192,0.0375
25.2,74,1015,,0.18,1,chuva leve,20.24,-23.5564,-46.6341,2023-11-29 08:48:00,1,747.07,sé,2.4,0.18,9.31356430053711,0.18
18.86,94,1014,,1.37,4,chuva moderada,17.87,-23.5612,-46.6566,2024-11-04 08:50:00,1,815.36,sé,11.9,4.96,14.828893661499,1.24
21.29,92,1011,,27.43,4,chuva forte,19.94,-23.5319,-46.6626,2024-11-06 16:54:00,1,741.99,sé,24.3,32.77,0.656249403953552,8.1925
21.13,95,1009,,4.57,4,chuva forte,20.3,-23.5421,-46.6275,2024-11-08 08:27:00,1,723.39,sé,54.1,18.94,2.07442665100098,4.735
21.55,95,1009,,3.36,4,chuva moderada,20.71,-23.5319,-46.6626,2024-11-08 12:46:00,1,741.99,sé,54.1,5.83,0.656249403953552,1.4575
19.22,94,1009,,8.89,4,chuva forte,18.23,-23.5419,-46.6276,2024-11-08 15:03:00,1,723.51,sé,54.1,14.25,2.93240189552307,3.5625
18.13,95,1012,,1.02,4,chuva moderada,17.32,-23.5319,-46.6627,2024-11-08 19:46:00,1,741.93,sé,54.1,6.29,3.66370439529419,1.5725
23.68,88,1012,,1.02,4,chuva moderada,21.57,-23.5355,-46.6338,2023-12-23 17:05:00,1,735.3,sé,35.4,9.19,2.2001416683197,2.2975
22.18,89,1012,,25.65,4,chuva forte,20.28,-23.5554,-46.6499,2023-12-23 17:19:00,1,757.71,sé,35.4,33.82,3.22837400436401,8.455
21.71,94,1013,,0.44,4,chuva leve,20.7,-23.5457,-46.6363,2023-12-23 17:31:00,1,742.34,sé,35.4,8.35,2.82047843933105,2.0875
21.48,91,1012,,0.0,4,chuva fraca,20.36,-23.5392,-46.6273,2023-12-23 19:12:00,1,723.28,sé,35.4,1.99,3.02248573303223,0.4975
19.49,100,1015,,12.07,2,chuva forte,18.93,-23.5573,-46.6183,2023-12-10 22:20:00,1,725.34,sé,23.5,13.98,4.86640167236328,6.99
20.9,92,1011,,27.43,4,chuva forte,19.55,-23.5491,-46.6273,2024-12-03 10:30:00,1,725.04,sé,20.4,47.14,2.64366388320923,11.785
22.17,93,1011,,0.96,4,chuva leve,20.98,-23.5311,-46.6627,2024-12-03 10:50:00,1,744.01,sé,20.4,24.35,2.82047843933105,6.0875
23.17,88,1012,,2.79,4,chuva moderada,21.7,-23.5311,-46.6627,2024-12-05 17:50:00,1,744.01,sé,21.2,11.71,2.82047843933105,2.9275
21.17,93,1013,,10.16,4,chuva forte,20.53,-23.5234,-46.6253,2024-12-05 19:00:00,1,721.12,sé,21.2,19.15,3.02248573303223,4.7875
22.09,83,1014,,0.69,1,chuva leve,19.07,-23.5267,-46.6729,2024-12-05 10:00:00,1,725.81,sé,21.2,0.69,4.45417881011963,0.69
22.83,94,1012,,13.34,4,chuva forte,21.81,-23.5445,-46.6358,2024-12-21 15:00:00,1,733.26,sé,64.8,21.68,1.67271196842194,5.42
21.53,93,1011,,4.66,4,chuva forte,20.35,-23.5187,-46.6441,2024-12-21 15:30:00,1,720.94,sé,64.8,20.0,5.64620971679688,5.0
22.12,88,1011,,4.66,4,chuva forte,20.04,-23.5558,-46.6496,2024-12-21 15:40:00,1,753.82,sé,64.8,15.84,2.2001416683197,3.96
21.18,94,1015,,1.78,4,chuva moderada,20.18,-23.5232,-46.6252,2024-12-21 21:00:00,1,721.1,sé,64.8,36.72,3.02248573303223,9.18
21.95,87,1012,,2.04,4,chuva moderada,19.69,-23.5504,-46.6265,2024-12-25 22:00:00,1,724.67,sé,44.4,5.82,2.9506402015686,1.455
19.75,94,1009,,0.64,4,chuva leve,18.76,-23.545,-46.6367,2024-12-25 17:50:00,1,733.19,sé,44.4,8.99,22.1338157653809,2.2475
19.67,94,1006,,0.64,4,chuva leve,18.68,-23.5558,-46.6496,2024-12-25 17:55:00,1,753.82,sé,44.4,15.09,2.2001416683197,3.7725
19.75,94,1009,,0.64,4,chuva leve,18.76,-23.5449,-46.6367,2024-12-25 18:10:00,1,732.91,sé,44.4,3.44,22.1338157653809,0.86
20.8,87,1010,,0.54,4,chuva leve,18.56,-23.5356,-46.6274,2024-12-25 18:40:00,1,723.91,sé,44.4,3.59,3.7360565662384,0.8975
20.57,92,1012,,1.78,2,chuva moderada,19.22,-23.5345,-46.625,2025-01-02 21:00:00,1,722.31,sé,16.5,2.8,2.10017395019531,1.4
29.1,54,1012,,0.12,3,chuva leve,18.85,-23.5182,-46.6475,2024-01-11 13:20:00,1,720.44,sé,1.1,0.39,6.81936025619507,0.13
21.07,99,1015,,10.16,3,chuva forte,20.91,-23.5357,-46.6431,2024-01-12 21:00:00,1,743.9,sé,54.1,19.56,7.87978029251099,6.52
21.06,98,1014,,7.62,4,chuva forte,20.73,-23.5374,-46.6418,2024-01-12 20:00:00,1,742.56,sé,54.1,11.18,6.46919012069702,2.795
21.45,98,1015,,10.67,3,chuva forte,21.12,-23.5285,-46.6215,2024-01-12 21:10:00,1,721.11,sé,54.1,26.67,4.63047933578491,8.89
20.7,94,1013,,13.72,4,chuva forte,19.7,-23.5487,-46.6323,2024-01-12 19:00:00,1,752.57,sé,54.1,35.77,10.8358516693115,8.9425
21.4,98,1019,,2.79,4,chuva moderada,21.7,-23.5229,-46.6271,2024-01-12 22:10:00,1,719.09,sé,54.1,29.46,2.78216338157654,7.365
21.67,97,1015,,3.68,4,chuva moderada,21.17,-23.5409,-46.6269,2024-01-13 01:00:00,1,726.3,sé,7.7,20.31,2.07442665100098,5.0775
23.71,83,1015,,3.83,2,chuva moderada,20.65,-23.5502,-46.6364,2024-01-17 17:23:00,1,759.73,sé,3.4,4.06,7.5039963722229,2.03
24.24,86,1012,,2.79,4,chuva fraca,21.75,-23.5302,-46.6255,2024-01-18 17:20:00,1,722.0,sé,8.2,31.81,1.99518501758575,7.9525
20.32,88,1016,,4.35,4,chuva forte,18.27,-23.5244,-46.6599,2024-01-23 13:00:00,1,721.2,sé,24.7,33.56,1.99518501758575,8.39
29.33,56,1010,,0.92,4,chuva leve,19.64,-23.5399,-46.6308,2024-01-19 15:00:00,1,724.36,sé,9.4,2.02,1.91265225410461,0.505
28.15,60,1012,,0.43,4,chuva leve,19.65,-23.5351,-46.6294,2024-01-19 12:00:00,1,730.77,sé,9.4,1.33,4.16915416717529,0.3325
19.75,84,1013,,1.06,4,chuva moderada,16.97,-23.5411,-46.627,2024-01-25 09:35:00,1,724.78,sé,0.8,1.69,1.31232666969299,0.4225
16.72,95,1015,,1.02,1,chuva moderada,15.92,-23.5427,-46.6271,2025-01-26 06:00:00,1,723.29,sé,1.1,1.02,3.66370439529419,1.02
23.92,65,1014,,0.44,2,chuva leve,16.94,-23.5413,-46.6277,2025-01-29 20:00:00,1,724.37,sé,0.0,2.58,3.66370439529419,1.29
29.36,59,1009,,1.05,4,chuva moderada,20.52,-23.5197,-46.6297,2025-01-03 16:30:00,1,720.74,sé,7.9,3.37,6.28653144836426,0.8425
24.81,73,1009,,0.67,4,chuva leve,19.64,-23.5352,-46.6446,2025-01-03 18:00:00,1,746.46,sé,7.9,3.6,1.85558569431305,0.9
22.04,80,1012,,0.24,2,chuva leve,18.43,-23.5225,-46.6241,2025-01-03 07:00:00,1,723.07,sé,7.9,2.12,4.68774795532227,1.06
20.93,78,1011,,1.88,1,chuva moderada,16.95,-23.5572,-46.6184,2025-01-03 06:00:00,1,725.53,sé,7.9,1.88,4.86640167236328,1.88
22.24,78,1011,,0.41,4,chuva leve,18.22,-23.5247,-46.6299,2025-01-08 17:00:00,1,722.07,sé,9.8,6.03,1.85558569431305,1.5075
21.97,95,1012,,1.78,4,chuva moderada,21.13,-23.5397,-46.6481,2025-01-16 18:00:00,1,743.23,sé,42.5,5.28,4.40595388412476,1.32
21.84,95,1012,,1.02,4,chuva moderada,21.0,-23.5503,-46.6382,2025-01-16 18:10:00,1,735.22,sé,42.5,8.07,15.6133918762207,2.0175
20.93,100,1015,,24.38,2,chuva forte,20.93,-23.5571,-46.6178,2025-01-16 23:00:00,1,726.48,sé,42.5,30.22,5.00677919387817,15.11
21.19,100,1015,,23.37,3,chuva forte,21.19,-23.5273,-46.6283,2025-01-16 22:55:00,1,718.79,sé,42.5,24.5,2.10017395019531,8.166666666666666
20.72,90,1015,,2.79,4,chuva moderada,19.02,-23.5357,-46.626,2025-01-24 18:00:00,1,723.08,sé,57.4,7.88,3.83503150939941,1.97
19.27,94,1015,,16.76,4,chuva forte,18.28,-23.5427,-46.6481,2025-01-24 16:40:00,1,745.89,sé,57.4,21.06,4.65347290039062,5.265
20.7,91,1015,,2.79,4,chuva moderada,19.18,-23.5347,-46.6251,2025-01-24 17:45:00,1,721.61,sé,57.4,9.72,0.464048534631729,2.43
20.59,90,1015,,2.79,4,chuva moderada,18.89,-23.5216,-46.6394,2025-01-24 18:00:00,1,720.93,sé,57.4,7.88,2.31902623176575,1.97
25.7,61,1014,,6.26,4,chuva forte,17.62,-23.5504,-46.6356,2025-01-27 13:46:00,1,771.02,sé,5.7,7.49,6.46919012069702,1.8725
21.14,94,1013,,1.27,2,chuva moderada,20.14,-23.5199,-46.6294,2025-01-29 13:35:00,1,720.21,sé,30.9,1.41,3.02248573303223,0.705
20.83,94,1013,,1.27,2,chuva moderada,19.83,-23.5432,-46.6354,2025-01-29 13:35:00,1,728.0,sé,30.9,1.41,10.026270866394,0.705
19.66,88,1013,,0.14,4,chuva leve,17.62,-23.5557,-46.6495,2025-01-29 13:28:00,1,753.57,sé,30.9,0.25,0.984320282936096,0.0625
21.96,88,1012,,9.78,1,chuva forte,19.88,-23.5565,-46.6295,2025-01-31 22:30:00,1,726.33,sé,41.4,9.78,2.38750553131104,9.78
19.93,95,1012,,15.75,4,chuva forte,19.11,-23.5559,-46.6495,2025-01-31 22:40:00,1,753.68,sé,41.4,17.53,0.984320282936096,4.3825
20.04,94,1012,,15.49,2,chuva forte,19.04,-23.5198,-46.6298,2025-01-31 23:13:00,1,720.68,sé,41.4,27.94,6.28653144836426,13.97
21.66,96,1015,,4.31,1,chuva forte,20.99,-23.5391,-46.6273,2024-02-13 00:00:00,1,722.78,sé,27.6,4.31,3.02248573303223,4.31
21.63,98,1015,,5.84,1,chuva forte,21.3,-23.5557,-46.6493,2024-02-13 00:07:00,1,753.91,sé,27.6,5.84,2.31902623176575,5.84
26.0,73,1009,,2.31,4,chuva moderada,20.79,-23.5441,-46.5641,2024-02-20 15:00:00,1,755.81,sé,17.6,6.13,5.56083726882935,1.5325
20.97,88,1014,,1.78,4,chuva moderada,18.91,-23.5369,-46.6499,2024-02-21 18:50:00,1,742.23,sé,25.4,14.62,7.5039963722229,3.655
20.96,86,1014,,1.78,4,chuva moderada,18.53,-23.5568,-46.6298,2024-02-21 18:55:00,1,726.34,sé,25.4,26.17,3.09265065193176,6.5425
21.17,81,1014,,0.22,2,chuva leve,17.78,-23.5229,-46.6303,2025-02-13 16:30:00,1,721.73,sé,8.6,0.54,2.10017395019531,0.27
21.2,91,1015,,1.78,1,chuva moderada,19.67,-23.5229,-46.6303,2025-02-06 19:55:00,1,721.73,sé,19.9,1.78,2.10017395019531,1.78
21.29,92,1015,,1.02,1,chuva moderada,19.94,-23.5199,-46.6297,2025-02-06 20:10:00,1,720.41,sé,19.9,1.02,0.328135460615158,1.02
21.68,95,1018,,4.57,4,chuva forte,20.84,-23.5489,-46.6387,2024-02-14 00:30:00,1,733.69,sé,17.8,47.8,15.7961130142212,11.95
21.36,89,1017,,0.95,4,chuva leve,19.47,-23.5229,-46.6252,2024-02-14 07:26:00,1,721.17,sé,17.8,5.69,6.01061630249023,1.4225
23.98,88,1017,,0.89,4,chuva leve,21.87,-23.5266,-46.6256,2025-02-14 13:00:00,1,721.38,sé,17.8,1.4,4.27048397064209,0.35
22.7,87,1017,,5.84,1,chuva leve,20.42,-23.5266,-46.6256,2025-02-14 08:00:00,1,721.38,sé,17.8,5.84,4.27048397064209,5.84
21.35,99,1011,,5.84,4,chuva forte,21.19,-23.5199,-46.6304,2025-02-03 02:00:00,1,724.47,sé,17.3,18.03,1.91265225410461,4.5075
21.07,97,1011,,2.79,4,chuva moderada,20.58,-23.5186,-46.6275,2025-02-03 02:14:00,1,720.35,sé,17.3,19.3,4.86640167236328,4.825
21.03,88,1013,,1.78,4,chuva moderada,18.97,-23.5347,-46.6251,2025-02-03 08:00:00,1,721.61,sé,17.3,4.9,0.464048534631729,1.225
20.86,85,1013,,0.47,4,chuva leve,18.25,-23.5496,-46.6282,2025-02-03 07:30:00,1,724.9,sé,17.3,2.5,5.89472436904907,0.625
19.98,97,1010,,10.16,4,chuva forte,19.49,-23.5186,-46.6274,2025-02-01 04:28:00,1,720.31,sé,56.2,22.35,4.86640167236328,5.5875
20.05,95,1011,,1.75,4,chuva moderada,19.22,-23.5179,-46.6529,2025-02-01 07:00:00,1,719.82,sé,56.2,11.66,3.66370439529419,2.915
25.99,61,1009,,1.06,4,chuva moderada,17.89,-23.5185,-46.6475,2025-02-01 14:30:00,1,720.55,sé,56.2,1.56,6.00178337097168,0.39
21.25,98,1012,,4.05,4,chuva forte,20.92,-23.5385,-46.6484,2025-02-14 16:00:00,1,737.31,sé,25.3,11.56,3.27780985832214,2.89
20.32,96,1012,,3.04,4,chuva moderada,19.66,-23.5235,-46.6309,2025-02-14 15:15:00,1,721.76,sé,25.3,7.37,4.40595388412476,1.8425
21.68,95,1012,,4.05,4,chuva forte,20.84,-23.523,-46.6303,2025-02-14 16:25:00,1,721.89,sé,25.3,11.56,2.70389485359192,2.89
21.44,98,1012,,4.05,4,chuva forte,21.11,-23.5179,-46.6509,2025-02-14 16:22:00,1,720.5,sé,25.3,11.56,5.7209997177124,2.89
18.92,94,1011,,1.17,4,chuva moderada,17.93,-23.5289,-46.6509,2024-02-18 15:38:00,1,726.87,sé,47.8,6.59,9.18427562713623,1.6475
18.67,94,1011,,1.17,4,chuva moderada,17.69,-23.5558,-46.6493,2024-02-18 15:46:00,1,753.76,sé,47.8,6.75,2.31902623176575,1.6875
22.31,88,1011,,1.17,4,chuva moderada,20.23,-23.5447,-46.6366,2024-02-18 16:00:00,1,732.36,sé,47.8,6.59,12.654688835144,1.6475
18.91,94,1011,,1.17,4,chuva moderada,17.92,-23.5198,-46.6313,2024-02-18 16:14:00,1,720.46,sé,47.8,6.59,3.02248573303223,1.6475
24.88,78,1011,,4.41,4,chuva forte,20.78,-23.5346,-46.625,2024-02-18 15:16:00,1,722.37,sé,47.8,5.77,0.464048534631729,1.4425
27.67,69,1011,,1.05,3,chuva moderada,21.47,-23.5352,-46.6257,2024-01-09 17:20:00,1,721.49,sé,33.3,2.48,2.36490035057068,0.8266666666666667
21.16,83,1012,,0.66,4,chuva leve,18.16,-23.5193,-46.6321,2024-01-09 18:00:00,1,720.65,sé,33.3,3.59,3.37449097633362,0.8975
20.82,83,1012,,0.66,4,chuva leve,17.83,-23.5384,-46.6488,2024-01-09 17:33:00,1,738.91,sé,33.3,3.59,7.29769134521484,0.8975
21.18,83,1012,,0.66,4,chuva leve,18.18,-23.5229,-46.6303,2024-01-09 17:37:00,1,721.73,sé,33.3,3.59,2.10017395019531,0.8975
27.64,66,1010,,1.75,4,chuva moderada,20.71,-23.5558,-46.6495,2024-01-08 16:30:00,1,753.38,sé,37.6,5.04,0.984320282936096,1.26
28.48,50,1010,,0.8,2,chuva leve,17.05,-23.5486,-46.6387,2024-01-08 15:29:00,1,732.77,sé,37.6,1.54,14.8122987747192,0.77
25.76,83,1010,,0.21,4,chuva leve,22.65,-23.5396,-46.6481,2024-01-08 18:19:00,1,743.04,sé,37.6,2.97,4.40595388412476,0.7425
25.84,83,1010,,0.21,4,chuva leve,22.73,-23.537,-46.6496,2024-01-08 16:44:00,1,741.67,sé,37.6,3.5,4.14342880249023,0.875
25.84,83,1010,,0.21,4,chuva leve,22.73,-23.5378,-46.6484,2024-01-08 17:27:00,1,736.46,sé,37.6,3.5,10.1897420883179,0.875
25.86,83,1010,,0.21,4,chuva leve,22.75,-23.5415,-46.6342,2024-01-08 17:29:00,1,727.48,sé,37.6,3.5,3.29412221908569,0.875
22.86,80,1012,,0.7,4,chuva leve,19.23,-23.5432,-46.6356,2025-02-18 15:35:00,1,726.39,sé,40.7,2.35,4.30785942077637,0.5875
23.99,81,1013,,0.24,4,chuva leve,20.53,-23.5236,-46.6309,2025-02-18 17:01:00,1,721.85,sé,40.7,2.43,4.40595388412476,0.6075
23.76,78,1013,,0.24,4,chuva leve,19.7,-23.5421,-46.6455,2025-02-18 17:15:00,1,751.6,sé,40.7,2.43,2.31902623176575,0.6075
23.79,78,1013,,0.24,4,chuva leve,19.72,-23.5377,-46.6419,2025-02-18 17:14:00,1,743.37,sé,40.7,2.43,4.72177028656006,0.6075
23.47,81,1016,,39.37,4,chuva forte,20.61,-23.5229,-46.6303,2025-02-18 20:25:00,1,721.73,sé,40.7,39.61,2.10017395019531,9.9025
19.26,89,1016,,13.72,1,chuva forte,17.4,-23.5196,-46.6318,2025-02-18 20:50:00,1,720.77,sé,40.7,13.72,2.07442665100098,13.72
19.29,89,1016,,11.94,1,chuva forte,17.43,-23.5193,-46.6323,2025-02-18 20:57:00,1,720.87,sé,40.7,11.94,3.37449097633362,11.94
21.89,96,1016,,2.79,1,chuva moderada,21.22,-23.5289,-46.6509,2024-01-10 22:07:00,1,726.87,sé,55.5,2.79,9.18427562713623,2.79
21.74,95,1016,,10.67,1,chuva forte,20.9,-23.5186,-46.6275,2024-01-10 22:00:00,1,720.35,sé,55.5,10.67,4.86640167236328,10.67
22.41,93,1016,,1.02,3,chuva moderada,21.22,-23.5184,-46.6286,2024-01-10 23:25:00,1,720.82,sé,55.5,6.86,1.18295407295227,2.2866666666666666
22.27,95,1015,,2.29,3,chuva moderada,21.43,-23.5444,-46.6362,2024-01-10 23:36:00,1,732.32,sé,55.5,23.62,1.03755331039429,7.873333333333334
21.72,95,1016,,2.79,2,chuva moderada,20.88,-23.5445,-46.6362,2024-01-10 22:23:00,1,732.51,sé,55.5,10.54,1.03755331039429,5.27
22.38,93,1015,,3.56,1,chuva moderada,21.19,-23.5352,-46.6257,2024-01-10 23:43:00,1,721.49,sé,55.5,3.56,2.36490035057068,3.56
22.19,94,1015,,2.29,3,chuva moderada,21.18,-23.5558,-46.6495,2024-01-10 23:34:00,1,753.38,sé,55.5,29.59,0.984320282936096,9.863333333333333
21.86,95,1016,,11.94,1,chuva forte,21.02,-23.5352,-46.6257,2024-01-10 21:57:00,1,721.49,sé,55.5,11.94,2.36490035057068,11.94
18.58,93,1015,,5.61,4,chuva forte,17.43,-23.465619,-46.63607,2022-11-11 18:43:00,1,803.32,jaçanã/tremembé,45.0,17.59,4.58413982391357,4.3975
19.08,94,1015,,4.09,3,chuva forte,18.09,-23.508425,-46.611826,2022-11-11 18:33:00,1,722.13,vilamaria/vilaguilherme,52.2,6.8,3.2449369430542,2.2666666666666666
18.36,94,1011,,30.48,4,chuva muito forte,17.38,-23.502518,-46.68604,2022-11-23 19:25:00,1,721.14,freguesiadoó,31.1,65.39,1.46716165542603,16.3475
18.08,88,1012,,0.18,1,chuva leve,16.06,-23.468703,-46.578874,2022-11-23 19:37:00,1,743.29,jaçanã/tremembé,25.4,0.18,4.19471979141235,0.18
17.83,97,1011,,0.0,4,trovoada com chuva forte,17.35,-23.508499,-46.75307,2022-11-23 19:12:00,1,742.24,pirituba/jaraguá,37.5,3.52,6.88871479034424,0.88
16.2,92,1015,,0.0,0,nublado,14.9,-23.51905,-46.558432,2022-11-25 06:16:00,1,723.95,vilamaria/vilaguilherme,8.4,0.0,2.62327790260315,0.0
19.85,92,1005,,0.63,4,chuva leve,18.51,-23.523706,-46.611052,2022-11-29 16:55:00,1,721.42,freguesiadoó,5.7,12.03,3.10994267463684,3.0075
21.13,88,1012,,14.99,4,chuva forte,19.06,-23.505653,-46.748927,2022-12-03 16:07:00,1,738.46,pirituba/jaraguá,39.7,18.54,8.9779109954834,4.635
22.42,88,1011,,0.29,4,chuva leve,20.33,-23.40615,-46.765057,2022-12-03 17:06:00,1,739.07,perus,40.0,5.62,8.85516166687012,1.405
19.98,99,1016,,0.0,4,chuva forte,19.82,-23.472963,-46.57208,2022-12-06 21:23:00,1,731.74,jaçanã/tremembé,43.5,2.12,1.46716165542603,0.53
20.97,97,1015,,0.0,4,trovoadas,20.48,-23.50707,-46.603729,2022-12-06 20:17:00,1,724.14,vilamaria/vilaguilherme,63.5,6.45,0.464048534631729,1.6125
21.93,95,1014,,0.28,4,chuva leve,21.09,-23.503491,-46.624659,2022-12-06 19:05:00,1,725.13,santana,53.3,9.77,1.85558569431305,2.4425
20.16,96,1016,,13.72,4,chuva forte,19.5,-23.519187,-46.634116,2022-12-06 20:47:00,1,720.45,santana,53.3,14.92,3.98554301261902,3.73
17.36,94,1007,,17.53,4,chuva muito forte,16.39,-23.503975,-46.672228,2022-12-13 08:26:00,1,724.79,casaverde,28.0,19.82,4.65347290039062,4.955
17.18,99,1007,,2.25,4,chuva forte,17.02,-23.511561,-46.624593,2022-12-13 08:15:00,1,720.71,santana,29.9,3.48,0.733701109886169,0.87
20.67,93,1017,,0.1,4,chuva leve,19.5,-23.43621,-46.774782,2022-12-29 20:30:00,1,800.21,perus,12.4,1.02,8.73654842376709,0.255
19.43,93,1014,,7.75,3,chuva forte,18.27,-23.588431,-46.690665,2022-11-11 17:29:00,1,720.32,pinheiros,14.3,17.35,2.9506402015686,5.783333333333334
18.37,89,1013,,11.43,4,chuva forte,16.53,-23.546835,-46.734269,2022-11-23 20:36:00,1,717.75,butantã,37.2,76.46,2.36490035057068,19.115
18.88,93,1011,,32.26,4,chuva muito forte,17.72,-23.524897,-46.699802,2022-11-23 18:39:00,1,734.08,lapa,55.9,35.78,1.99518501758575,8.945
18.92,93,1011,,32.26,4,chuva muito forte,17.76,-23.524139,-46.702002,2022-11-23 18:48:00,1,726.87,lapa,55.9,35.78,2.82047843933105,8.945
18.52,95,1011,,32.26,4,chuva muito forte,17.7,-23.519645,-46.674224,2022-11-23 19:00:00,1,720.38,lapa,55.9,35.78,0.733701109886169,8.945
17.89,99,1011,,0.0,4,trovoada com chuva forte,17.73,-23.529636,-46.677362,2022-11-23 19:02:00,1,731.39,lapa,55.9,3.92,2.31902623176575,0.98
17.9,99,1011,,0.0,4,trovoada com chuva forte,17.74,-23.499249,-46.683807,2022-11-23 19:04:00,1,730.08,lapa,55.9,3.52,6.27809810638428,0.88
17.68,99,1011,,0.0,4,trovoada com chuva forte,17.52,-23.53217,-46.686315,2022-11-23 19:08:00,1,758.45,lapa,55.9,3.52,5.89472436904907,0.88
18.12,95,1011,,0.0,4,trovoada com chuva forte,17.31,-23.539619,-46.727941,2022-11-23 19:14:00,1,720.91,lapa,55.9,3.52,2.07442665100098,0.88
17.88,88,1008,,0.92,3,chuva leve,15.87,-23.524778,-46.702517,2022-11-28 14:07:00,1,727.27,lapa,18.0,2.25,1.46716165542603,0.75
17.4,94,1008,,9.03,4,chuva forte,16.42,-23.577508,-46.686845,2022-11-28 14:30:00,1,724.58,pinheiros,27.2,11.28,3.34257745742798,2.82
19.3,90,1005,,8.64,4,chuva forte,17.62,-23.595856,-46.738665,2022-11-29 16:05:00,1,739.28,butantã,36.7,26.99,5.28619813919067,6.7475
19.13,91,1008,,0.0,0,algumas nuvens,17.63,-23.526092,-46.693692,2022-11-29 07:05:00,1,744.61,lapa,21.9,0.0,1.67271196842194,0.0
20.52,94,1005,,7.78,4,chuva forte,19.52,-23.528664,-46.739355,2022-11-29 15:19:00,1,718.21,lapa,21.9,19.18,5.08072853088379,4.795
21.93,82,1004,,9.12,4,chuva forte,18.72,-23.604343,-46.663049,2022-11-29 14:04:00,1,747.27,pinheiros,23.2,11.75,2.82047843933105,2.9375
21.94,82,1004,,9.12,4,chuva forte,18.73,-23.605762,-46.664409,2022-11-29 14:07:00,1,746.96,pinheiros,23.2,11.75,2.2001416683197,2.9375
21.08,90,1004,,9.91,4,chuva forte,19.38,-23.588358,-46.690651,2022-11-29 14:28:00,1,720.31,pinheiros,23.2,12.54,2.9506402015686,3.135
21.36,83,1005,,1.45,4,chuva moderada,18.36,-23.588885,-46.69596,2022-11-30 15:24:00,1,724.47,butantã,27.9,3.4,1.46716165542603,0.85
21.3,83,1006,,2.09,4,chuva moderada,18.3,-23.595833,-46.738693,2022-11-30 15:31:00,1,739.1,butantã,27.9,5.18,5.28619813919067,1.295
20.09,87,1006,,2.09,4,chuva moderada,17.86,-23.611097,-46.753093,2022-11-30 15:38:00,1,735.17,butantã,27.9,5.18,2.78216338157654,1.295
21.27,100,1006,,2.09,4,chuva moderada,21.27,-23.53,-46.737833,2022-11-30 15:52:00,1,718.11,lapa,12.3,5.18,2.56114077568054,1.295
23.35,91,1010,,16.76,3,chuva muito forte,21.8,-23.588773,-46.696023,2022-12-02 15:26:00,1,725.71,butantã,13.5,17.91,1.39190220832825,5.97
22.86,88,1010,,3.65,3,chuva moderada,20.77,-23.527645,-46.683132,2022-12-02 15:16:00,1,725.64,lapa,15.6,4.8,4.54907035827637,1.5999999999999999
23.06,90,1010,,16.76,3,chuva muito forte,21.33,-23.590413,-46.702816,2022-12-02 15:23:00,1,743.47,lapa,15.6,17.91,15.991473197937,5.97
23.07,91,1010,,0.51,4,chuva leve,21.52,-23.585722,-46.688532,2022-12-02 16:16:00,1,720.67,pinheiros,10.2,5.31,5.08072853088379,1.3275
21.36,90,1011,,0.29,4,chuva leve,19.65,-23.59568,-46.738772,2022-12-03 16:51:00,1,737.5,butantã,30.5,8.61,2.49744963645935,2.1525
20.63,89,1012,,24.89,4,chuva muito forte,18.75,-23.508497,-46.753172,2022-12-03 16:10:00,1,742.44,lapa,24.9,28.44,6.88871479034424,7.11
21.1,89,1012,,3.05,4,chuva moderada,19.22,-23.54675,-46.734332,2022-12-03 19:09:00,1,717.75,lapa,24.9,38.35,3.42179822921753,9.5875
23.33,77,1012,,0.89,4,chuva leve,19.07,-23.587228,-46.653353,2022-12-03 15:17:00,1,755.71,pinheiros,31.4,3.88,3.70728707313538,0.97
20.63,89,1012,,27.69,4,chuva muito forte,18.75,-23.545658,-46.718255,2022-12-03 16:24:00,1,721.0,pinheiros,31.4,31.37,2.96876573562622,7.8425
22.45,86,1012,,3.81,4,chuva moderada,19.99,-23.597572,-46.69727,2022-12-05 15:58:00,1,726.98,butantã,12.3,12.55,3.37449097633362,3.1375
21.63,90,1013,,7.11,4,chuva forte,19.92,-23.546805,-46.734269,2022-12-05 13:25:00,1,717.75,lapa,17.4,13.31,3.7360565662384,3.3275
21.53,87,1016,,0.17,4,chuva leve,19.27,-23.592217,-46.711939,2022-12-06 09:45:00,1,793.1,butantã,53.2,13.5,3.27780985832214,3.375
20.52,89,1016,,25.66,4,chuva muito forte,18.64,-23.570499,-46.710785,2022-12-06 20:57:00,1,724.99,butantã,53.2,74.1,6.08080530166626,18.525
19.57,91,1016,,33.78,4,chuva muito forte,18.06,-23.595662,-46.738778,2022-12-06 21:11:00,1,737.37,butantã,53.2,35.49,2.49744963645935,8.8725
20.2,93,1016,,23.75,4,chuva muito forte,19.03,-23.588518,-46.690716,2022-12-06 21:53:00,1,720.28,butantã,53.2,78.37,3.34257745742798,19.5925
20.62,89,1016,,1.02,4,chuva moderada,18.74,-23.528919,-46.74059,2022-12-06 08:04:00,1,718.75,lapa,41.4,15.45,2.49744963645935,3.8625
22.4,93,1014,,0.51,4,chuva moderada,21.21,-23.512181,-46.69535,2022-12-06 16:55:00,1,720.07,lapa,41.4,2.8,1.03755331039429,0.7
19.76,94,1016,,33.78,4,chuva muito forte,18.77,-23.519269,-46.675195,2022-12-06 21:19:00,1,719.56,lapa,41.4,35.49,5.57038927078247,8.8725
20.44,87,1016,,1.52,4,chuva moderada,18.2,-23.559298,-46.697113,2022-12-06 07:52:00,1,727.35,pinheiros,65.4,17.98,3.09265065193176,4.495
22.13,90,1014,,3.18,4,chuva moderada,20.41,-23.602052,-46.660936,2022-12-06 16:59:00,1,751.39,pinheiros,65.4,5.47,8.17378044128418,1.3675
20.47,93,1016,,15.75,4,chuva forte,19.3,-23.593998,-46.689596,2022-12-06 20:41:00,1,720.77,pinheiros,65.4,22.79,3.98554301261902,5.6975
21.92,92,1015,,0.76,4,chuva leve,20.56,-23.593718,-46.694462,2022-12-07 09:59:00,1,723.6,butantã,3.4,1.38,8.52475452423096,0.345
17.97,90,1007,,15.75,4,chuva forte,16.31,-23.595854,-46.738668,2022-12-13 07:48:00,1,739.28,butantã,25.6,17.59,5.28619813919067,4.3975
18.18,94,1007,,2.11,4,chuva moderada,17.2,-23.604353,-46.719246,2022-12-13 07:56:00,1,743.56,butantã,25.6,3.95,0.984320282936096,0.9875
18.13,93,1008,,2.29,4,chuva moderada,16.98,-23.514677,-46.680671,2022-12-13 08:58:00,1,723.83,lapa,24.8,5.99,8.14809894561768,1.4975
17.94,90,1007,,15.75,4,chuva forte,16.28,-23.588962,-46.695991,2022-12-13 07:47:00,1,724.54,pinheiros,27.4,17.59,1.39190220832825,4.3975
16.98,100,1007,,2.11,4,chuva forte,16.98,-23.55293,-46.70916,2022-12-13 07:59:00,1,720.25,pinheiros,27.4,3.95,4.2579517364502,0.9875
18.29,89,1008,,17.53,4,chuva muito forte,16.45,-23.545644,-46.71825,2022-12-13 08:33:00,1,721.0,pinheiros,27.4,20.39,2.96876573562622,5.0975
19.08,99,1014,,1.44,2,chuva moderada,18.92,-23.544331,-46.531227,2022-11-11 18:22:00,1,730.34,aricanduva/vilaformosa,35.9,2.71,4.14342880249023,1.355
18.69,100,1014,,1.44,2,chuva moderada,18.69,-23.537263,-46.457891,2022-11-11 18:17:00,1,751.06,aricanduva/vilaformosa,35.9,2.71,5.00677919387817,1.355
18.94,100,1014,,1.44,2,chuva moderada,18.94,-23.516891,-46.516475,2022-11-11 18:11:00,1,741.84,aricanduva/vilaformosa,35.9,2.71,1.85558569431305,1.355
18.94,97,1015,,4.09,3,chuva forte,18.45,-23.514405,-46.535154,2022-11-11 18:32:00,1,735.16,aricanduva/vilaformosa,35.9,6.8,3.34257745742798,2.2666666666666666
22.11,88,1013,,0.27,2,chuva leve,20.03,-23.541066,-46.459074,2022-11-22 18:17:00,1,749.66,itaquera,13.0,0.4,3.54483652114868,0.2
18.56,93,1010,,0.0,4,trovoada com chuva forte,17.41,-23.547743,-46.602464,2022-11-23 19:10:00,1,735.15,mooca,30.9,0.28,2.82047843933105,0.07
18.95,87,1012,,0.18,1,chuva leve,16.74,-23.542773,-46.60664,2022-11-23 19:32:00,1,732.14,mooca,30.9,0.18,1.35270059108734,0.18
17.94,88,1008,,5.64,3,chuva forte,15.92,-23.568005,-46.607073,2022-11-28 14:05:00,1,728.09,mooca,29.9,7.09,0.464048534631729,2.3633333333333333
18.25,84,1008,,5.64,3,chuva forte,15.5,-23.555965,-46.577459,2022-11-28 14:08:00,1,735.38,vilaprudente,38.1,7.09,5.64620971679688,2.3633333333333333
18.48,82,1008,,5.64,3,chuva forte,15.35,-23.590061,-46.54394,2022-11-28 14:13:00,1,752.82,vilaprudente,38.1,7.09,0.928036212921143,2.3633333333333333
18.57,82,1008,,5.64,3,chuva forte,15.44,-23.589144,-46.567847,2022-11-28 14:18:00,1,772.67,vilaprudente,38.1,7.09,1.35270059108734,2.3633333333333333
23.52,78,1012,,3.88,4,chuva moderada,19.46,-23.579958,-46.572097,2022-12-03 15:04:00,1,740.18,mooca,23.3,12.02,1.91265225410461,3.005
23.41,78,1012,,3.88,4,chuva moderada,19.36,-23.590331,-46.543729,2022-12-03 15:10:00,1,753.54,mooca,23.3,12.02,0.984320282936096,3.005
23.38,78,1012,,3.88,4,chuva moderada,19.33,-23.587396,-46.59052,2022-12-03 15:07:00,1,728.76,vilaprudente,34.7,12.02,2.36490035057068,3.005
20.49,100,1016,,0.0,4,chuva moderada,20.49,-23.532735,-46.450673,2022-12-06 20:55:00,1,754.98,itaquera,42.8,2.12,4.63047933578491,0.53
20.38,100,1016,,0.0,4,trovoada com chuva fraca,20.38,-23.54159,-46.457623,2022-12-06 22:24:00,1,747.32,itaquera,42.8,0.28,0.464048534631729,0.07
21.09,96,1015,,0.0,4,trovoadas,20.43,-23.539626,-46.609973,2022-12-06 19:58:00,1,729.83,mooca,47.3,6.45,5.96631669998169,1.6125
20.02,99,1016,,0.57,4,chuva leve,19.86,-23.526789,-46.575019,2022-12-06 06:50:00,1,721.32,penha,42.9,2.93,5.84952116012573,0.7325
20.91,100,1015,,0.0,4,chuva forte,20.91,-23.535653,-46.518237,2022-12-06 20:16:00,1,745.57,penha,42.9,6.45,4.36943054199219,1.6125
20.0,99,1016,,0.0,4,chuva forte,19.84,-23.533505,-46.54039,2022-12-06 20:57:00,1,739.14,penha,42.9,2.12,11.2804288864136,0.53
28.33,57,1009,,0.57,1,chuva leve,19.0,-23.541331,-46.457546,2022-12-11 15:14:00,1,747.1,itaquera,25.1,0.57,1.35270059108734,0.57
28.33,57,1009,,0.57,1,chuva leve,19.0,-23.540703,-46.458746,2022-12-11 15:23:00,1,750.32,itaquera,25.1,0.57,2.93240189552307,0.57
28.61,58,1009,,0.58,2,chuva leve,19.54,-23.537558,-46.456539,2022-12-11 15:31:00,1,745.81,itaquera,25.1,1.15,3.99894142150879,0.575
28.62,58,1009,,0.58,2,chuva leve,19.55,-23.542724,-46.458893,2022-12-11 15:39:00,1,747.77,itaquera,25.1,1.15,1.91265225410461,0.575
17.57,95,1007,,2.25,4,chuva forte,16.76,-23.531981,-46.532996,2022-12-13 07:59:00,1,742.04,mooca,26.7,3.48,12.1325874328613,0.87
17.32,98,1007,,2.25,4,chuva forte,17.0,-23.547553,-46.602094,2022-12-13 08:01:00,1,735.21,mooca,26.7,3.48,2.64366388320923,0.87
21.63,88,1016,,6.8,4,chuva forte,19.56,-23.528963,-46.51538,2022-12-31 14:06:00,1,743.44,penha,22.1,8.18,6.01061630249023,2.045
21.82,88,1016,,6.8,4,chuva forte,19.74,-23.536925,-46.519926,2022-12-31 14:10:00,1,742.71,penha,22.1,8.18,4.99612379074097,2.045
21.95,85,1016,,5.72,4,chuva forte,19.31,-23.549566,-46.526944,2022-12-31 14:34:00,1,733.63,penha,22.1,13.74,1.35270059108734,3.435
19.32,95,1015,,8.38,3,chuva forte,18.5,-23.617792,-46.68191,2022-11-11 17:49:00,1,736.57,santoamaro,18.1,12.12,4.10453462600708,4.04
20.18,86,1013,,0.44,3,chuva leve,17.76,-23.61461,-46.698804,2022-11-22 17:55:00,1,722.86,santoamaro,6.5,1.44,2.07442665100098,0.48
19.09,89,1013,,6.6,3,chuva forte,17.24,-23.625663,-46.686853,2022-11-23 19:48:00,1,730.53,santoamaro,21.9,57.91,1.85558569431305,19.30333333333333
16.0,88,1015,,0.0,0,névoa,14.02,-23.676285,-46.749814,2022-11-25 05:12:00,1,759.87,m'boimirim,12.6,0.0,8.56755828857422,0.0
17.31,95,1016,,0.17,4,chuva leve,16.5,-23.807587,-46.736086,2022-11-25 00:06:00,1,777.08,parelheiros,15.1,0.47,2.38750553131104,0.1175
18.42,94,1009,,2.54,4,chuva moderada,17.44,-23.664084,-46.769979,2022-11-28 14:58:00,1,758.51,campolimpo,31.2,13.43,1.35270059108734,3.3575
19.23,77,1008,,0.92,3,chuva leve,15.1,-23.584975,-46.653412,2022-11-28 14:13:00,1,750.56,vilamariana,21.5,2.25,2.80138683319092,0.75
19.19,77,1008,,0.92,3,chuva leve,15.06,-23.617136,-46.662487,2022-11-28 14:17:00,1,753.64,vilamariana,21.5,2.25,3.94507098197937,0.75
17.23,94,1008,,9.03,4,chuva forte,16.26,-23.605762,-46.664367,2022-11-28 14:38:00,1,746.59,vilamariana,21.5,11.28,2.2001416683197,2.82
17.23,94,1008,,9.03,4,chuva forte,16.26,-23.604074,-46.662803,2022-11-28 14:40:00,1,748.61,vilamariana,21.5,11.28,1.35270059108734,2.82
20.28,92,1006,,0.69,4,chuva leve,18.94,-23.670088,-46.739881,2022-11-30 18:19:00,1,733.31,campolimpo,34.4,13.22,3.29412221908569,3.305
23.43,93,1010,,16.76,4,chuva muito forte,22.23,-23.588416,-46.690676,2022-12-02 15:50:00,1,720.26,santoamaro,3.6,21.56,2.9506402015686,5.39
24.57,81,1012,,0.89,4,chuva leve,21.09,-23.588407,-46.690651,2022-12-03 15:23:00,1,720.33,vilamariana,45.0,3.88,2.9506402015686,0.97
21.72,88,1012,,3.81,4,chuva moderada,19.65,-23.588531,-46.690725,2022-12-03 15:48:00,1,720.27,vilamariana,45.0,7.36,3.34257745742798,1.84
21.64,91,1013,,8.51,4,chuva forte,20.11,-23.621529,-46.683914,2022-12-05 12:59:00,1,733.42,santoamaro,12.9,8.81,2.9506402015686,2.2025
20.81,93,1012,,12.19,4,chuva forte,19.64,-23.622484,-46.678637,2022-12-05 16:14:00,1,731.56,santoamaro,12.9,20.3,2.31902623176575,5.075
21.57,94,1015,,28.7,4,chuva muito forte,20.56,-23.627112,-46.687888,2022-12-06 19:51:00,1,727.73,santoamaro,44.8,37.52,3.94507098197937,9.38
21.33,94,1015,,20.96,4,chuva muito forte,20.32,-23.622801,-46.678363,2022-12-06 20:06:00,1,731.61,santoamaro,44.8,24.7,3.7360565662384,6.175
22.05,91,1014,,2.54,4,chuva moderada,20.51,-23.607333,-46.658583,2022-12-06 17:04:00,1,756.07,vilamariana,81.8,4.83,10.5670099258423,1.2075
21.29,94,1015,,0.51,4,chuva leve,20.29,-23.58528,-46.653455,2022-12-06 20:01:00,1,749.86,vilamariana,81.8,4.89,3.94507098197937,1.2225
20.27,94,1016,,25.66,4,chuva muito forte,19.27,-23.607566,-46.665905,2022-12-06 20:49:00,1,745.26,vilamariana,81.8,56.4,3.10994267463684,14.1
19.91,93,1016,,19.18,4,chuva muito forte,18.74,-23.585346,-46.668956,2022-12-06 21:23:00,1,732.5,vilamariana,81.8,34.86,0.984320282936096,8.715
20.8,94,1015,,0.0,0,nublado,19.8,-23.675165,-46.713219,2022-12-07 07:28:00,1,739.07,capeladosocorro,1.2,0.0,2.31902623176575,0.0
17.52,92,1007,,15.75,4,chuva forte,16.21,-23.62608,-46.68709,2022-12-13 07:44:00,1,728.76,santoamaro,25.3,25.21,3.54483652114868,6.3025
19.55,94,1007,,2.11,4,chuva moderada,18.56,-23.615955,-46.680196,2022-12-13 07:53:00,1,741.89,santoamaro,25.3,3.95,5.89472436904907,0.9875
19.73,94,1007,,3.18,4,chuva moderada,18.74,-23.658225,-46.702525,2022-12-13 08:04:00,1,734.12,santoamaro,25.3,12.64,1.18295407295227,3.16
18.39,96,1007,,1.02,4,chuva moderada,17.74,-23.588398,-46.690686,2022-12-13 08:16:00,1,720.22,santoamaro,25.3,2.55,2.9506402015686,0.6375
18.24,94,1007,,3.09,4,chuva moderada,17.26,-23.668978,-46.729383,2022-12-13 08:17:00,1,739.17,santoamaro,25.3,12.55,3.37449097633362,3.1375
19.58,94,1007,,2.11,4,chuva moderada,18.59,-23.586125,-46.654724,2022-12-13 07:58:00,1,752.77,vilamariana,26.1,3.95,4.36943054199219,0.9875
18.18,94,1007,,2.11,4,chuva moderada,17.2,-23.600458,-46.651398,2022-12-13 07:59:00,1,748.17,vilamariana,26.1,3.95,3.48386597633362,0.9875
18.15,96,1007,,1.78,4,chuva moderada,17.5,-23.585093,-46.653412,2022-12-13 08:20:00,1,749.87,vilamariana,26.1,3.95,2.80138683319092,0.9875
17.09,82,1015,,0.0,0,nuvens dispersas,14.0,-23.590509,-46.63233,2022-12-14 06:55:00,1,795.09,vilamariana,0.1,0.0,10.7788600921631,0.0
20.72,91,1008,,0.34,4,chuva leve,19.2,-23.625756,-46.686908,2022-12-16 15:39:00,1,730.4,santoamaro,19.0,3.5,3.10994267463684,0.875
20.3,95,1012,,2.79,3,chuva moderada,19.47,-23.67967,-46.708196,2022-12-28 04:53:00,1,749.53,capeladosocorro,15.3,13.2,1.85558569431305,4.3999999999999995
20.15,96,1013,,4.06,4,chuva forte,19.49,-23.674581,-46.714987,2022-12-28 07:40:00,1,737.89,capeladosocorro,15.3,14.47,1.67271196842194,3.6175
20.17,95,1013,,0.0,4,chuva leve,19.34,-23.680077,-46.705171,2022-12-28 08:03:00,1,736.62,capeladosocorro,15.3,10.91,2.9506402015686,2.7275
20.25,95,1013,,0.42,4,chuva leve,19.42,-23.668954,-46.729392,2022-12-28 05:49:00,1,738.94,m'boimirim,17.0,0.65,3.37449097633362,0.1625
23.28,83,1016,,6.3,4,chuva forte,20.23,-23.615445,-46.756421,2022-12-31 15:26:00,1,738.94,campolimpo,28.8,8.79,3.37449097633362,2.1975
25.15,76,1009,,0.17,3,chuva leve,20.62,-23.488154,-46.684285,2023-01-03 16:20:00,1,727.11,casaverde,6.6,6.12,7.33369398117065,2.04
21.05,95,1009,,0.36,4,chuva leve,20.22,-23.491235,-46.611453,2023-01-03 18:06:00,1,741.47,santana,8.7,2.39,6.54239559173584,0.5975
19.89,97,1014,,30.73,4,chuva muito forte,19.4,-23.499212,-46.683775,2023-01-10 16:52:00,1,730.91,freguesiadoó,14.8,38.6,6.27809810638428,9.65
19.86,96,1014,,8.89,4,chuva forte,19.2,-23.494652,-46.692418,2023-01-10 17:04:00,1,727.11,jaçanã/tremembé,6.8,35.3,5.11208724975586,8.825
25.64,69,1010,,0.0,2,trovoada com chuva fraca,19.53,-23.518053,-46.636322,2023-01-23 14:04:00,1,721.13,santana,7.3,0.25,6.70211410522461,0.125
22.97,88,1010,,0.17,4,chuva leve,20.88,-23.472835,-46.571866,2023-01-24 17:15:00,1,732.01,jaçanã/tremembé,24.8,2.38,1.03755331039429,0.595
22.71,88,1009,,0.24,4,chuva leve,20.62,-23.404911,-46.744011,2023-01-24 17:21:00,1,747.98,perus,32.6,1.33,3.54483652114868,0.3325
22.79,88,1009,,0.24,4,chuva leve,20.7,-23.404541,-46.752962,2023-01-24 17:29:00,1,735.32,perus,32.6,1.33,1.03755331039429,0.3325
22.76,88,1010,,0.19,4,chuva leve,20.67,-23.405635,-46.751521,2023-01-24 17:30:00,1,737.21,perus,32.6,1.14,1.7665228843689,0.285
23.61,79,1010,,0.15,4,chuva leve,19.76,-23.405335,-46.750048,2023-01-24 17:38:00,1,736.63,perus,32.6,0.79,3.10994267463684,0.1975
23.87,81,1014,,2.0,4,chuva moderada,20.41,-23.498715,-46.707034,2023-01-28 16:12:00,1,725.43,freguesiadoó,31.9,6.1,3.02248573303223,1.525
23.84,81,1014,,2.0,4,chuva moderada,20.38,-23.488671,-46.70659,2023-01-28 16:15:00,1,764.01,pirituba/jaraguá,23.4,6.1,4.63047933578491,1.525
21.35,94,1011,,0.0,4,trovoada com chuva,20.34,-23.460704,-46.721559,2023-01-29 15:54:00,1,830.73,perus,12.2,0.71,12.9068193435669,0.1775
21.1,97,1015,,0.7,3,chuva leve,20.61,-23.507287,-46.561065,2023-02-01 21:19:00,1,728.43,vilamaria/vilaguilherme,20.1,1.15,3.10994267463684,0.3833333333333333
24.45,78,1013,,0.12,4,chuva leva,20.36,-23.502424,-46.684489,2023-02-06 13:41:00,1,721.02,casaverde,10.8,0.58,1.99518501758575,0.145
19.89,100,1015,,1.5,4,chuva moderada,19.89,-23.499216,-46.683826,2023-02-07 15:57:00,1,730.54,casaverde,47.7,9.83,6.27809810638428,2.4575
23.12,82,1015,,5.6,4,chuva forte,19.88,-23.489819,-46.698744,2023-02-07 14:30:00,1,732.19,freguesiadoó,45.5,8.53,0.656249403953552,2.1325
19.9,100,1015,,1.5,4,chuva moderada,19.9,-23.496491,-46.709547,2023-02-07 16:02:00,1,743.86,freguesiadoó,45.5,9.83,8.16736793518066,2.4575
20.88,94,1015,,4.47,4,chuva forte,19.88,-23.472814,-46.57181,2023-02-07 14:39:00,1,731.98,vilamaria/vilaguilherme,39.2,7.55,1.03755331039429,1.8875
20.84,97,1015,,4.47,4,chuva forte,20.35,-23.473637,-46.57352,2023-02-07 15:19:00,1,732.78,vilamaria/vilaguilherme,39.2,7.55,2.96876573562622,1.8875
19.94,98,1015,,1.12,4,chuva moderada,19.61,-23.512183,-46.727233,2023-02-07 16:31:00,1,728.46,pirituba/jaraguá,36.3,9.49,1.46716165542603,2.3725
19.85,95,1013,,15.75,4,chuva forte,19.03,-23.502828,-46.684639,2023-02-12 18:16:00,1,720.98,casaverde,22.6,18.19,1.91265225410461,4.5475
21.62,92,1008,,0.0,0,nuvens dispersas,20.26,-23.502829,-46.631839,2023-02-15 15:41:00,1,727.63,santana,15.3,0.0,3.48386597633362,0.0
19.44,95,1010,,11.43,1,chuva forte,18.62,-23.503438,-46.684639,2023-02-16 21:17:00,1,721.82,casaverde,38.2,11.43,2.2001416683197,11.43
19.35,95,1010,,11.43,1,chuva forte,18.53,-23.501119,-46.683995,2023-02-16 21:22:00,1,722.79,casaverde,38.2,11.43,2.64366388320923,11.43
19.39,97,1010,,15.49,1,chuva forte,18.9,-23.502482,-46.686068,2023-02-16 21:34:00,1,721.44,casaverde,38.2,15.49,1.46716165542603,15.49
20.21,92,1008,,0.0,0,céu limpo,18.87,-23.515329,-46.625269,2023-02-17 03:12:00,1,721.8,santana,0.3,0.0,2.36490035057068,0.0
23.72,83,1015,,4.06,4,chuva forte,20.66,-23.493084,-46.661984,2023-02-18 14:05:00,1,732.57,casaverde,43.4,17.39,3.52969360351562,4.3475
21.69,92,1011,,0.0,0,chuva forte,20.33,-23.513522,-46.629314,2023-02-18 02:29:00,1,722.21,santana,43.3,0.0,4.56079053878784,0.0
21.68,89,1015,,33.02,4,chuva muito forte,19.79,-23.508753,-46.686426,2023-02-18 14:15:00,1,720.09,santana,43.3,46.35,5.08072853088379,11.5875
20.79,92,1016,,0.42,4,chuva leve,19.44,-23.515073,-46.625264,2023-02-18 17:20:00,1,721.67,santana,43.3,4.81,3.6195912361145,1.2025
18.06,97,1018,,0.25,4,chuva moderada,17.58,-23.518396,-46.628793,2023-02-19 05:31:00,1,720.39,santana,24.0,4.19,2.80138683319092,1.0475
23.66,81,1015,,0.42,4,chuva leve,20.21,-23.493713,-46.611079,2023-02-20 17:44:00,1,734.38,vilamaria/vilaguilherme,30.6,4.37,2.96876573562622,1.0925
22.58,85,1015,,0.42,4,chuva leve,19.93,-23.490465,-46.610352,2023-02-20 17:55:00,1,736.27,santana,25.2,4.37,5.79479932785034,1.0925
22.62,87,1015,,0.42,4,chuva leve,20.35,-23.50083,-46.615748,2023-02-20 17:55:00,1,728.37,santana,25.2,4.37,2.07442665100098,1.0925
22.55,89,1015,,0.42,4,chuva leve,20.65,-23.509798,-46.618303,2023-02-20 18:07:00,1,723.68,santana,25.2,4.37,1.67271196842194,1.0925
20.8,93,1015,,0.0,4,chuva leve,19.63,-23.490489,-46.61037,2023-02-20 18:44:00,1,736.31,santana,25.2,3.23,5.79479932785034,0.8075
21.96,88,1017,,0.43,4,chuva leve,19.88,-23.504983,-46.675737,2023-02-23 16:30:00,1,720.29,casaverde,6.5,1.69,0.733701109886169,0.4225
21.32,90,1017,,0.2,4,chuva leve,19.61,-23.473863,-46.574002,2023-02-23 16:04:00,1,733.04,vilamaria/vilaguilherme,11.1,4.97,0.733701109886169,1.2425
25.04,73,1015,,2.36,4,chuva moderada,19.86,-23.580719,-46.491949,2023-01-01 14:16:00,1,744.08,itaquera,20.4,4.12,10.0674085617065,1.03
22.95,88,1014,,0.22,4,chuva leve,20.86,-23.536909,-46.456802,2023-01-01 14:35:00,1,744.05,itaquera,20.4,4.11,1.7665228843689,1.0275
17.12,96,1015,,1.28,4,chuva forte,16.48,-23.54772,-46.602525,2023-01-05 08:38:00,1,735.54,mooca,12.8,6.47,2.82047843933105,1.6175
24.8,75,1014,,1.02,4,chuva moderada,20.07,-23.555238,-46.602924,2023-01-10 16:19:00,1,740.23,mooca,12.6,1.93,0.984320282936096,0.4825
20.47,97,1014,,0.97,4,chuva leve,19.98,-23.567918,-46.606897,2023-01-10 17:30:00,1,728.48,mooca,12.6,4.94,0.464048534631729,1.235
19.2,91,1014,,0.0,4,névoa,17.7,-23.549306,-46.625601,2023-01-12 05:58:00,1,724.11,mooca,0.9,1.53,1.46716165542603,0.3825
23.82,81,1013,,0.0,4,chuva forte,20.36,-23.549326,-46.625623,2023-01-13 08:59:00,1,724.18,mooca,30.4,0.25,1.46716165542603,0.0625
19.57,95,1014,,11.94,1,chuva forte,18.75,-23.567888,-46.606911,2023-01-13 22:43:00,1,728.53,mooca,30.4,11.94,2.36490035057068,11.94
18.97,98,1014,,36.58,1,chuva muito forte,18.65,-23.547708,-46.602489,2023-01-13 22:55:00,1,735.48,mooca,30.4,36.58,2.82047843933105,36.58
18.97,98,1014,,14.99,1,chuva forte,18.65,-23.547708,-46.602489,2023-01-13 23:02:00,1,735.48,mooca,30.4,14.99,2.82047843933105,14.99
20.02,94,1013,,0.0,0,chuva leve,19.02,-23.555981,-46.577469,2023-01-14 01:08:00,1,735.43,mooca,3.7,0.0,3.48386597633362,0.0
19.88,94,1013,,0.0,0,trovoada com chuva,18.89,-23.533437,-46.540393,2023-01-14 00:36:00,1,738.91,penha,3.9,0.0,7.1885552406311,0.0
23.49,77,1014,,0.82,3,chuva leve,19.23,-23.589059,-46.567844,2023-01-15 17:25:00,1,772.34,vilaprudente,54.2,2.08,1.35270059108734,0.6933333333333334
21.11,88,1014,,0.82,3,chuva leve,19.05,-23.58997,-46.54399,2023-01-15 17:29:00,1,752.96,vilaprudente,54.2,2.08,0.928036212921143,0.6933333333333334
23.44,88,1015,,0.0,0,céu limpo,21.34,-23.581579,-46.438464,2023-01-16 06:46:00,1,797.41,itaquera,2.0,0.0,10.3304805755615,0.0
21.16,89,1015,,0.0,4,névoa,19.28,-23.547769,-46.602632,2023-01-28 16:44:00,1,735.63,mooca,12.2,8.13,2.82047843933105,2.0325
22.97,83,1011,,0.0,4,trovoada com chuva fraca,19.93,-23.541257,-46.457381,2023-01-29 15:38:00,1,746.55,itaquera,70.6,2.94,1.35270059108734,0.735
22.95,83,1011,,0.0,4,trovoada com chuva fraca,19.91,-23.537552,-46.45656,2023-01-29 16:13:00,1,745.75,itaquera,70.6,2.94,3.99894142150879,0.735
23.01,83,1011,,0.0,4,trovoada com chuva fraca,19.97,-23.534584,-46.454394,2023-01-29 16:14:00,1,743.04,itaquera,70.6,2.94,2.2001416683197,0.735
21.87,83,1011,,1.08,4,chuva moderada,18.85,-23.530486,-46.448083,2023-01-29 16:55:00,1,762.48,itaquera,70.6,3.86,8.25031757354736,0.965
21.41,87,1011,,1.08,4,chuva moderada,19.16,-23.535795,-46.492001,2023-01-29 16:55:00,1,785.9,itaquera,70.6,3.86,3.37449097633362,0.965
22.53,87,1011,,0.0,4,trovoada com chuva fraca,20.26,-23.542684,-46.482537,2023-01-29 16:13:00,1,781.77,penha,32.5,2.94,1.64024698734283,0.735
19.98,93,1011,,1.08,4,chuva moderada,18.81,-23.621254,-46.489908,2023-01-29 16:45:00,1,784.87,sapopemba,41.1,3.86,6.24424839019775,0.965
25.68,83,1011,,0.0,4,trovoada com chuva fraca,22.58,-23.597162,-46.444684,2023-01-29 15:36:00,1,770.4,sãomateus,46.4,2.94,2.9506402015686,0.735
21.64,90,1011,,1.62,4,chuva moderada,19.93,-23.547714,-46.526529,2023-01-29 17:35:00,1,731.44,sãomateus,46.4,2.82,3.34257745742798,0.705
21.86,95,1012,,0.21,3,chuva leve,21.02,-23.539749,-46.54188,2023-01-29 19:10:00,1,728.55,sãomateus,46.4,2.91,4.63047933578491,0.9700000000000001
20.93,100,1016,,0.0,4,chuva forte,20.93,-23.551056,-46.436763,2023-01-31 22:00:00,1,803.8,itaquera,43.6,0.62,3.94507098197937,0.155
19.97,100,1016,,0.0,4,chuva forte,19.97,-23.54155,-46.457623,2023-01-31 22:00:00,1,746.82,itaquera,43.6,0.62,0.464048534631729,0.155
19.95,100,1016,,0.0,4,chuva forte,19.95,-23.536919,-46.456813,2023-01-31 22:07:00,1,744.09,itaquera,43.6,0.62,1.35270059108734,0.155
20.06,100,1016,,0.0,4,chuva moderada,20.06,-23.506297,-46.453982,2023-01-31 22:38:00,1,736.19,sãomiguelpaulista,45.1,0.45,1.39190220832825,0.1125
19.85,100,1016,,0.0,4,chuva forte,19.85,-23.507202,-46.486624,2023-01-31 22:06:00,1,774.86,penha,35.0,0.62,5.89472436904907,0.155
21.17,100,1016,,0.0,4,chuva moderada,21.17,-23.597197,-46.444667,2023-01-31 22:36:00,1,770.42,sãomateus,45.8,0.45,2.9506402015686,0.1125
21.19,98,1015,,0.7,3,chuva leve,20.86,-23.537929,-46.549652,2023-02-01 21:07:00,1,728.05,aricanduva/vilaformosa,27.6,1.15,2.80138683319092,0.3833333333333333
21.97,94,1015,,0.3,2,chuva leve,20.96,-23.541255,-46.457344,2023-02-01 20:23:00,1,746.49,itaquera,33.2,0.45,3.94507098197937,0.225
20.95,94,1015,,0.7,3,chuva leve,19.95,-23.536875,-46.456788,2023-02-01 20:36:00,1,744.09,itaquera,33.2,1.15,1.7665228843689,0.3833333333333333
22.12,94,1015,,0.7,2,chuva leve,21.11,-23.492212,-46.452887,2023-02-01 20:30:00,1,731.37,sãomiguelpaulista,34.8,1.0,1.67271196842194,0.5
21.44,86,1015,,0.72,4,chuva leve,19.0,-23.574054,-46.475855,2023-02-01 07:51:00,1,805.2,sãomateus,30.4,3.71,2.31902623176575,0.9275
23.45,75,1014,,0.0,0,trovoadas,18.77,-23.593026,-46.406636,2023-02-02 19:30:00,1,791.53,cidadetiradentes,30.2,0.0,3.09265065193176,0.0
23.52,75,1014,,0.0,0,trovoadas,18.83,-23.574471,-46.393047,2023-02-02 19:30:00,1,790.41,cidadetiradentes,30.2,0.0,4.30785942077637,0.0
23.59,75,1014,,0.0,0,trovoadas,18.9,-23.56656,-46.401993,2023-02-02 19:30:00,1,774.91,cidadetiradentes,30.2,0.0,2.36490035057068,0.0
22.75,78,1015,,0.0,0,trovoada com chuva fraca,18.72,-23.487795,-46.401265,2023-02-02 08:50:00,1,730.13,sãomiguelpaulista,0.7,0.0,2.64366388320923,0.0
23.93,74,1014,,0.0,0,trovoadas,19.01,-23.608089,-46.482728,2023-02-02 19:30:00,1,785.0,sãomateus,31.0,0.0,5.08072853088379,0.0
23.94,72,1014,,0.0,0,trovoadas,18.59,-23.621325,-46.489881,2023-02-02 19:50:00,1,784.09,vilaprudente,30.2,0.0,6.24424839019775,0.0
24.25,72,1014,,0.0,0,trovoadas,18.88,-23.613852,-46.530923,2023-02-02 20:00:00,1,744.45,vilaprudente,30.2,0.0,1.35270059108734,0.0
20.83,100,1014,,1.48,4,chuva moderada,20.83,-23.515037,-46.443869,2023-02-06 18:50:00,1,774.25,sãomiguelpaulista,3.9,8.23,5.41548299789429,2.0575
23.22,78,1014,,1.37,4,chuva moderada,19.17,-23.543331,-46.434297,2023-02-07 13:40:00,1,764.74,itaquera,50.7,3.3,4.05208683013916,0.825
23.18,78,1014,,1.37,4,chuva moderada,19.13,-23.540737,-46.439601,2023-02-07 13:42:00,1,787.54,itaquera,50.7,3.3,3.60476565361023,0.825
20.97,100,1014,,1.37,4,chuva moderada,20.97,-23.541324,-46.457419,2023-02-07 13:43:00,1,746.44,itaquera,50.7,3.3,1.35270059108734,0.825
24.43,78,1014,,1.37,4,chuva moderada,20.34,-23.485738,-46.410418,2023-02-07 13:43:00,1,730.76,itaquera,50.7,3.3,1.99518501758575,0.825
20.91,100,1014,,1.37,4,chuva moderada,20.91,-23.543595,-46.461989,2023-02-07 13:45:00,1,750.99,itaquera,50.7,3.3,2.64366388320923,0.825
22.61,100,1014,,1.37,4,chuva moderada,22.61,-23.552014,-46.445318,2023-02-07 13:50:00,1,755.66,itaquera,50.7,3.3,4.65347290039062,0.825
20.95,100,1014,,1.37,4,chuva moderada,20.95,-23.537561,-46.458266,2023-02-07 14:00:00,1,754.11,itaquera,50.7,3.3,14.5097599029541,0.825
20.95,100,1014,,1.37,4,chuva moderada,20.95,-23.537155,-46.456952,2023-02-07 14:07:00,1,744.5,itaquera,50.7,3.3,2.31902623176575,0.825
20.98,99,1015,,4.47,4,chuva forte,20.82,-23.541484,-46.45748,2023-02-07 14:30:00,1,746.93,itaquera,50.7,7.55,1.35270059108734,1.8875
21.21,92,1015,,4.47,4,chuva forte,19.86,-23.55898,-46.489028,2023-02-07 14:30:00,1,772.31,itaquera,50.7,7.55,6.41990661621094,1.8875
20.71,100,1015,,1.28,4,chuva moderada,20.71,-23.596872,-46.444724,2023-02-07 15:39:00,1,770.45,itaquera,50.7,8.58,1.18295407295227,2.145
22.15,85,1015,,4.47,4,chuva forte,19.51,-23.547747,-46.603063,2023-02-07 14:31:00,1,738.18,mooca,49.5,7.55,1.7665228843689,1.8875
21.38,91,1015,,4.47,4,chuva forte,19.85,-23.547091,-46.607493,2023-02-07 14:43:00,1,732.11,mooca,49.5,7.55,0.328135460615158,1.8875
20.93,90,1015,,9.4,4,chuva forte,19.23,-23.547686,-46.602384,2023-02-07 15:06:00,1,735.36,mooca,49.5,12.89,2.82047843933105,3.2225
19.97,100,1014,,1.37,4,chuva moderada,19.97,-23.538212,-46.450495,2023-02-07 13:32:00,1,746.01,sãomiguelpaulista,65.1,3.3,2.10017395019531,0.825
20.34,100,1017,,0.47,4,chuva leve,20.34,-23.593552,-46.444786,2023-02-07 19:34:00,1,770.21,sãomateus,21.2,3.54,3.27780985832214,0.885
22.42,82,1015,,4.47,4,chuva forte,19.2,-23.557306,-46.618567,2023-02-07 14:32:00,1,724.57,vilaprudente,44.1,7.55,3.02248573303223,1.8875
19.84,97,1015,,4.47,4,chuva forte,19.35,-23.590292,-46.543782,2023-02-07 15:28:00,1,753.62,vilaprudente,44.1,7.55,2.10017395019531,1.8875
22.97,78,1013,,6.7,3,chuva forte,18.93,-23.54141,-46.45748,2023-02-12 16:31:00,1,746.58,itaquera,34.8,7.61,1.35270059108734,2.5366666666666666
23.25,73,1014,,0.0,3,trovoadas,18.14,-23.523707,-46.429667,2023-02-13 19:20:00,1,741.38,itaquera,20.0,0.98,0.733701109886169,0.32666666666666666
23.0,73,1014,,0.0,3,trovoadas,17.9,-23.497892,-46.406701,2023-02-13 19:21:00,1,737.53,itaimpaulista,54.6,0.98,7.53198862075806,0.32666666666666666
23.15,73,1014,,0.0,4,trovoadas,18.05,-23.494936,-46.411166,2023-02-13 19:30:00,1,738.31,sãomiguelpaulista,41.5,0.98,3.10994267463684,0.245
20.12,100,1014,,0.0,4,trovoada com chuva,20.12,-23.492077,-46.452974,2023-02-13 20:17:00,1,730.39,sãomiguelpaulista,41.5,0.19,2.07442665100098,0.0475
21.83,83,1008,,0.0,0,trovoada com chuva fraca,18.81,-23.543292,-46.453725,2023-02-15 15:54:00,1,769.81,itaquera,7.6,0.0,4.91003084182739,0.0
21.97,83,1008,,0.0,0,trovoada com chuva fraca,18.95,-23.542803,-46.459087,2023-02-15 15:56:00,1,748.17,itaquera,7.6,0.0,4.40595388412476,0.0
27.85,61,1010,,0.0,0,nuvens dispersas,19.64,-23.491125,-46.410223,2023-02-15 10:38:00,1,733.92,sãomiguelpaulista,9.5,0.0,2.2001416683197,0.0
20.97,94,1010,,0.0,0,trovoada com chuva,19.97,-23.541294,-46.457406,2023-02-16 21:27:00,1,746.5,itaquera,19.9,0.0,1.35270059108734,0.0
19.69,95,1010,,18.54,1,chuva muito forte,18.87,-23.547714,-46.602436,2023-02-16 21:21:00,1,735.26,mooca,28.4,18.54,2.82047843933105,18.54
19.55,95,1011,,0.0,0,trovoada com chuva forte,18.73,-23.542765,-46.606631,2023-02-16 21:30:00,1,732.12,mooca,28.4,0.0,1.35270059108734,0.0
19.6,95,1011,,0.0,0,trovoada com chuva forte,18.78,-23.544869,-46.594843,2023-02-16 21:43:00,1,740.17,mooca,28.4,0.0,3.09265065193176,0.0
20.08,96,1010,,0.0,0,chuva leve,19.42,-23.52829,-46.621851,2023-02-16 22:35:00,1,719.55,mooca,28.4,0.0,3.02248573303223,0.0
20.22,95,1010,,0.0,0,trovoada com chuva,19.39,-23.535892,-46.491195,2023-02-16 21:20:00,1,786.44,penha,28.4,0.0,2.10017395019531,0.0
19.8,100,1010,,0.0,0,chuva leve,19.8,-23.407104,-46.751,2023-02-16 22:31:00,1,736.96,penha,28.4,0.0,1.46716165542603,0.0
21.26,83,1008,,0.0,0,céu limpo,18.26,-23.59246,-46.444467,2023-02-17 05:27:00,1,768.57,sãomateus,0.3,0.0,1.46716165542603,0.0
19.44,94,1019,,1.12,4,chuva moderada,18.45,-23.59691,-46.444701,2023-02-18 21:44:00,1,770.4,sãomateus,32.9,3.63,1.18295407295227,0.9075
23.67,76,1015,,5.4,4,chuva forte,19.19,-23.613308,-46.528879,2023-02-18 13:00:00,1,744.49,vilaprudente,32.3,7.91,3.48386597633362,1.9775
20.63,92,1016,,0.36,4,chuva leve,19.28,-23.564438,-46.612255,2023-02-18 16:58:00,1,728.51,vilaprudente,32.3,17.61,4.27048397064209,4.4025
18.33,100,1020,,5.68,4,chuva forte,18.33,-23.578241,-46.443111,2023-02-19 07:40:00,1,782.88,sãomateus,21.0,22.65,3.02248573303223,5.6625
19.81,88,1019,,3.4,4,chuva moderada,17.77,-23.594995,-46.444967,2023-02-19 14:08:00,1,772.36,sãomateus,21.0,13.34,0.733701109886169,3.335
18.01,98,1019,,4.57,4,chuva forte,17.69,-23.557909,-46.618015,2023-02-19 06:48:00,1,725.42,vilaprudente,24.0,19.03,5.3263201713562,4.7575
18.1,97,1019,,1.78,4,chuva moderada,17.62,-23.564391,-46.612255,2023-02-19 06:54:00,1,728.29,vilaprudente,24.0,14.97,4.27048397064209,3.7425
18.11,96,1020,,3.05,4,chuva moderada,17.46,-23.534443,-46.624643,2023-02-19 08:26:00,1,723.22,vilaprudente,24.0,9.91,1.03755331039429,2.4775
25.08,73,1014,,0.83,4,chuva leve,19.9,-23.542734,-46.458989,2023-02-20 17:10:00,1,747.83,itaquera,10.7,4.65,1.91265225410461,1.1625
25.35,65,1015,,1.28,4,chuva moderada,18.3,-23.541521,-46.457633,2023-02-21 16:12:00,1,746.94,itaquera,40.6,4.86,1.35270059108734,1.215
19.36,94,1018,,0.0,0,algumas nuvens,18.37,-23.539888,-46.611054,2023-02-21 23:20:00,1,729.55,mooca,22.5,0.0,0.656249403953552,0.0
19.44,96,1018,,0.0,0,chuva moderada,18.79,-23.535838,-46.491528,2023-02-21 22:05:00,1,786.44,penha,35.8,0.0,2.07442665100098,0.0
23.39,78,1020,,0.0,3,nublado,19.34,-23.595627,-46.444945,2023-02-22 08:46:00,1,770.68,sãomateus,0.6,0.36,4.83341646194458,0.12
23.06,87,1017,,0.2,4,chuva leve,20.78,-23.574071,-46.393317,2023-02-23 16:10:00,1,789.99,cidadetiradentes,33.3,4.97,3.83503150939941,1.2425
22.91,89,1017,,1.0,4,chuva leve,21.0,-23.543548,-46.42291,2023-02-23 16:50:00,1,747.67,itaquera,21.4,5.18,2.93240189552307,1.295
21.75,94,1017,,3.94,4,chuva moderada,20.74,-23.545033,-46.424507,2023-02-23 17:31:00,1,749.91,itaquera,21.4,5.34,1.31232666969299,1.335
23.52,73,1017,,0.2,4,chuva leve,18.4,-23.507407,-46.387622,2023-02-23 15:00:00,1,751.01,itaimpaulista,24.9,5.01,9.62596988677979,1.2525
23.31,87,1017,,0.2,4,chuva leve,21.02,-23.525203,-46.431806,2023-02-23 16:00:00,1,751.36,sãomiguelpaulista,13.1,4.97,7.85308599472046,1.2425
21.66,94,1017,,3.94,4,chuva moderada,20.65,-23.595563,-46.444937,2023-02-23 17:59:00,1,770.9,sãomateus,56.2,5.34,4.83341646194458,1.335
19.62,100,1016,,0.0,0,névoa,19.62,-23.595909,-46.444913,2023-02-24 05:21:00,1,770.47,sãomateus,1.5,0.0,1.67271196842194,0.0
22.16,96,1019,,1.77,4,chuva moderada,21.49,-23.492375,-46.452952,2023-02-28 15:58:00,1,731.18,ermelinomatarazzo,48.5,11.5,2.49744963645935,2.875
23.85,87,1019,,7.19,4,chuva forte,21.55,-23.54149,-46.457601,2023-02-28 14:15:00,1,746.88,itaquera,27.4,8.77,1.35270059108734,2.1925
20.56,96,1019,,0.15,4,chuva leve,19.9,-23.554812,-46.484891,2023-02-28 16:30:00,1,807.74,itaquera,27.4,10.43,11.7238216400146,2.6075
23.77,94,1019,,1.32,4,chuva moderada,22.75,-23.492336,-46.455594,2023-02-28 15:21:00,1,730.32,sãomiguelpaulista,44.3,9.96,3.82105112075806,2.49
17.96,99,1011,,0.0,4,trovoada com chuva forte,17.8,-23.526739,-46.673264,2022-11-23 19:05:00,1,726.74,sé,41.3,3.52,7.29769134521484,0.88
18.4,91,1011,,30.48,4,chuva muito forte,16.9,-23.51889,-46.643994,2022-11-23 19:25:00,1,720.76,sé,41.3,65.39,4.39381408691406,16.3475
19.19,89,1012,,6.6,4,chuva forte,17.33,-23.615214,-46.698954,2022-11-23 19:47:00,1,723.35,sé,41.3,58.78,4.45417881011963,14.695
16.33,93,1012,,0.0,4,algumas nuvens,15.2,-23.511336,-46.693876,2022-11-24 05:56:00,1,722.18,sé,2.4,0.71,3.94507098197937,0.1775
22.1,75,1012,,0.0,4,nublado,17.46,-23.51305,-46.694337,2022-11-24 15:50:00,1,719.68,sé,2.4,5.53,1.64024698734283,1.3825
15.07,90,1014,,5.59,4,chuva forte,13.44,-23.511768,-46.693619,2022-11-25 01:39:00,1,721.33,sé,9.1,21.85,2.9506402015686,5.4625
20.13,85,1011,,0.0,0,nuvens dispersas,17.53,-23.513033,-46.694412,2022-11-28 07:39:00,1,719.84,sé,24.2,0.0,1.64024698734283,0.0
19.37,90,1005,,0.51,4,chuva leve,17.69,-23.512945,-46.693616,2022-11-29 17:24:00,1,718.0,sé,11.7,20.74,1.91265225410461,5.185
18.81,96,1005,,0.76,4,chuva leve,18.16,-23.535496,-46.651052,2022-11-29 18:10:00,1,740.37,sé,11.7,12.09,4.45417881011963,3.0225
21.37,81,1006,,2.76,4,chuva moderada,17.98,-23.54277,-46.606639,2022-11-30 15:14:00,1,732.14,sé,6.5,5.42,1.35270059108734,1.355
19.28,93,1005,,0.42,4,chuva leve,18.12,-23.552321,-46.599785,2022-11-30 15:31:00,1,739.81,sé,6.5,5.18,1.91265225410461,1.295
20.54,91,1015,,7.62,4,chuva forte,19.02,-23.531999,-46.661098,2022-12-06 06:28:00,1,732.52,sé,54.9,9.68,3.94507098197937,2.42
23.81,87,1014,,0.86,4,chuva leve,21.52,-23.53353,-46.647642,2022-12-06 14:37:00,1,737.54,sé,54.9,4.83,3.27780985832214,1.2075
20.68,96,1015,,5.84,4,chuva forte,20.02,-23.555736,-46.649068,2022-12-06 19:43:00,1,754.84,sé,54.9,10.85,2.31902623176575,2.7125
20.71,98,1015,,28.7,4,chuva muito forte,20.38,-23.549005,-46.638751,2022-12-06 19:52:00,1,733.23,sé,54.9,37.48,12.3681535720825,9.37
21.05,98,1015,,28.7,4,chuva muito forte,20.72,-23.557066,-46.628874,2022-12-06 19:52:00,1,727.13,sé,54.9,37.48,2.70389485359192,9.37
20.71,98,1015,,47.24,4,chuva muito forte,20.38,-23.549527,-46.638604,2022-12-06 19:54:00,1,733.34,sé,54.9,53.14,22.6274299621582,13.285
20.28,90,1014,,0.0,4,nublado,18.59,-23.510114,-46.689971,2022-12-07 01:31:00,1,723.02,sé,6.9,11.68,2.70389485359192,2.92
18.95,93,1014,,0.0,3,nublado,17.79,-23.532078,-46.661418,2022-12-07 06:18:00,1,734.76,sé,6.9,0.25,4.27048397064209,0.08333333333333333
19.97,92,1015,,0.62,3,chuva leve,18.63,-23.511359,-46.68984,2022-12-07 06:46:00,1,719.19,sé,6.9,0.87,1.46716165542603,0.29
20.08,94,1015,,0.62,4,chuva leve,19.08,-23.523902,-46.625528,2022-12-07 06:58:00,1,720.99,sé,6.9,0.87,1.7665228843689,0.2175
22.05,92,1015,,0.0,4,nuvens dispersas,20.69,-23.5223,-46.627938,2022-12-07 07:47:00,1,719.25,sé,6.9,0.87,1.67271196842194,0.2175
22.05,92,1015,,0.0,2,nuvens dispersas,20.69,-23.522882,-46.627281,2022-12-07 07:55:00,1,719.05,sé,6.9,0.62,2.78216338157654,0.31
21.33,75,1013,,0.0,0,céu limpo,16.72,-23.512935,-46.693574,2022-12-08 08:15:00,1,718.13,sé,0.0,0.0,1.91265225410461,0.0
21.32,75,1013,,0.0,0,céu limpo,16.71,-23.512607,-46.69329,2022-12-08 08:22:00,1,721.13,sé,0.0,0.0,2.70389485359192,0.0
20.86,95,1006,,0.82,4,chuva leve,20.03,-23.532017,-46.661422,2022-12-13 06:48:00,1,734.6,sé,27.3,1.95,4.27048397064209,0.4875
19.83,94,1007,,2.25,4,chuva moderada,18.84,-23.55535,-46.623648,2022-12-13 07:57:00,1,725.4,sé,27.3,3.48,1.91265225410461,0.87
18.16,92,1008,,2.29,4,chuva moderada,16.84,-23.513044,-46.694283,2022-12-13 08:56:00,1,719.71,sé,27.3,5.99,3.27780985832214,1.4975
18.16,92,1008,,5.08,4,chuva forte,16.84,-23.509922,-46.689926,2022-12-13 09:29:00,1,720.5,sé,27.3,24.65,2.70389485359192,6.1625
18.14,92,1009,,5.08,4,chuva forte,16.82,-23.511356,-46.689821,2022-12-13 09:36:00,1,719.21,sé,27.3,25.54,1.46716165542603,6.385
17.09,86,1015,,0.0,0,nublado,14.73,-23.512903,-46.693642,2022-12-14 06:44:00,1,718.52,sé,0.0,0.0,3.02248573303223,0.0
17.1,94,1013,,0.0,0,nublado,16.13,-23.513086,-46.694685,2022-12-21 05:52:00,1,720.09,sé,1.1,0.0,1.64024698734283,0.0
19.69,100,1013,,3.56,4,chuva moderada,19.69,-23.549264,-46.632118,2022-12-28 06:40:00,1,749.82,sé,30.8,22.49,2.93240189552307,5.6225
19.89,95,1013,,2.54,4,chuva moderada,19.07,-23.539864,-46.632083,2022-12-28 06:59:00,1,727.37,sé,30.8,19.29,3.02248573303223,4.8225
18.96,99,1013,,3.05,4,chuva moderada,18.8,-23.547328,-46.630559,2022-12-28 08:13:00,1,724.84,sé,30.8,19.42,3.02248573303223,4.855
18.69,98,1010,,13.21,4,chuva forte,18.37,-23.555572,-46.647142,2023-01-04 16:49:00,1,768.42,sé,39.3,15.5,7.36236333847046,3.875
18.55,97,1010,,13.21,4,chuva forte,18.06,-23.55047,-46.653396,2023-01-04 16:50:00,1,790.36,sé,39.3,15.5,7.88643884658813,3.875
17.16,95,1015,,0.97,4,chuva leve,16.35,-23.674575,-46.714969,2023-01-05 07:36:00,1,738.04,sé,12.4,3.8,1.67271196842194,0.95
16.14,89,1018,,7.11,4,chuva forte,14.33,-23.537998,-46.628522,2023-01-06 15:26:00,1,725.85,sé,3.4,10.66,1.99518501758575,2.665
20.81,86,1014,,23.12,4,chuva muito forte,18.38,-23.548967,-46.638747,2023-01-10 16:05:00,1,733.32,sé,22.7,27.43,15.7961130142212,6.8575
21.23,90,1014,,20.45,4,chuva muito forte,19.52,-23.557392,-46.628685,2023-01-10 16:13:00,1,725.48,sé,22.7,26.99,2.56114077568054,6.7475
20.27,89,1014,,16.51,4,chuva muito forte,18.4,-23.548967,-46.638747,2023-01-10 16:16:00,1,733.32,sé,22.7,23.05,15.7961130142212,5.7625
20.39,89,1014,,14.99,4,chuva forte,18.52,-23.566801,-46.658924,2023-01-10 16:19:00,1,769.01,sé,22.7,21.53,10.6058721542358,5.3825
19.72,89,1014,,16.13,4,chuva muito forte,17.86,-23.548967,-46.638747,2023-01-10 16:25:00,1,733.32,sé,22.7,27.63,15.7961130142212,6.9075
26.06,67,1012,,0.88,3,chuva leve,19.46,-23.529987,-46.631681,2023-01-13 11:44:00,1,731.26,sé,23.8,2.08,2.93240189552307,0.6933333333333334
18.69,98,1014,,27.44,2,chuva muito forte,18.37,-23.555684,-46.64845,2023-01-13 22:59:00,1,761.76,sé,23.8,35.06,2.31902623176575,17.53
21.22,89,1015,,0.0,4,névoa,19.33,-23.54604,-46.622217,2023-01-28 16:44:00,1,724.91,sé,13.6,8.13,3.48386597633362,2.0325
22.52,92,1014,,1.78,4,chuva moderada,21.15,-23.567935,-46.606987,2023-01-31 19:52:00,1,728.48,sé,23.0,2.81,0.464048534631729,0.7025
20.48,96,1016,,12.58,4,chuva forte,19.82,-23.546011,-46.622245,2023-01-31 21:42:00,1,725.28,sé,23.0,18.6,3.48386597633362,4.65
20.11,94,1014,,1.16,3,chuva moderada,19.11,-23.523379,-46.627307,2023-02-01 06:25:00,1,720.32,sé,10.9,2.43,1.18295407295227,0.81
22.59,82,1015,,5.6,4,chuva forte,19.36,-23.518901,-46.643849,2023-02-07 14:38:00,1,720.76,sé,66.2,8.53,4.39381408691406,2.1325
22.47,85,1015,,4.47,4,chuva forte,19.82,-23.567887,-46.606823,2023-02-07 14:43:00,1,728.06,sé,66.2,7.55,2.36490035057068,1.8875
20.27,95,1015,,5.6,4,chuva forte,19.44,-23.546687,-46.637692,2023-02-07 14:49:00,1,735.38,sé,66.2,9.04,11.7757844924927,2.26
20.47,94,1015,,5.6,4,chuva forte,19.47,-23.535761,-46.643108,2023-02-07 14:52:00,1,743.79,sé,66.2,8.53,7.87978029251099,2.1325
20.04,98,1015,,1.02,4,chuva moderada,19.71,-23.556919,-46.62844,2023-02-07 14:57:00,1,725.26,sé,66.2,5.47,2.38750553131104,1.3675
19.47,99,1015,,5.6,4,chuva forte,19.31,-23.559166,-46.649637,2023-02-07 15:19:00,1,763.68,sé,66.2,8.53,8.17378044128418,2.1325
19.96,98,1015,,5.6,4,chuva forte,19.63,-23.532074,-46.661634,2023-02-07 15:29:00,1,736.28,sé,66.2,8.53,2.36490035057068,2.1325
19.92,100,1015,,1.5,4,chuva moderada,19.92,-23.556438,-46.629424,2023-02-07 16:10:00,1,726.53,sé,66.2,9.83,2.38750553131104,2.4575
19.45,95,1010,,15.49,1,chuva forte,18.63,-23.51938,-46.63062,2023-02-16 21:29:00,1,719.4,sé,30.1,15.49,5.82222652435303,15.49
19.46,95,1010,,15.49,1,chuva forte,18.64,-23.519431,-46.63265,2023-02-16 21:29:00,1,720.85,sé,30.1,15.49,3.7360565662384,15.49
19.01,98,1010,,8.89,2,chuva forte,18.69,-23.528219,-46.653481,2023-02-16 22:10:00,1,724.39,sé,30.1,20.32,5.17422199249268,10.16
20.18,97,1010,,5.84,2,chuva forte,19.69,-23.567877,-46.606865,2023-02-16 22:31:00,1,728.33,sé,30.1,6.86,2.36490035057068,3.43
20.97,87,1009,,0.0,0,céu limpo,18.72,-23.52329,-46.628033,2023-02-17 06:42:00,1,720.46,sé,1.7,0.0,0.464048534631729,0.0
20.95,87,1010,,0.0,0,céu limpo,18.7,-23.556829,-46.630012,2023-02-17 07:30:00,1,726.66,sé,1.7,0.0,2.78216338157654,0.0
23.58,84,1015,,2.54,4,chuva moderada,20.72,-23.548945,-46.638697,2023-02-18 14:06:00,1,733.76,sé,40.3,15.87,15.7961130142212,3.9675
21.39,89,1015,,33.02,4,chuva muito forte,19.5,-23.555541,-46.646894,2023-02-18 14:22:00,1,771.51,sé,40.3,55.13,6.34523963928223,13.7825
21.68,95,1015,,1.23,4,chuva moderada,20.84,-23.519091,-46.642873,2023-02-18 14:33:00,1,721.65,sé,40.3,15.9,4.59576940536499,3.975
20.73,92,1016,,0.42,4,chuva leve,19.38,-23.522586,-46.627568,2023-02-18 17:16:00,1,718.56,sé,40.3,82.64,2.78216338157654,20.66
20.73,92,1016,,0.42,4,chuva leve,19.38,-23.522647,-46.627507,2023-02-18 17:18:00,1,718.83,sé,40.3,82.64,3.22837400436401,20.66
20.06,93,1016,,0.0,4,névoa,18.89,-23.524346,-46.627068,2023-02-18 17:35:00,1,722.57,sé,40.3,19.77,1.03755331039429,4.9425
17.79,98,1019,,4.32,4,chuva forte,17.47,-23.537697,-46.641924,2023-02-19 07:12:00,1,743.49,sé,20.9,9.02,4.72177028656006,2.255
18.17,96,1020,,3.94,4,chuva moderada,17.52,-23.541706,-46.627758,2023-02-19 08:42:00,1,723.59,sé,20.9,13.84,3.02248573303223,3.46
18.15,97,1020,,3.05,4,chuva moderada,17.67,-23.518893,-46.640237,2023-02-19 08:56:00,1,717.15,sé,20.9,11.18,1.46716165542603,2.795
18.07,98,1020,,3.05,4,chuva moderada,17.75,-23.517882,-46.649764,2023-02-19 09:06:00,1,720.82,sé,20.9,11.18,3.98554301261902,2.795
18.92,98,1021,,1.02,4,chuva moderada,18.6,-23.558432,-46.617955,2023-02-19 10:45:00,1,726.85,sé,20.9,8.38,0.656249403953552,2.095
21.37,89,1015,,13.47,4,chuva forte,19.48,-23.548936,-46.63873,2023-02-20 18:12:00,1,733.43,sé,22.9,22.11,15.7961130142212,5.5275
21.42,91,1015,,11.05,4,chuva forte,19.89,-23.572541,-46.665005,2023-02-20 18:22:00,1,742.48,sé,22.9,19.69,3.02248573303223,4.9225
21.19,93,1015,,1.78,4,chuva moderada,20.01,-23.51979,-46.630575,2023-02-20 18:54:00,1,720.79,sé,22.9,11.45,2.38750553131104,2.8625
19.99,88,1016,,0.0,4,céu limpo,17.94,-23.514823,-46.666487,2023-02-21 01:57:00,1,719.69,sé,25.7,0.41,6.73358678817749,0.1025
18.8,97,1016,,22.1,4,chuva muito forte,18.31,-23.555745,-46.649164,2023-02-21 19:01:00,1,754.28,sé,25.7,22.87,2.31902623176575,5.7175
25.96,69,1014,,0.3,3,chuva leve,19.84,-23.547839,-46.630684,2023-02-24 12:41:00,1,724.96,sé,0.3,0.77,6.14154291152954,0.25666666666666665
21.99,95,1011,,8.01,4,chuva forte,21.15,-23.570625,-46.710324,2024-12-03 10:41:00,1,723.57,butantã,26.4,32.3,1.7665228843689,8.075
21.62,95,1014,,27.43,4,chuva muito forte,20.78,-23.528129,-46.680012,2024-12-05 19:32:00,1,728.56,lapa,13.1,31.86,4.27048397064209,7.965
21.68,95,1014,,5.84,4,chuva forte,20.84,-23.519481,-46.673899,2024-12-05 19:34:00,1,720.41,lapa,13.1,10.27,1.46716165542603,2.5675
21.69,95,1014,,10.16,4,chuva forte,20.85,-23.519088,-46.675299,2024-12-05 19:40:00,1,719.92,lapa,13.1,14.59,5.57038927078247,3.6475
21.6,98,1014,,0.0,0,nublado,21.27,-23.56884,-46.666208,2024-12-05 23:46:00,1,747.34,pinheiros,9.1,0.0,8.051025390625,0.0
22.43,88,1011,,4.66,4,chuva forte,20.34,-23.569774,-46.703627,2024-12-21 16:13:00,1,720.06,butantã,26.2,9.36,4.30785942077637,2.34
20.69,94,1012,,7.84,4,chuva forte,19.69,-23.532349,-46.686468,2024-12-21 15:23:00,1,760.55,lapa,70.1,12.36,5.89472436904907,3.09
23.01,94,1011,,1.78,4,chuva moderada,21.99,-23.566637,-46.658778,2024-12-21 15:32:00,1,772.96,pinheiros,53.8,11.06,10.6058721542358,2.765
23.31,94,1011,,1.78,4,chuva moderada,22.29,-23.565658,-46.680752,2024-12-21 15:34:00,1,740.25,pinheiros,53.8,11.06,3.99894142150879,2.765
23.3,94,1011,,4.66,4,chuva forte,22.28,-23.574113,-46.667399,2024-12-21 15:39:00,1,739.11,pinheiros,53.8,14.83,3.66370439529419,3.7075
22.28,88,1011,,4.66,4,chuva forte,20.2,-23.56952,-46.671943,2024-12-21 16:07:00,1,742.35,pinheiros,53.8,14.95,3.09265065193176,3.7375
22.24,91,1012,,6.91,4,chuva forte,20.7,-23.566651,-46.658788,2024-12-21 17:10:00,1,772.71,pinheiros,53.8,16.14,10.6058721542358,4.035
23.97,97,1009,,0.64,4,chuva leve,23.46,-23.597429,-46.74168,2024-12-25 17:38:00,1,739.99,butantã,24.8,3.44,1.46716165542603,0.86
20.42,94,1009,,0.64,4,chuva leve,19.42,-23.570451,-46.711595,2024-12-25 18:20:00,1,722.19,butantã,24.8,3.44,3.37449097633362,0.86
20.45,94,1010,,0.54,4,chuva leve,19.45,-23.587744,-46.693295,2024-12-25 18:37:00,1,723.67,butantã,24.8,3.59,5.41548299789429,0.8975
22.67,84,1008,,2.07,4,chuva moderada,19.83,-23.532358,-46.686464,2024-12-25 17:08:00,1,760.63,lapa,23.3,3.06,5.89472436904907,0.765
22.89,87,1009,,0.64,4,chuva leve,20.61,-23.529862,-46.688896,2024-12-25 17:30:00,1,744.64,lapa,23.3,3.44,4.58413982391357,0.86
22.73,89,1010,,0.63,4,chuva leve,20.82,-23.557374,-46.61859,2024-12-25 17:30:00,1,725.46,lapa,23.3,4.05,5.71170616149902,1.0125
19.98,95,1009,,0.64,4,chuva leve,19.15,-23.531005,-46.69106,2024-12-25 17:41:00,1,751.34,lapa,23.3,3.44,1.99518501758575,0.86
19.88,94,1009,,0.64,4,chuva leve,18.89,-23.529672,-46.677483,2024-12-25 17:46:00,1,731.2,lapa,23.3,8.99,2.31902623176575,2.2475
21.0,83,1011,,1.71,4,chuva moderada,18.0,-23.516181,-46.653548,2024-12-25 20:01:00,1,719.32,lapa,23.3,4.96,3.60476565361023,1.24
22.64,95,1009,,0.64,4,chuva leve,21.8,-23.583265,-46.686362,2024-12-25 17:30:00,1,720.86,pinheiros,38.1,3.44,4.63047933578491,0.86
20.36,94,1009,,0.64,4,chuva leve,19.36,-23.570996,-46.691105,2024-12-25 18:10:00,1,727.05,pinheiros,38.1,3.44,8.81383991241455,0.86
20.01,94,1009,,0.64,4,chuva leve,19.01,-23.566629,-46.658777,2024-12-25 18:15:00,1,773.16,pinheiros,38.1,3.44,10.6058721542358,0.86
20.37,94,1009,,0.64,4,chuva leve,19.37,-23.588264,-46.680697,2024-12-25 18:20:00,1,725.47,pinheiros,38.1,3.44,4.10453462600708,0.86
21.31,95,1011,,1.71,4,chuva moderada,20.48,-23.588505,-46.690721,2024-12-25 19:40:00,1,720.25,pinheiros,38.1,4.96,3.34257745742798,1.24
21.26,95,1011,,1.71,4,chuva moderada,20.43,-23.586972,-46.686639,2024-12-25 19:43:00,1,722.74,pinheiros,38.1,4.96,3.09265065193176,1.24
21.31,95,1011,,1.71,4,chuva moderada,20.48,-23.588488,-46.690652,2024-12-25 19:51:00,1,720.46,pinheiros,38.1,16.61,5.00677919387817,4.1525
21.56,96,1011,,1.53,4,chuva moderada,20.89,-23.583154,-46.686459,2024-12-25 20:38:00,1,721.15,pinheiros,38.1,4.42,6.86567735671997,1.105
20.3,95,1010,,1.25,4,chuva moderada,19.47,-23.613957,-46.698936,2024-12-26 03:29:00,1,723.6,pinheiros,38.1,15.09,3.7360565662384,3.7725
19.71,98,1011,,1.02,4,chuva moderada,19.39,-23.551164,-46.724054,2024-12-27 00:31:00,1,721.03,lapa,10.3,13.15,4.58413982391357,3.2875
19.6,99,1011,,4.7,4,chuva forte,19.44,-23.587692,-46.690845,2024-12-27 00:39:00,1,718.8,pinheiros,10.0,23.37,0.733701109886169,5.8425
19.5,99,1011,,0.38,4,chuva leve,19.34,-23.58766,-46.68681,2024-12-27 00:49:00,1,722.84,pinheiros,10.0,36.58,6.28653144836426,9.145
20.47,97,1012,,0.0,4,nublado,19.98,-23.585723,-46.688699,2024-12-27 06:28:00,1,720.39,pinheiros,10.0,1.02,5.08072853088379,0.255
27.35,66,1010,,1.75,3,chuva moderada,20.44,-23.568128,-46.655411,2024-01-08 16:13:00,1,788.62,pinheiros,6.0,3.29,5.62735319137573,1.0966666666666667
22.65,98,1012,,4.57,4,chuva forte,22.32,-23.57985,-46.710784,2025-01-16 18:16:00,1,733.54,butantã,72.7,10.55,4.59576940536499,2.6375
22.06,99,1012,,4.57,4,chuva forte,21.9,-23.597628,-46.697294,2025-01-16 18:17:00,1,727.34,butantã,72.7,10.55,3.37449097633362,2.6375
22.07,99,1013,,0.0,4,trovoada com chuva,21.91,-23.595916,-46.696566,2025-01-16 18:31:00,1,730.06,butantã,72.7,4.59,8.74848747253418,1.1475
22.29,95,1012,,0.31,4,chuva moderada,21.45,-23.532356,-46.686525,2025-01-16 17:42:00,1,760.82,lapa,58.7,6.29,5.89472436904907,1.5725
22.38,95,1012,,7.11,4,chuva forte,21.54,-23.526174,-46.672277,2025-01-16 17:50:00,1,726.31,lapa,58.7,11.37,1.91265225410461,2.8425
22.91,96,1012,,1.78,4,chuva moderada,22.24,-23.543103,-46.73526,2025-01-16 17:54:00,1,718.65,lapa,58.7,5.28,7.33369398117065,1.32
22.38,95,1012,,1.78,4,chuva moderada,21.54,-23.526124,-46.672234,2025-01-16 17:54:00,1,726.55,lapa,58.7,5.28,1.91265225410461,1.32
21.96,95,1015,,0.11,4,chuva leve,21.12,-23.518894,-46.676051,2025-01-16 21:29:00,1,719.85,lapa,58.7,3.98,1.99518501758575,0.995
21.32,99,1015,,0.32,3,chuva leve,21.16,-23.519648,-46.674188,2025-01-16 21:31:00,1,720.43,lapa,58.7,3.88,0.733701109886169,1.2933333333333332
21.22,99,1015,,4.57,2,chuva forte,21.06,-23.532376,-46.686475,2025-01-16 21:48:00,1,760.84,lapa,58.7,4.68,3.29412221908569,2.34
22.78,98,1012,,1.78,4,chuva moderada,22.45,-23.571747,-46.697713,2025-01-16 18:22:00,1,721.4,pinheiros,67.5,7.76,2.96876573562622,1.94
21.5,99,1015,,21.46,2,chuva muito forte,21.34,-23.559894,-46.680898,2025-01-16 21:43:00,1,757.51,pinheiros,67.5,23.24,1.64024698734283,11.62
26.17,70,1014,,0.0,0,nuvens dispersas,20.27,-23.601249,-46.598983,2025-01-17 13:23:00,1,736.35,butantã,1.2,0.0,2.07442665100098,0.0
26.36,65,1015,,0.0,4,nublado,19.25,-23.54003,-46.668442,2025-01-17 12:44:00,1,789.36,lapa,1.7,0.46,10.8689460754395,0.115
21.4,95,1015,,16.76,4,chuva muito forte,20.57,-23.586361,-46.695561,2025-01-24 16:37:00,1,721.65,butantã,44.6,21.06,0.733701109886169,5.265
21.39,92,1016,,0.0,4,céu limpo,20.04,-23.546767,-46.734349,2025-01-24 20:34:00,1,717.75,butantã,44.6,3.56,3.42179822921753,0.89
27.96,89,1014,,3.97,4,chuva moderada,25.98,-23.524169,-46.702013,2025-01-24 15:58:00,1,726.82,lapa,47.0,4.44,2.82047843933105,1.11
26.71,79,1014,,3.97,4,chuva moderada,22.76,-23.519232,-46.675139,2025-01-24 16:00:00,1,719.63,lapa,47.0,4.44,5.57038927078247,1.11
26.35,73,1014,,3.97,4,chuva moderada,21.12,-23.529657,-46.67744,2025-01-24 16:03:00,1,731.33,lapa,47.0,4.44,2.31902623176575,1.11
27.33,87,1014,,3.97,4,chuva moderada,24.97,-23.533879,-46.683504,2025-01-24 16:04:00,1,771.8,lapa,47.0,4.44,6.50996494293213,1.11
28.23,96,1014,,3.97,4,chuva moderada,27.53,-23.522759,-46.693244,2025-01-24 16:05:00,1,727.23,lapa,47.0,4.44,1.99518501758575,1.11
28.12,92,1014,,3.97,4,chuva moderada,26.7,-23.513997,-46.679488,2025-01-24 16:05:00,1,720.68,lapa,47.0,4.44,7.53198862075806,1.11
18.99,94,1015,,0.0,4,trovoada com chuva,18.0,-23.514815,-46.698727,2025-01-24 17:30:00,1,719.91,lapa,47.0,6.93,4.16915416717529,1.7325
20.9,92,1015,,0.0,4,chuva leve,19.55,-23.532377,-46.686505,2025-01-24 19:09:00,1,760.93,lapa,47.0,11.4,3.29412221908569,2.85
21.38,92,1015,,0.0,4,algumas nuvens,20.03,-23.545736,-46.733657,2025-01-24 20:22:00,1,720.39,lapa,47.0,5.65,1.91265225410461,1.4125
21.19,97,1015,,25.65,4,chuva muito forte,20.69,-23.56142,-46.68798,2025-01-24 16:34:00,1,747.11,pinheiros,52.0,27.76,2.96876573562622,6.94
22.15,91,1015,,0.0,4,chuva leve,20.61,-23.614478,-46.699065,2025-01-24 19:13:00,1,723.51,pinheiros,52.0,10.9,2.64366388320923,2.725
22.03,95,1014,,17.27,4,chuva muito forte,21.19,-23.572655,-46.699545,2025-01-26 17:36:00,1,720.45,butantã,36.0,36.84,8.85516166687012,9.21
21.85,94,1015,,0.0,4,névoa,20.84,-23.546751,-46.734314,2025-01-26 20:38:00,1,717.75,butantã,36.0,29.53,3.42179822921753,7.3825
22.11,96,1014,,18.42,4,chuva muito forte,21.44,-23.588498,-46.690781,2025-01-26 17:43:00,1,720.16,pinheiros,36.8,35.83,3.34257745742798,8.9575
20.99,94,1013,,1.27,2,chuva moderada,19.99,-23.51622,-46.653376,2025-01-29 14:00:00,1,719.19,lapa,17.2,1.41,6.1673846244812,0.705
22.66,95,1012,,0.0,0,chuva moderada,21.82,-23.595755,-46.73872,2025-01-31 21:39:00,1,738.11,butantã,63.0,0.0,5.28619813919067,0.0
21.73,97,1012,,1.02,3,chuva moderada,21.23,-23.597557,-46.697245,2025-01-31 21:55:00,1,726.92,butantã,63.0,2.8,3.37449097633362,0.9333333333333332
22.43,97,1012,,23.88,3,chuva muito forte,21.93,-23.588912,-46.728473,2025-01-31 21:58:00,1,736.26,butantã,63.0,25.66,2.2001416683197,8.553333333333333
21.57,95,1012,,27.44,4,chuva muito forte,20.73,-23.565795,-46.711191,2025-01-31 22:14:00,1,718.86,butantã,63.0,28.46,1.31232666969299,7.115
25.5,57,1009,,0.0,4,nublado,16.36,-23.563231,-46.663665,2025-01-31 17:19:00,1,773.0,pinheiros,44.9,1.08,6.98007392883301,0.27
22.52,88,1012,,1.02,1,chuva moderada,20.43,-23.553492,-46.708052,2025-01-31 21:53:00,1,720.46,pinheiros,44.9,1.02,2.31902623176575,1.02
21.69,88,1012,,23.88,1,chuva muito forte,19.62,-23.54771,-46.690751,2025-01-31 21:56:00,1,786.73,pinheiros,44.9,23.88,6.41990661621094,23.88
21.36,90,1012,,20.58,4,chuva muito forte,19.65,-23.557286,-46.68898,2025-01-31 22:10:00,1,766.78,pinheiros,44.9,23.37,4.40595388412476,5.8425
21.28,90,1012,,27.44,4,chuva muito forte,19.57,-23.555177,-46.688057,2025-01-31 22:14:00,1,777.1,pinheiros,44.9,28.46,0.928036212921143,7.115
21.28,90,1012,,27.44,4,chuva muito forte,19.57,-23.557096,-46.688647,2025-01-31 22:14:00,1,764.57,pinheiros,44.9,28.46,3.54483652114868,7.115
21.36,89,1012,,27.44,4,chuva muito forte,19.47,-23.550562,-46.686179,2025-01-31 22:14:00,1,763.17,pinheiros,44.9,28.46,0.656249403953552,7.115
21.32,95,1012,,23.5,4,chuva muito forte,20.49,-23.580491,-46.682921,2025-01-31 22:18:00,1,724.34,pinheiros,44.9,24.52,1.64024698734283,6.13
21.36,92,1012,,21.46,1,chuva muito forte,20.01,-23.559298,-46.697017,2025-01-31 22:19:00,1,727.69,pinheiros,44.9,21.46,4.76674842834473,21.46
21.55,96,1012,,38.35,1,chuva muito forte,20.88,-23.571749,-46.697794,2025-01-31 22:21:00,1,721.54,pinheiros,44.9,38.35,2.96876573562622,38.35
21.39,96,1012,,38.35,1,chuva muito forte,20.73,-23.588449,-46.690684,2025-01-31 22:24:00,1,720.29,pinheiros,44.9,38.35,2.9506402015686,38.35
20.59,99,1012,,5.84,4,chuva forte,20.43,-23.588545,-46.69071,2025-01-31 22:53:00,1,720.32,pinheiros,44.9,9.65,3.34257745742798,2.4125
19.89,99,1011,,0.0,4,névoa,19.73,-23.586289,-46.731106,2025-02-01 06:07:00,1,728.08,butantã,29.7,16.99,3.70728707313538,4.2475
20.25,99,1011,,1.75,4,chuva moderada,20.09,-23.586289,-46.731106,2025-02-01 06:37:00,1,728.08,butantã,29.7,11.65,3.70728707313538,2.9125
19.73,98,1010,,5.84,4,chuva forte,19.4,-23.514729,-46.7248,2025-02-01 04:36:00,1,719.67,lapa,30.1,18.54,3.83503150939941,4.635
19.74,99,1010,,2.79,4,chuva forte,19.58,-23.508602,-46.689014,2025-02-01 04:46:00,1,720.02,lapa,30.1,18.02,3.02248573303223,4.505
20.52,96,1012,,1.19,4,chuva moderada,19.86,-23.514699,-46.724811,2025-02-01 08:06:00,1,719.74,lapa,30.1,5.2,3.83503150939941,1.3
20.29,100,1011,,1.75,4,chuva moderada,20.29,-23.586716,-46.686725,2025-02-01 06:35:00,1,723.15,pinheiros,36.5,16.74,5.00677919387817,4.185
22.65,96,1010,,5.84,4,chuva forte,21.98,-23.589134,-46.72882,2025-02-02 18:25:00,1,737.77,butantã,81.5,24.91,2.07442665100098,6.2275
22.41,95,1011,,2.79,4,chuva moderada,21.57,-23.605992,-46.751387,2025-02-02 19:40:00,1,734.58,butantã,81.5,7.85,2.49744963645935,1.9625
21.96,92,1011,,0.0,0,algumas nuvens,20.6,-23.510863,-46.700676,2025-02-02 06:51:00,1,720.43,lapa,47.3,0.0,0.656249403953552,0.0
23.97,78,1011,,0.0,0,céu limpo,19.9,-23.519157,-46.675808,2025-02-02 09:13:00,1,719.98,lapa,47.3,0.0,2.80138683319092,0.0
22.3,95,1011,,2.26,4,chuva moderada,21.46,-23.514798,-46.724886,2025-02-02 19:06:00,1,719.78,lapa,47.3,32.76,7.63600492477417,8.19
22.08,94,1011,,2.26,4,chuva moderada,21.07,-23.517902,-46.649764,2025-02-02 19:21:00,1,720.87,lapa,47.3,5.17,3.98554301261902,1.2925
22.08,94,1011,,2.79,4,chuva moderada,21.07,-23.51795,-46.649555,2025-02-02 19:54:00,1,721.26,lapa,47.3,7.85,4.72177028656006,1.9625
22.51,96,1011,,2.29,4,chuva moderada,21.84,-23.567954,-46.70237,2025-02-02 20:13:00,1,719.51,lapa,47.3,15.13,2.82047843933105,3.7825
21.29,96,1013,,11.3,4,chuva forte,20.63,-23.608969,-46.697605,2025-02-02 21:49:00,1,723.63,pinheiros,44.5,22.33,12.7972059249878,5.5825
21.33,100,1012,,3.68,4,chuva moderada,21.33,-23.608969,-46.697605,2025-02-03 00:10:00,1,723.63,butantã,10.6,17.52,12.7972059249878,4.38
20.87,98,1011,,3.56,4,chuva moderada,20.54,-23.516674,-46.728795,2025-02-03 02:38:00,1,719.49,lapa,13.8,16.66,1.46716165542603,4.165
21.66,89,1014,,0.61,4,chuva leve,19.77,-23.521389,-46.741321,2025-02-03 09:19:00,1,721.75,lapa,13.8,3.77,2.49744963645935,0.9425
21.38,100,1012,,5.84,4,chuva forte,21.38,-23.583077,-46.686456,2025-02-03 00:39:00,1,721.18,pinheiros,13.5,14.86,6.86567735671997,3.715
21.33,100,1012,,4.95,4,chuva forte,21.33,-23.608812,-46.697562,2025-02-03 01:21:00,1,723.81,pinheiros,13.5,25.65,12.7972059249878,6.4125
21.13,96,1011,,2.29,4,chuva moderada,20.47,-23.585545,-46.68879,2025-02-03 03:03:00,1,720.46,pinheiros,13.5,15.5,4.14342880249023,3.875
22.14,90,1011,,0.65,4,chuva leve,20.42,-23.589204,-46.688079,2025-02-03 04:39:00,1,723.82,pinheiros,13.5,8.92,4.68774795532227,2.23
21.34,90,1014,,0.61,4,chuva leve,19.63,-23.550482,-46.710838,2025-02-03 09:12:00,1,723.75,pinheiros,13.5,3.01,2.07442665100098,0.7525
22.96,83,1014,,27.43,1,chuva muito forte,19.92,-23.526768,-46.682504,2025-02-06 19:23:00,1,726.54,lapa,18.1,27.43,1.18295407295227,27.43
21.13,90,1015,,0.0,0,trovoada com chuva,19.43,-23.53048,-46.737378,2025-02-06 19:37:00,1,718.82,lapa,18.1,0.0,0.984320282936096,0.0
20.97,91,1015,,0.0,0,trovoada com chuva,19.45,-23.526223,-46.672298,2025-02-06 19:46:00,1,726.24,lapa,18.1,0.0,1.91265225410461,0.0
20.86,93,1015,,1.78,1,chuva moderada,19.69,-23.521193,-46.701629,2025-02-06 19:55:00,1,725.96,lapa,18.1,1.78,5.3263201713562,1.78
20.92,94,1015,,1.78,1,chuva moderada,19.92,-23.553899,-46.718922,2025-02-06 20:03:00,1,719.13,lapa,18.1,1.78,3.94507098197937,1.78
21.21,94,1015,,1.02,1,chuva moderada,20.21,-23.514176,-46.724289,2025-02-06 20:05:00,1,721.38,lapa,18.1,1.02,5.27611875534058,1.02
21.16,94,1015,,1.02,1,chuva moderada,20.16,-23.508812,-46.686041,2025-02-06 20:09:00,1,719.99,lapa,18.1,1.02,5.41548299789429,1.02
21.24,94,1015,,1.02,2,chuva moderada,20.24,-23.513828,-46.737365,2025-02-06 20:13:00,1,721.46,lapa,18.1,2.04,2.80138683319092,1.02
21.6,94,1015,,0.0,0,nuvens dispersas,20.59,-23.514736,-46.724755,2025-02-06 21:50:00,1,719.64,lapa,18.1,0.0,3.83503150939941,0.0
24.22,92,1015,,0.16,4,chuva leve,22.84,-23.579404,-46.710336,2025-02-10 16:52:00,1,729.69,butantã,29.2,0.67,2.10017395019531,0.1675
20.86,82,1014,,0.32,1,chuva leve,17.67,-23.524951,-46.693947,2025-02-13 15:40:00,1,738.96,lapa,18.8,0.32,3.94507098197937,0.32
20.93,82,1014,,0.32,1,chuva leve,17.74,-23.521836,-46.701755,2025-02-13 15:48:00,1,725.81,lapa,18.8,0.32,0.733701109886169,0.32
20.97,82,1014,,0.32,1,chuva leve,17.78,-23.539513,-46.727917,2025-02-13 16:01:00,1,721.12,lapa,18.8,0.32,1.64024698734283,0.32
20.96,82,1014,,0.32,1,chuva leve,17.77,-23.522758,-46.693523,2025-02-13 16:02:00,1,727.36,lapa,18.8,0.32,2.64366388320923,0.32
21.0,82,1014,,0.32,1,chuva leve,17.81,-23.528757,-46.742219,2025-02-13 16:06:00,1,717.95,lapa,18.8,0.32,5.39579963684082,0.32
19.97,100,1012,,3.4,4,chuva moderada,19.97,-23.519044,-46.675521,2025-02-14 14:48:00,1,719.99,lapa,19.1,7.73,3.70728707313538,1.9325
19.94,90,1016,,0.0,0,trovoada com chuva fraca,18.25,-23.555579,-46.681106,2025-02-18 20:34:00,1,763.38,pinheiros,23.5,0.0,7.1885552406311,0.0
28.44,70,1015,,0.0,0,nuvens dispersas,22.44,-23.519548,-46.674168,2025-02-26 16:55:00,1,720.25,lapa,6.8,0.0,1.35270059108734,0.0
26.12,62,1012,,0.0,4,nublado,18.27,-23.5347,-46.6251,2025-01-25 18:56:02,0,721.61,sé,0.0,0.3,0.464048534631729,0.075
23.17,73,1014,,0.0,0,nuvens dispersas,18.07,-23.5229,-46.6303,2025-01-25 21:55:30,0,721.73,sé,0.0,0.0,2.10017395019531,0.0
22.15,78,1015,,0.12,1,chuva leve,18.13,-23.5186,-46.6275,2025-01-25 22:46:29,0,720.35,sé,0.0,0.12,4.86640167236328,0.12
24.92,73,1011,,0.0,0,céu limpo,19.75,-23.5289,-46.6509,2024-01-20 10:05:19,0,726.87,sé,0.0,0.0,9.18427562713623,0.0
22.44,90,1011,,0.0,2,nublado,20.72,-23.5289,-46.6509,2024-01-20 04:57:22,0,726.87,sé,0.0,1.78,9.18427562713623,0.89
21.86,86,1014,,0.2,4,chuva leve,19.41,-23.5289,-46.6509,2024-01-21 18:01:20,0,726.87,sé,0.0,30.17,9.18427562713623,7.5425
21.33,95,1011,,0.28,1,chuva leve,20.5,-23.5289,-46.6509,2024-01-21 02:21:11,0,726.87,sé,0.0,0.28,9.18427562713623,0.28
23.56,69,1015,,0.0,3,nublado,17.54,-23.5289,-46.6509,2024-01-22 16:29:32,0,726.87,sé,0.0,0.11,9.18427562713623,0.03666666666666667
19.66,93,1016,,0.0,0,nublado,18.5,-23.5289,-46.6509,2024-01-22 02:21:59,0,726.87,sé,0.0,0.0,9.18427562713623,0.0
23.81,83,1012,,0.0,0,nublado,20.75,-23.5229,-46.6303,2024-01-20 00:56:17,0,721.73,sé,0.0,0.0,2.10017395019531,0.0
25.17,74,1011,,0.0,0,céu limpo,20.21,-23.5229,-46.6303,2024-01-20 10:22:28,0,721.73,sé,0.0,0.0,2.10017395019531,0.0
22.05,84,1013,,0.32,2,chuva leve,19.22,-23.5229,-46.6303,2024-01-21 08:01:10,0,721.73,sé,0.0,0.56,2.10017395019531,0.28
24.7,76,1014,,3.83,4,chuva moderada,20.19,-23.5229,-46.6303,2024-01-21 11:14:42,0,721.73,sé,0.0,4.54,2.10017395019531,1.135
20.29,82,1017,,0.0,0,nublado,17.12,-23.5229,-46.6303,2024-01-22 19:47:25,0,721.73,sé,0.0,0.0,2.10017395019531,0.0
23.19,71,1016,,0.1,1,chuva leve,17.64,-23.5229,-46.6303,2024-01-22 12:25:59,0,721.73,sé,0.0,0.1,2.10017395019531,0.1
26.18,73,1009,,2.82,4,chuva moderada,20.96,-23.5186,-46.6275,2024-01-20 15:23:19,0,720.35,sé,0.0,6.86,4.86640167236328,1.715
27.28,70,1010,,0.19,3,chuva leve,21.33,-23.5186,-46.6275,2024-01-20 13:08:32,0,720.35,sé,0.0,0.45,4.86640167236328,0.15
26.91,62,1013,,0.59,4,chuva leve,19.02,-23.5186,-46.6275,2024-01-21 13:01:00,0,720.35,sé,0.0,6.18,4.86640167236328,1.545
23.2,77,1014,,0.18,3,chuva leve,18.95,-23.5186,-46.6275,2024-01-21 09:29:47,0,720.35,sé,0.0,0.74,4.86640167236328,0.24666666666666667
20.27,81,1017,,0.0,0,nublado,16.91,-23.5186,-46.6275,2024-01-22 19:54:53,0,720.35,sé,0.0,0.0,4.86640167236328,0.0
19.59,94,1016,,0.0,0,nublado,18.6,-23.5186,-46.6275,2024-01-22 02:51:51,0,720.35,sé,0.0,0.0,4.86640167236328,0.0
31.08,38,1009,,0.0,0,céu limpo,15.1,-23.508373,-46.611794,2023-12-18 13:58:11,0,722.37,vilamaria/vilaguilherme,0.0,0.0,4.56079053878784,0.0
21.24,90,1013,,0.0,0,céu limpo,19.53,-23.508373,-46.611794,2023-12-18 06:20:23,0,722.37,vilamaria/vilaguilherme,0.0,0.0,4.56079053878784,0.0
25.06,64,1011,,0.0,0,céu limpo,17.78,-23.508373,-46.611794,2023-12-19 10:19:55,0,722.37,vilamaria/vilaguilherme,0.0,0.0,4.56079053878784,0.0
30.03,44,1009,,0.0,0,nublado,16.45,-23.508373,-46.611794,2023-12-19 12:33:12,0,722.37,vilamaria/vilaguilherme,0.0,0.0,4.56079053878784,0.0
26.88,48,1012,,0.0,0,céu limpo,14.95,-23.508373,-46.611794,2023-12-20 11:50:03,0,722.37,vilamaria/vilaguilherme,0.0,0.0,4.56079053878784,0.0
27.26,55,1011,,0.0,0,nuvens dispersas,17.44,-23.508373,-46.611794,2023-12-20 15:17:18,0,722.37,vilamaria/vilaguilherme,0.0,0.0,4.56079053878784,0.0
20.92,87,1015,,0.0,4,nublado,18.68,-23.508373,-46.611794,2023-12-21 21:00:26,0,722.37,vilamaria/vilaguilherme,0.0,0.13,4.56079053878784,0.0325
20.4,81,1014,,0.0,0,céu limpo,17.03,-23.508373,-46.611794,2023-12-21 03:31:48,0,722.37,vilamaria/vilaguilherme,0.0,0.0,4.56079053878784,0.0
30.03,50,1013,,0.33,1,chuva leve,18.47,-23.508373,-46.611794,2023-12-22 13:00:41,0,722.37,vilamaria/vilaguilherme,0.0,0.33,4.56079053878784,0.33
28.1,61,1014,,0.0,0,nuvens dispersas,19.87,-23.508373,-46.611794,2023-12-22 10:45:32,0,722.37,vilamaria/vilaguilherme,0.0,0.0,4.56079053878784,0.0
30.13,51,1011,,0.0,4,algumas nuvens,18.88,-23.508373,-46.611794,2023-12-23 15:23:35,0,722.37,vilamaria/vilaguilherme,0.0,1.2,4.56079053878784,0.3
30.13,51,1011,,0.0,4,algumas nuvens,18.88,-23.508373,-46.611794,2023-12-23 15:27:40,0,722.37,vilamaria/vilaguilherme,0.0,1.2,4.56079053878784,0.3
32.43,42,1011,,0.0,2,céu limpo,17.87,-23.508373,-46.611794,2023-12-24 16:01:08,0,722.37,vilamaria/vilaguilherme,0.0,0.32,4.56079053878784,0.16
25.99,65,1015,,0.0,3,nublado,18.9,-23.508373,-46.611794,2023-12-24 10:58:23,0,722.37,vilamaria/vilaguilherme,0.0,0.12,4.56079053878784,0.04
30.99,46,1013,,0.0,0,algumas nuvens,18.02,-23.508373,-46.611794,2023-12-25 12:22:25,0,722.37,vilamaria/vilaguilherme,0.0,0.0,4.56079053878784,0.0
26.46,59,1012,,0.0,0,céu limpo,17.8,-23.508373,-46.611794,2023-12-25 21:11:15,0,722.37,vilamaria/vilaguilherme,0.0,0.0,4.56079053878784,0.0
24.41,76,1012,,1.98,2,chuva moderada,19.91,-23.508373,-46.611794,2023-12-26 14:08:47,0,722.37,vilamaria/vilaguilherme,0.0,2.32,4.56079053878784,1.16
19.95,86,1017,,0.0,0,nublado,17.54,-23.508373,-46.611794,2023-12-26 21:04:16,0,722.37,vilamaria/vilaguilherme,0.0,0.0,4.56079053878784,0.0
24.84,57,1016,,0.0,0,nublado,15.75,-23.508373,-46.611794,2023-12-27 16:44:05,0,722.37,vilamaria/vilaguilherme,0.0,0.0,4.56079053878784,0.0
22.1,54,1016,,0.0,0,nublado,12.37,-23.508373,-46.611794,2023-12-27 18:17:14,0,722.37,vilamaria/vilaguilherme,0.0,0.0,4.56079053878784,0.0
17.18,80,1017,,0.0,0,céu limpo,13.7,-23.508373,-46.611794,2023-12-28 05:33:11,0,722.37,vilamaria/vilaguilherme,0.0,0.0,4.56079053878784,0.0
19.22,72,1017,,0.0,0,céu limpo,14.05,-23.508373,-46.611794,2023-12-28 06:34:27,0,722.37,vilamaria/vilaguilherme,0.0,0.0,4.56079053878784,0.0
32.71,40,1009,,0.0,0,céu limpo,17.35,-23.508373,-46.611794,2023-12-29 18:10:37,0,722.37,vilamaria/vilaguilherme,0.0,0.0,4.56079053878784,0.0
25.96,62,1013,,0.0,0,céu limpo,18.12,-23.508373,-46.611794,2023-12-29 07:54:40,0,722.37,vilamaria/vilaguilherme,0.0,0.0,4.56079053878784,0.0
20.95,82,1017,,0.0,3,nublado,17.76,-23.508373,-46.611794,2023-12-30 13:33:51,0,722.37,vilamaria/vilaguilherme,0.0,0.37,4.56079053878784,0.12333333333333334
19.3,89,1018,,0.0,0,nuvens dispersas,17.44,-23.508373,-46.611794,2023-12-30 21:53:49,0,722.37,vilamaria/vilaguilherme,0.0,0.0,4.56079053878784,0.0
23.54,60,1016,,0.0,0,nublado,15.33,-23.508373,-46.611794,2023-12-31 11:59:32,0,722.37,vilamaria/vilaguilherme,0.0,0.0,4.56079053878784,0.0
22.72,59,1017,,0.0,0,céu limpo,14.3,-23.508373,-46.611794,2023-12-31 10:14:49,0,722.37,vilamaria/vilaguilherme,0.0,0.0,4.56079053878784,0.0
22.0,65,1016,,0.0,0,nublado,15.12,-23.508373,-46.611794,2024-01-01 09:47:56,0,722.37,vilamaria/vilaguilherme,0.0,0.0,4.56079053878784,0.0
23.94,61,1015,,0.0,0,nublado,15.96,-23.508373,-46.611794,2024-01-01 13:13:41,0,722.37,vilamaria/vilaguilherme,0.0,0.0,4.56079053878784,0.0
21.95,75,1011,,0.19,3,chuva leve,17.32,-23.508373,-46.611794,2024-01-02 17:41:57,0,722.37,vilamaria/vilaguilherme,0.0,0.42,4.56079053878784,0.13999999999999999
20.95,82,1015,,0.0,0,nublado,17.76,-23.508373,-46.611794,2024-01-02 01:54:11,0,722.37,vilamaria/vilaguilherme,0.0,0.0,4.56079053878784,0.0
20.3,87,1012,,0.0,0,algumas nuvens,18.07,-23.508373,-46.611794,2024-01-03 05:36:22,0,722.37,vilamaria/vilaguilherme,0.0,0.0,4.56079053878784,0.0
21.78,82,1012,,0.0,0,nublado,18.57,-23.508373,-46.611794,2024-01-03 00:35:49,0,722.37,vilamaria/vilaguilherme,0.0,0.0,4.56079053878784,0.0
23.99,78,1012,,0.16,4,chuva leve,19.92,-23.508373,-46.611794,2024-01-04 16:01:22,0,722.37,vilamaria/vilaguilherme,0.0,0.41,4.56079053878784,0.1025
20.04,95,1015,,0.0,3,chuva leve,19.21,-23.508373,-46.611794,2024-01-04 22:23:54,0,722.37,vilamaria/vilaguilherme,0.0,2.79,4.56079053878784,0.93
21.92,80,1014,,0.11,1,chuva leve,18.31,-23.508373,-46.611794,2024-01-05 07:47:38,0,722.37,vilamaria/vilaguilherme,0.0,0.11,4.56079053878784,0.11
22.98,74,1014,,0.47,3,chuva leve,18.1,-23.508373,-46.611794,2024-01-05 10:05:59,0,722.37,vilamaria/vilaguilherme,0.0,0.82,4.56079053878784,0.2733333333333333
26.9,60,1013,,0.22,4,chuva leve,18.48,-23.508373,-46.611794,2024-01-06 15:19:21,0,722.37,vilamaria/vilaguilherme,0.0,0.51,4.56079053878784,0.1275
20.68,84,1014,,0.0,0,algumas nuvens,17.88,-23.508373,-46.611794,2024-01-06 01:26:26,0,722.37,vilamaria/vilaguilherme,0.0,0.0,4.56079053878784,0.0
25.0,63,1015,,0.0,0,céu limpo,17.47,-23.508373,-46.611794,2024-01-07 09:17:55,0,722.37,vilamaria/vilaguilherme,0.0,0.0,4.56079053878784,0.0
27.93,59,1011,,0.45,4,chuva leve,19.18,-23.508373,-46.611794,2024-01-07 16:06:25,0,722.37,vilamaria/vilaguilherme,0.0,0.65,4.56079053878784,0.1625
24.04,82,1013,,0.0,0,céu limpo,20.78,-23.508373,-46.611794,2024-01-08 00:54:13,0,722.37,vilamaria/vilaguilherme,0.0,0.0,4.56079053878784,0.0
32.97,38,1010,,0.0,4,nuvens dispersas,16.77,-23.508373,-46.611794,2024-01-08 15:13:27,0,722.37,vilamaria/vilaguilherme,0.0,0.98,4.56079053878784,0.245
28.02,56,1015,,0.0,0,céu limpo,18.43,-23.508373,-46.611794,2024-01-09 11:16:55,0,722.37,vilamaria/vilaguilherme,0.0,0.0,4.56079053878784,0.0
29.99,51,1014,,0.0,0,céu limpo,18.75,-23.508373,-46.611794,2024-01-09 12:25:33,0,722.37,vilamaria/vilaguilherme,0.0,0.0,4.56079053878784,0.0
28.0,70,1012,,0.0,4,nuvens dispersas,22.02,-23.508373,-46.611794,2024-01-10 16:31:51,0,722.37,vilamaria/vilaguilherme,0.0,0.55,4.56079053878784,0.1375
21.24,87,1015,,0.0,0,céu limpo,18.99,-23.508373,-46.611794,2024-01-10 06:13:33,0,722.37,vilamaria/vilaguilherme,0.0,0.0,4.56079053878784,0.0
29.21,54,1012,,0.12,1,chuva leve,18.95,-23.508373,-46.611794,2024-01-11 13:29:42,0,722.37,vilamaria/vilaguilherme,0.0,0.12,4.56079053878784,0.12
24.04,84,1012,,0.0,0,chuva leve,21.17,-23.508373,-46.611794,2024-01-11 23:36:02,0,722.37,vilamaria/vilaguilherme,0.0,0.0,4.56079053878784,0.0
22.2,92,1012,,1.42,3,chuva moderada,20.84,-23.508373,-46.611794,2024-01-12 06:20:44,0,722.37,vilamaria/vilaguilherme,0.0,4.05,4.56079053878784,1.3499999999999999
24.0,87,1013,,0.0,4,nublado,21.7,-23.508373,-46.611794,2024-01-12 17:40:26,0,722.37,vilamaria/vilaguilherme,0.0,4.11,4.56079053878784,1.0275
21.78,97,1014,,2.79,4,chuva moderada,21.28,-23.508373,-46.611794,2024-01-13 02:12:49,0,722.37,vilamaria/vilaguilherme,0.0,17.77,4.56079053878784,4.4425
19.0,84,1016,,0.38,3,chuva leve,16.24,-23.508373,-46.611794,2024-01-13 18:10:00,0,722.37,vilamaria/vilaguilherme,0.0,1.21,4.56079053878784,0.4033333333333333
27.34,67,1013,,0.49,2,chuva leve,20.67,-23.508373,-46.611794,2024-01-14 17:33:07,0,722.37,vilamaria/vilaguilherme,0.0,0.87,4.56079053878784,0.435
23.07,85,1016,,0.0,0,céu limpo,20.41,-23.508373,-46.611794,2024-01-14 23:18:13,0,722.37,vilamaria/vilaguilherme,0.0,0.0,4.56079053878784,0.0
22.88,89,1015,,0.0,0,algumas nuvens,20.97,-23.508373,-46.611794,2024-01-15 01:28:10,0,722.37,vilamaria/vilaguilherme,0.0,0.0,4.56079053878784,0.0
26.06,73,1016,,0.0,0,nublado,20.84,-23.508373,-46.611794,2024-01-15 10:01:14,0,722.37,vilamaria/vilaguilherme,0.0,0.0,4.56079053878784,0.0
28.17,61,1016,,0.0,0,algumas nuvens,19.94,-23.508373,-46.611794,2024-01-16 10:27:23,0,722.37,vilamaria/vilaguilherme,0.0,0.0,4.56079053878784,0.0
25.45,77,1015,,0.0,0,céu limpo,21.12,-23.508373,-46.611794,2024-01-16 02:18:13,0,722.37,vilamaria/vilaguilherme,0.0,0.0,4.56079053878784,0.0
32.93,46,1013,,0.0,0,nublado,19.78,-23.508373,-46.611794,2024-01-17 14:21:41,0,722.37,vilamaria/vilaguilherme,0.0,0.0,4.56079053878784,0.0
31.89,47,1013,,0.0,0,nuvens dispersas,19.18,-23.508373,-46.611794,2024-01-17 15:18:19,0,722.37,vilamaria/vilaguilherme,0.0,0.0,4.56079053878784,0.0
24.22,81,1015,,0.0,3,nublado,20.75,-23.508373,-46.611794,2024-01-18 23:10:43,0,722.37,vilamaria/vilaguilherme,0.0,0.13,4.56079053878784,0.043333333333333335
32.77,45,1012,,0.0,2,nublado,19.28,-23.508373,-46.611794,2024-01-18 15:18:52,0,722.37,vilamaria/vilaguilherme,0.0,0.4,4.56079053878784,0.2
22.03,81,1014,,0.11,4,chuva leve,18.62,-23.508373,-46.611794,2024-01-19 07:11:52,0,722.37,vilamaria/vilaguilherme,0.0,0.83,4.56079053878784,0.2075
24.04,81,1015,,0.0,4,trovoada com chuva fraca,20.58,-23.508373,-46.611794,2024-01-19 00:00:58,0,722.37,vilamaria/vilaguilherme,0.0,0.13,4.56079053878784,0.0325
26.16,74,1009,,0.0,4,nuvens dispersas,21.16,-23.508373,-46.611794,2024-01-20 17:22:03,0,722.37,vilamaria/vilaguilherme,0.0,7.77,4.56079053878784,1.9425
26.16,75,1010,,0.36,4,chuva leve,21.38,-23.508373,-46.611794,2024-01-20 17:36:54,0,722.37,vilamaria/vilaguilherme,0.0,2.67,4.56079053878784,0.6675
21.41,95,1011,,0.13,1,chuva leve,20.58,-23.508373,-46.611794,2024-01-21 01:44:23,0,722.37,vilamaria/vilaguilherme,0.0,0.13,4.56079053878784,0.13
22.2,87,1013,,2.79,4,chuva moderada,19.93,-23.508373,-46.611794,2024-01-21 14:44:04,0,722.37,vilamaria/vilaguilherme,0.0,8.22,4.56079053878784,2.055
20.12,84,1018,,0.0,0,nublado,17.33,-23.508373,-46.611794,2024-01-22 21:45:27,0,722.37,vilamaria/vilaguilherme,0.0,0.0,4.56079053878784,0.0
21.12,79,1016,,0.0,0,chuva leve,17.34,-23.508373,-46.611794,2024-01-22 18:34:50,0,722.37,vilamaria/vilaguilherme,0.0,0.0,4.56079053878784,0.0
23.55,75,1013,,0.0,0,nublado,18.86,-23.50703,-46.603548,2023-12-18 00:57:02,0,725.7,vilamaria/vilaguilherme,0.0,0.0,0.464048534631729,0.0
23.06,75,1012,,0.0,0,nublado,18.39,-23.50703,-46.603548,2023-12-18 02:31:28,0,725.7,vilamaria/vilaguilherme,0.0,0.0,0.464048534631729,0.0
28.04,57,1008,,0.0,0,céu limpo,18.73,-23.50703,-46.603548,2023-12-19 14:31:20,0,725.7,vilamaria/vilaguilherme,0.0,0.0,0.464048534631729,0.0
25.99,65,1008,,0.0,0,céu limpo,18.9,-23.50703,-46.603548,2023-12-19 16:14:11,0,725.7,vilamaria/vilaguilherme,0.0,0.0,0.464048534631729,0.0
27.87,51,1011,,0.0,0,nuvens dispersas,16.81,-23.50703,-46.603548,2023-12-20 14:06:00,0,725.7,vilamaria/vilaguilherme,0.0,0.0,0.464048534631729,0.0
21.15,77,1015,,0.0,0,nublado,16.96,-23.50703,-46.603548,2023-12-20 21:43:26,0,725.7,vilamaria/vilaguilherme,0.0,0.0,0.464048534631729,0.0
20.28,78,1014,,0.0,0,nuvens dispersas,16.32,-23.50703,-46.603548,2023-12-21 04:39:19,0,725.7,vilamaria/vilaguilherme,0.0,0.0,0.464048534631729,0.0
21.53,83,1016,,0.0,0,nublado,18.52,-23.50703,-46.603548,2023-12-21 23:23:51,0,725.7,vilamaria/vilaguilherme,0.0,0.0,0.464048534631729,0.0
23.51,87,1013,,0.0,4,névoa,21.22,-23.50703,-46.603548,2023-12-22 20:09:05,0,725.7,vilamaria/vilaguilherme,0.0,2.65,0.464048534631729,0.6625
30.41,48,1014,,0.0,0,nublado,18.17,-23.50703,-46.603548,2023-12-22 12:16:49,0,725.7,vilamaria/vilaguilherme,0.0,0.0,0.464048534631729,0.0
29.99,51,1012,,0.27,3,chuva leve,18.75,-23.50703,-46.603548,2023-12-23 13:14:42,0,725.7,vilamaria/vilaguilherme,0.0,0.67,0.464048534631729,0.22333333333333336
27.98,58,1015,,0.0,0,nuvens dispersas,18.95,-23.50703,-46.603548,2023-12-23 09:35:21,0,725.7,vilamaria/vilaguilherme,0.0,0.0,0.464048534631729,0.0
23.68,81,1014,,0.0,0,céu limpo,20.23,-23.50703,-46.603548,2023-12-24 20:58:09,0,725.7,vilamaria/vilaguilherme,0.0,0.0,0.464048534631729,0.0
24.4,81,1013,,0.0,0,céu limpo,20.93,-23.50703,-46.603548,2023-12-24 20:10:54,0,725.7,vilamaria/vilaguilherme,0.0,0.0,0.464048534631729,0.0
23.67,81,1013,,0.0,0,nublado,20.22,-23.50703,-46.603548,2023-12-25 01:30:49,0,725.7,vilamaria/vilaguilherme,0.0,0.0,0.464048534631729,0.0
27.37,57,1012,,0.0,0,céu limpo,18.1,-23.50703,-46.603548,2023-12-25 22:08:39,0,725.7,vilamaria/vilaguilherme,0.0,0.0,0.464048534631729,0.0
20.16,71,1018,,0.0,0,nublado,14.74,-23.50703,-46.603548,2023-12-26 23:13:08,0,725.7,vilamaria/vilaguilherme,0.0,0.0,0.464048534631729,0.0
23.56,84,1012,,0.0,0,nuvens dispersas,20.7,-23.50703,-46.603548,2023-12-26 01:47:12,0,725.7,vilamaria/vilaguilherme,0.0,0.0,0.464048534631729,0.0
20.37,72,1018,,0.0,0,céu limpo,15.16,-23.50703,-46.603548,2023-12-27 19:57:53,0,725.7,vilamaria/vilaguilherme,0.0,0.0,0.464048534631729,0.0
20.07,62,1017,,0.0,0,nuvens dispersas,12.57,-23.50703,-46.603548,2023-12-27 18:47:04,0,725.7,vilamaria/vilaguilherme,0.0,0.0,0.464048534631729,0.0
27.98,51,1015,,0.0,0,nuvens dispersas,16.91,-23.50703,-46.603548,2023-12-28 11:43:14,0,725.7,vilamaria/vilaguilherme,0.0,0.0,0.464048534631729,0.0
22.16,73,1015,,0.0,0,céu limpo,17.09,-23.50703,-46.603548,2023-12-28 22:31:09,0,725.7,vilamaria/vilaguilherme,0.0,0.0,0.464048534631729,0.0
30.42,42,1010,,0.0,0,céu limpo,16.07,-23.50703,-46.603548,2023-12-29 19:04:37,0,725.7,vilamaria/vilaguilherme,0.0,0.0,0.464048534631729,0.0
30.3,45,1011,,0.0,0,céu limpo,17.05,-23.50703,-46.603548,2023-12-29 19:36:35,0,725.7,vilamaria/vilaguilherme,0.0,0.0,0.464048534631729,0.0
21.27,84,1017,,0.14,2,chuva leve,18.46,-23.50703,-46.603548,2023-12-30 13:19:31,0,725.7,vilamaria/vilaguilherme,0.0,0.37,0.464048534631729,0.185
20.19,88,1017,,0.0,0,chuva leve,18.14,-23.50703,-46.603548,2023-12-30 09:17:15,0,725.7,vilamaria/vilaguilherme,0.0,0.0,0.464048534631729,0.0
19.28,84,1017,,0.0,0,nublado,16.51,-23.50703,-46.603548,2023-12-31 00:59:26,0,725.7,vilamaria/vilaguilherme,0.0,0.0,0.464048534631729,0.0
18.88,81,1016,,0.0,0,nublado,15.55,-23.50703,-46.603548,2023-12-31 03:05:12,0,725.7,vilamaria/vilaguilherme,0.0,0.0,0.464048534631729,0.0
21.03,80,1015,,0.0,0,névoa,17.45,-23.50703,-46.603548,2024-01-01 21:01:37,0,725.7,vilamaria/vilaguilherme,0.0,0.0,0.464048534631729,0.0
18.13,78,1016,,0.0,0,nuvens dispersas,14.24,-23.50703,-46.603548,2024-01-01 06:18:03,0,725.7,vilamaria/vilaguilherme,0.0,0.0,0.464048534631729,0.0
20.84,82,1015,,0.0,0,nublado,17.66,-23.50703,-46.603548,2024-01-02 02:19:33,0,725.7,vilamaria/vilaguilherme,0.0,0.0,0.464048534631729,0.0
22.97,74,1011,,0.23,4,chuva leve,18.09,-23.50703,-46.603548,2024-01-02 16:14:23,0,725.7,vilamaria/vilaguilherme,0.0,0.35,0.464048534631729,0.0875
21.85,82,1012,,0.0,0,nublado,18.64,-23.50703,-46.603548,2024-01-03 00:34:18,0,725.7,vilamaria/vilaguilherme,0.0,0.0,0.464048534631729,0.0
21.36,86,1012,,0.0,0,nublado,18.92,-23.50703,-46.603548,2024-01-03 05:13:15,0,725.7,vilamaria/vilaguilherme,0.0,0.0,0.464048534631729,0.0
24.01,82,1012,,0.0,4,chuva leve,20.75,-23.50703,-46.603548,2024-01-04 14:08:20,0,725.7,vilamaria/vilaguilherme,0.0,0.81,0.464048534631729,0.2025
20.03,94,1015,,0.0,0,chuva leve,19.03,-23.50703,-46.603548,2024-01-04 21:45:13,0,725.7,vilamaria/vilaguilherme,0.0,0.0,0.464048534631729,0.0
25.98,65,1013,,0.37,4,chuva leve,18.89,-23.50703,-46.603548,2024-01-05 15:20:33,0,725.7,vilamaria/vilaguilherme,0.0,0.68,0.464048534631729,0.17
20.21,95,1013,,0.0,0,nuvens dispersas,19.38,-23.50703,-46.603548,2024-01-05 02:30:00,0,725.7,vilamaria/vilaguilherme,0.0,0.0,0.464048534631729,0.0
20.7,86,1014,,0.0,0,algumas nuvens,18.27,-23.50703,-46.603548,2024-01-06 02:33:09,0,725.7,vilamaria/vilaguilherme,0.0,0.0,0.464048534631729,0.0
20.7,85,1014,,0.0,0,nublado,18.09,-23.50703,-46.603548,2024-01-06 05:20:23,0,725.7,vilamaria/vilaguilherme,0.0,0.0,0.464048534631729,0.0
20.12,80,1014,,0.0,0,nublado,16.56,-23.50703,-46.603548,2024-01-07 05:56:52,0,725.7,vilamaria/vilaguilherme,0.0,0.0,0.464048534631729,0.0
21.85,81,1015,,0.0,0,nublado,18.44,-23.50703,-46.603548,2024-01-07 00:10:23,0,725.7,vilamaria/vilaguilherme,0.0,0.0,0.464048534631729,0.0
20.99,83,1010,,0.61,4,chuva leve,17.99,-23.50703,-46.603548,2024-01-08 16:37:44,0,725.7,vilamaria/vilaguilherme,0.0,3.34,0.464048534631729,0.835
22.18,80,1014,,0.0,0,chuva leve,18.57,-23.50703,-46.603548,2024-01-08 20:55:26,0,725.7,vilamaria/vilaguilherme,0.0,0.0,0.464048534631729,0.0
22.35,85,1016,,0.0,3,céu limpo,19.71,-23.50703,-46.603548,2024-01-09 22:50:07,0,725.7,vilamaria/vilaguilherme,0.0,0.34,0.464048534631729,0.11333333333333334
27.99,56,1015,,0.0,0,céu limpo,18.4,-23.50703,-46.603548,2024-01-09 10:52:02,0,725.7,vilamaria/vilaguilherme,0.0,0.0,0.464048534631729,0.0
25.98,70,1015,,0.0,0,céu limpo,20.09,-23.50703,-46.603548,2024-01-10 07:32:01,0,725.7,vilamaria/vilaguilherme,0.0,0.0,0.464048534631729,0.0
28.01,57,1014,,0.0,0,céu limpo,18.7,-23.50703,-46.603548,2024-01-10 10:25:52,0,725.7,vilamaria/vilaguilherme,0.0,0.0,0.464048534631729,0.0
21.54,92,1013,,0.0,0,céu limpo,20.18,-23.50703,-46.603548,2024-01-11 03:48:13,0,725.7,vilamaria/vilaguilherme,0.0,0.0,0.464048534631729,0.0
23.25,83,1013,,0.0,0,céu limpo,20.2,-23.50703,-46.603548,2024-01-11 23:27:14,0,725.7,vilamaria/vilaguilherme,0.0,0.0,0.464048534631729,0.0
25.99,66,1013,,4.56,4,chuva forte,19.15,-23.50703,-46.603548,2024-01-12 12:03:54,0,725.7,vilamaria/vilaguilherme,0.0,5.14,0.464048534631729,1.285
21.14,99,1015,,3.15,4,chuva moderada,20.98,-23.50703,-46.603548,2024-01-12 21:51:43,0,725.7,vilamaria/vilaguilherme,0.0,6.57,0.464048534631729,1.6425
21.96,76,1017,,0.14,4,chuva leve,17.54,-23.50703,-46.603548,2024-01-13 11:08:16,0,725.7,vilamaria/vilaguilherme,0.0,0.36,0.464048534631729,0.09
21.9,97,1015,,2.72,4,chuva moderada,21.4,-23.50703,-46.603548,2024-01-13 00:36:43,0,725.7,vilamaria/vilaguilherme,0.0,13.69,0.464048534631729,3.4225
19.25,79,1018,,0.0,0,nublado,15.52,-23.50703,-46.603548,2024-01-14 07:02:27,0,725.7,vilamaria/vilaguilherme,0.0,0.0,0.464048534631729,0.0
19.58,87,1018,,0.0,0,nublado,17.36,-23.50703,-46.603548,2024-01-14 01:00:14,0,725.7,vilamaria/vilaguilherme,0.0,0.0,0.464048534631729,0.0
22.94,89,1014,,0.0,0,nublado,21.03,-23.50703,-46.603548,2024-01-15 04:04:09,0,725.7,vilamaria/vilaguilherme,0.0,0.0,0.464048534631729,0.0
22.94,89,1015,,0.0,0,algumas nuvens,21.03,-23.50703,-46.603548,2024-01-15 00:56:16,0,725.7,vilamaria/vilaguilherme,0.0,0.0,0.464048534631729,0.0
23.27,78,1015,,0.0,0,algumas nuvens,19.22,-23.50703,-46.603548,2024-01-16 02:56:46,0,725.7,vilamaria/vilaguilherme,0.0,0.0,0.464048534631729,0.0
25.55,69,1015,,0.0,0,céu limpo,19.44,-23.50703,-46.603548,2024-01-16 23:52:33,0,725.7,vilamaria/vilaguilherme,0.0,0.0,0.464048534631729,0.0
27.01,62,1016,,0.0,0,céu limpo,19.11,-23.50703,-46.603548,2024-01-17 08:12:18,0,725.7,vilamaria/vilaguilherme,0.0,0.0,0.464048534631729,0.0
25.99,69,1016,,0.0,0,céu limpo,19.86,-23.50703,-46.603548,2024-01-17 07:06:18,0,725.7,vilamaria/vilaguilherme,0.0,0.0,0.464048534631729,0.0
24.4,86,1014,,0.0,4,nublado,21.91,-23.50703,-46.603548,2024-01-18 20:16:42,0,725.7,vilamaria/vilaguilherme,0.0,0.36,0.464048534631729,0.09
24.45,83,1012,,0.36,4,trovoada com chuva fraca,21.37,-23.50703,-46.603548,2024-01-18 16:35:55,0,725.7,vilamaria/vilaguilherme,0.0,2.28,0.464048534631729,0.57
24.32,75,1012,,0.0,0,trovoadas,19.61,-23.50703,-46.603548,2024-01-19 19:59:11,0,725.7,vilamaria/vilaguilherme,0.0,0.0,0.464048534631729,0.0
24.33,76,1012,,0.0,0,trovoadas,19.83,-23.50703,-46.603548,2024-01-19 20:11:08,0,725.7,vilamaria/vilaguilherme,0.0,0.0,0.464048534631729,0.0
23.48,87,1011,,0.0,0,chuva leve,21.19,-23.50703,-46.603548,2024-01-20 03:19:17,0,725.7,vilamaria/vilaguilherme,0.0,0.0,0.464048534631729,0.0
27.0,70,1009,,0.14,3,chuva leve,21.06,-23.50703,-46.603548,2024-01-20 12:34:39,0,725.7,vilamaria/vilaguilherme,0.0,0.69,0.464048534631729,0.22999999999999998
21.41,95,1011,,0.13,1,chuva leve,20.58,-23.50703,-46.603548,2024-01-21 01:50:07,0,725.7,vilamaria/vilaguilherme,0.0,0.13,0.464048534631729,0.13
20.03,90,1017,,0.0,4,chuva leve,18.34,-23.50703,-46.603548,2024-01-21 23:07:33,0,725.7,vilamaria/vilaguilherme,0.0,0.29,0.464048534631729,0.0725
20.17,94,1016,,0.0,4,nublado,19.17,-23.50703,-46.603548,2024-01-22 00:41:58,0,725.7,vilamaria/vilaguilherme,0.0,0.14,0.464048534631729,0.035
19.68,94,1016,,0.0,0,nublado,18.69,-23.50703,-46.603548,2024-01-22 03:57:07,0,725.7,vilamaria/vilaguilherme,0.0,0.0,0.464048534631729,0.0
19.19,85,1017,,0.0,0,nuvens dispersas,16.61,-23.5858,-46.6549,2024-02-05 02:20:58,0,752.24,vilamariana,0.0,0.0,2.07442665100098,0.0
19.42,83,1016,,0.0,0,algumas nuvens,16.46,-23.5858,-46.6549,2024-02-05 00:32:38,0,752.24,vilamariana,0.0,0.0,2.07442665100098,0.0
21.28,75,1017,,0.0,0,nublado,16.67,-23.5858,-46.6549,2024-02-06 02:41:48,0,752.24,vilamariana,0.0,0.0,2.07442665100098,0.0
22.1,71,1018,,0.0,0,nublado,16.6,-23.5858,-46.6549,2024-02-06 01:22:39,0,752.24,vilamariana,0.0,0.0,2.07442665100098,0.0
27.09,60,1016,,0.0,0,céu limpo,18.66,-23.5858,-46.6549,2024-02-07 09:56:05,0,752.24,vilamariana,0.0,0.0,2.07442665100098,0.0
24.23,80,1013,,0.0,0,nublado,20.56,-23.5858,-46.6549,2024-02-07 16:32:04,0,752.24,vilamariana,0.0,0.0,2.07442665100098,0.0
21.28,85,1015,,0.0,0,céu limpo,18.66,-23.5858,-46.6549,2024-02-08 06:03:37,0,752.24,vilamariana,0.0,0.0,2.07442665100098,0.0
24.16,79,1014,,0.0,0,nublado,20.29,-23.5858,-46.6549,2024-02-08 19:19:42,0,752.24,vilamariana,0.0,0.0,2.07442665100098,0.0
21.51,84,1015,,0.0,0,céu limpo,18.69,-23.5858,-46.6549,2024-02-09 03:36:01,0,752.24,vilamariana,0.0,0.0,2.07442665100098,0.0
25.74,66,1016,,0.0,0,céu limpo,18.91,-23.5858,-46.6549,2024-02-09 09:14:19,0,752.24,vilamariana,0.0,0.0,2.07442665100098,0.0
31.77,37,1016,,0.17,1,chuva leve,15.29,-23.5858,-46.6549,2024-02-10 13:47:57,0,752.24,vilamariana,0.0,0.17,2.07442665100098,0.17
28.28,65,1015,,0.13,3,chuva leve,21.07,-23.5858,-46.6549,2024-02-10 16:20:08,0,752.24,vilamariana,0.0,0.3,2.07442665100098,0.09999999999999999
29.73,45,1014,,0.0,0,algumas nuvens,16.53,-23.6838,-46.6926,2024-02-05 16:19:19,0,724.09,santoamaro,0.0,0.0,3.6195912361145,0.0
28.92,46,1017,,0.0,0,céu limpo,16.14,-23.6838,-46.6926,2024-02-05 12:08:03,0,724.09,santoamaro,0.0,0.0,3.6195912361145,0.0
22.72,84,1019,,0.0,0,nublado,19.88,-23.6838,-46.6926,2024-02-06 22:55:38,0,724.09,santoamaro,0.0,0.0,3.6195912361145,0.0
24.49,81,1017,,0.0,4,algumas nuvens,21.02,-23.6838,-46.6926,2024-02-06 18:44:10,0,724.09,santoamaro,0.0,0.16,3.6195912361145,0.04
25.08,69,1017,,0.0,0,céu limpo,19.0,-23.6838,-46.6926,2024-02-07 09:27:31,0,724.09,santoamaro,0.0,0.0,3.6195912361145,0.0
29.38,50,1016,,0.0,0,céu limpo,17.88,-23.6838,-46.6926,2024-02-07 11:30:00,0,724.09,santoamaro,0.0,0.0,3.6195912361145,0.0
28.41,65,1013,,0.31,2,chuva leve,21.2,-23.6838,-46.6926,2024-02-08 14:39:46,0,724.09,santoamaro,0.0,0.41,3.6195912361145,0.205
26.25,73,1013,,0.0,4,nuvens dispersas,21.03,-23.6838,-46.6926,2024-02-08 16:44:35,0,724.09,santoamaro,0.0,0.68,3.6195912361145,0.17
27.39,67,1016,,0.0,0,céu limpo,20.72,-23.6838,-46.6926,2024-02-09 09:46:38,0,724.09,santoamaro,0.0,0.0,3.6195912361145,0.0
29.84,51,1016,,0.0,0,céu limpo,18.62,-23.6838,-46.6926,2024-02-09 11:23:09,0,724.09,santoamaro,0.0,0.0,3.6195912361145,0.0
22.53,85,1019,,0.0,0,nuvens dispersas,19.88,-23.6838,-46.6926,2024-02-10 06:48:33,0,724.09,santoamaro,0.0,0.0,3.6195912361145,0.0
22.53,86,1017,,0.0,0,nuvens dispersas,20.07,-23.6838,-46.6926,2024-02-10 04:08:28,0,724.09,santoamaro,0.0,0.0,3.6195912361145,0.0
18.33,90,1017,,0.0,0,nublado,16.66,-23.6072,-46.6973,2024-02-05 05:22:25,0,723.23,santoamaro,0.0,0.0,8.22488880157471,0.0
24.51,70,1016,,0.0,0,céu limpo,18.68,-23.6072,-46.6973,2024-02-05 19:40:43,0,723.23,santoamaro,0.0,0.0,8.22488880157471,0.0
29.7,61,1018,,0.0,0,nublado,21.38,-23.6072,-46.6973,2024-02-06 12:49:32,0,723.23,santoamaro,0.0,0.0,8.22488880157471,0.0
26.65,63,1020,,0.0,0,céu limpo,19.03,-23.6072,-46.6973,2024-02-06 09:05:35,0,723.23,santoamaro,0.0,0.0,8.22488880157471,0.0
22.2,81,1016,,0.0,0,nublado,18.79,-23.6072,-46.6973,2024-02-07 02:11:09,0,723.23,santoamaro,0.0,0.0,8.22488880157471,0.0
23.33,84,1015,,0.0,0,céu limpo,20.47,-23.6072,-46.6973,2024-02-07 20:26:03,0,723.23,santoamaro,0.0,0.0,8.22488880157471,0.0
25.38,69,1016,,0.0,0,céu limpo,19.28,-23.6072,-46.6973,2024-02-08 08:33:38,0,723.23,santoamaro,0.0,0.0,8.22488880157471,0.0
24.3,85,1014,,0.0,0,nublado,21.62,-23.6072,-46.6973,2024-02-08 19:29:21,0,723.23,santoamaro,0.0,0.0,8.22488880157471,0.0
23.71,88,1018,,0.0,0,nuvens dispersas,21.6,-23.6072,-46.6973,2024-02-09 22:54:48,0,723.23,santoamaro,0.0,0.0,8.22488880157471,0.0
24.33,86,1016,,0.0,0,nublado,21.84,-23.6072,-46.6973,2024-02-09 20:13:34,0,723.23,santoamaro,0.0,0.0,8.22488880157471,0.0
29.74,69,1015,,0.0,2,nuvens dispersas,23.44,-23.6072,-46.6973,2024-02-10 15:10:33,0,723.23,santoamaro,0.0,0.17,8.22488880157471,0.085
24.05,84,1016,,0.0,4,nuvens dispersas,21.18,-23.6072,-46.6973,2024-02-10 19:27:52,0,723.23,santoamaro,0.0,0.13,8.22488880157471,0.0325
28.82,47,1014,,0.0,0,céu limpo,16.39,-23.526522,-46.598701,2024-02-05 17:06:59,0,714.58,santana,0.0,0.0,5.12249660491943,0.0
28.01,47,1018,,0.15,1,chuva leve,15.65,-23.526522,-46.598701,2024-02-05 11:02:08,0,714.58,santana,0.0,0.15,5.12249660491943,0.15
29.06,51,1017,,0.0,0,nublado,17.9,-23.526522,-46.598701,2024-02-06 14:04:03,0,714.58,santana,0.0,0.0,5.12249660491943,0.0
26.15,62,1020,,0.0,0,céu limpo,18.3,-23.526522,-46.598701,2024-02-06 09:14:42,0,714.58,santana,0.0,0.0,5.12249660491943,0.0
24.92,75,1013,,0.0,4,nublado,20.18,-23.526522,-46.598701,2024-02-07 16:37:47,0,714.58,santana,0.0,0.1,5.12249660491943,0.025
29.79,49,1016,,0.0,0,algumas nuvens,17.93,-23.526522,-46.598701,2024-02-07 11:26:04,0,714.58,santana,0.0,0.0,5.12249660491943,0.0
29.5,58,1013,,0.13,1,chuva leve,20.37,-23.526522,-46.598701,2024-02-08 15:03:41,0,714.58,santana,0.0,0.13,5.12249660491943,0.13
28.94,60,1012,,0.0,2,nublado,20.39,-23.526522,-46.598701,2024-02-08 15:59:46,0,714.58,santana,0.0,0.13,5.12249660491943,0.065
29.27,53,1016,,0.0,0,algumas nuvens,18.71,-23.526522,-46.598701,2024-02-09 11:21:18,0,714.58,santana,0.0,0.0,5.12249660491943,0.0
21.91,84,1015,,0.0,0,céu limpo,19.08,-23.526522,-46.598701,2024-02-09 04:14:26,0,714.58,santana,0.0,0.0,5.12249660491943,0.0
22.34,81,1018,,0.0,0,céu limpo,18.92,-23.526522,-46.598701,2024-02-10 22:10:50,0,714.58,santana,0.0,0.0,5.12249660491943,0.0
30.25,39,1017,,0.0,0,algumas nuvens,14.77,-23.526522,-46.598701,2024-02-10 13:13:02,0,714.58,santana,0.0,0.0,5.12249660491943,0.0
21.76,89,1013,,0.0,0,nuvens dispersas,19.87,-23.526522,-46.598701,2023-12-24 01:46:56,0,714.58,santana,0.0,0.0,5.12249660491943,0.0
28.04,56,1014,,0.1,4,chuva leve,18.45,-23.526522,-46.598701,2023-12-24 12:00:31,0,714.58,santana,0.0,0.22,5.12249660491943,0.055
32.02,42,1011,,0.0,0,nuvens dispersas,17.5,-23.526522,-46.598701,2023-12-25 14:26:15,0,714.58,santana,0.0,0.0,5.12249660491943,0.0
25.89,77,1015,,0.0,0,céu limpo,21.55,-23.526522,-46.598701,2023-12-25 07:57:10,0,714.58,santana,0.0,0.0,5.12249660491943,0.0
21.94,89,1013,,0.58,4,chuva leve,20.04,-23.526522,-46.598701,2023-12-26 16:09:20,0,714.58,santana,0.0,3.56,5.12249660491943,0.89
23.86,82,1013,,0.34,4,chuva leve,20.6,-23.526522,-46.598701,2023-12-26 12:32:02,0,714.58,santana,0.0,0.56,5.12249660491943,0.14
19.06,73,1018,,0.0,0,nuvens dispersas,14.11,-23.526522,-46.598701,2023-12-27 22:31:30,0,714.58,santana,0.0,0.0,5.12249660491943,0.0
23.87,55,1017,,0.0,0,nublado,14.29,-23.526522,-46.598701,2023-12-27 14:14:35,0,714.58,santana,0.0,0.0,5.12249660491943,0.0
28.51,54,1012,,0.0,0,céu limpo,18.3,-23.526522,-46.598701,2023-12-28 15:43:59,0,714.58,santana,0.0,0.0,5.12249660491943,0.0
19.06,74,1017,,0.0,0,nuvens dispersas,14.32,-23.526522,-46.598701,2023-12-28 02:20:38,0,714.58,santana,0.0,0.0,5.12249660491943,0.0
19.13,97,1011,,0.0,0,nuvens dispersas,18.64,-23.526522,-46.598701,2023-12-29 05:11:42,0,714.58,santana,0.0,0.0,5.12249660491943,0.0
22.5,76,1012,,0.0,0,céu limpo,18.06,-23.526522,-46.598701,2023-12-29 03:07:37,0,714.58,santana,0.0,0.0,5.12249660491943,0.0
20.41,83,1016,,0.0,0,nublado,17.43,-23.526522,-46.598701,2023-12-30 18:33:22,0,714.58,santana,0.0,0.0,5.12249660491943,0.0
19.28,88,1018,,0.0,0,nuvens dispersas,17.24,-23.526522,-46.598701,2023-12-30 21:34:31,0,714.58,santana,0.0,0.0,5.12249660491943,0.0
19.15,84,1017,,0.0,0,nublado,16.38,-23.526522,-46.598701,2023-12-31 00:44:08,0,714.58,santana,0.0,0.0,5.12249660491943,0.0
24.32,62,1015,,0.0,0,nublado,16.58,-23.526522,-46.598701,2023-12-31 13:35:08,0,714.58,santana,0.0,0.0,5.12249660491943,0.0
23.01,71,1013,,0.0,0,nublado,17.47,-23.526522,-46.598701,2024-01-01 18:06:21,0,714.58,santana,0.0,0.0,5.12249660491943,0.0
20.1,83,1016,,0.0,0,nublado,17.12,-23.526522,-46.598701,2024-01-01 21:48:02,0,714.58,santana,0.0,0.0,5.12249660491943,0.0
26.04,58,1013,,0.11,1,chuva leve,17.14,-23.526522,-46.598701,2024-01-02 11:28:49,0,714.58,santana,0.0,0.11,5.12249660491943,0.11
20.95,80,1013,,0.0,3,nublado,17.37,-23.526522,-46.598701,2024-01-02 20:22:40,0,714.58,santana,0.0,0.19,5.12249660491943,0.06333333333333334
21.24,82,1013,,0.0,4,nublado,18.05,-23.526522,-46.598701,2024-01-03 21:19:42,0,714.58,santana,0.0,0.53,5.12249660491943,0.1325
21.61,83,1012,,0.0,0,nublado,18.6,-23.526522,-46.598701,2024-01-03 01:12:35,0,714.58,santana,0.0,0.0,5.12249660491943,0.0
24.06,80,1013,,0.28,3,chuva leve,20.4,-23.526522,-46.598701,2024-01-04 10:38:33,0,714.58,santana,0.0,0.62,5.12249660491943,0.20666666666666667
20.3,94,1014,,0.0,4,chuva leve,19.3,-23.526522,-46.598701,2024-01-04 19:30:43,0,714.58,santana,0.0,0.11,5.12249660491943,0.0275
21.99,77,1013,,0.0,4,nublado,17.77,-23.526522,-46.598701,2024-01-05 17:37:04,0,714.58,santana,0.0,0.74,5.12249660491943,0.185
20.95,82,1015,,0.0,0,nublado,17.76,-23.526522,-46.598701,2024-01-05 20:47:59,0,714.58,santana,0.0,0.0,5.12249660491943,0.0
21.09,79,1016,,0.0,0,nublado,17.31,-23.526522,-46.598701,2024-01-06 22:13:26,0,714.58,santana,0.0,0.0,5.12249660491943,0.0
21.04,79,1015,,0.0,0,nublado,17.26,-23.526522,-46.598701,2024-01-06 21:25:10,0,714.58,santana,0.0,0.0,5.12249660491943,0.0
24.94,63,1015,,0.0,0,céu limpo,17.41,-23.526522,-46.598701,2024-01-07 09:28:55,0,714.58,santana,0.0,0.0,5.12249660491943,0.0
30.08,44,1013,,0.0,2,algumas nuvens,16.5,-23.526522,-46.598701,2024-01-07 11:43:02,0,714.58,santana,0.0,0.14,5.12249660491943,0.07
25.16,77,1012,,0.0,0,algumas nuvens,20.84,-23.511408,-46.622389,2023-12-24 19:22:58,0,722.07,santana,0.0,0.0,4.65347290039062,0.0
25.16,77,1012,,0.0,0,algumas nuvens,20.84,-23.511408,-46.622389,2023-12-24 19:10:41,0,722.07,santana,0.0,0.0,4.65347290039062,0.0
32.92,39,1010,,0.0,0,céu limpo,17.13,-23.511408,-46.622389,2023-12-25 15:20:13,0,722.07,santana,0.0,0.0,4.65347290039062,0.0
26.21,59,1012,,0.0,0,céu limpo,17.57,-23.511408,-46.622389,2023-12-25 20:52:14,0,722.07,santana,0.0,0.0,4.65347290039062,0.0
19.45,87,1017,,0.0,0,nublado,17.23,-23.511408,-46.622389,2023-12-26 22:19:07,0,722.07,santana,0.0,0.0,4.65347290039062,0.0
22.97,78,1013,,0.66,3,chuva leve,18.93,-23.511408,-46.622389,2023-12-26 15:13:29,0,722.07,santana,0.0,2.98,4.65347290039062,0.9933333333333333
23.94,51,1016,,0.0,0,nublado,13.19,-23.511408,-46.622389,2023-12-27 15:46:47,0,722.07,santana,0.0,0.0,4.65347290039062,0.0
25.89,54,1017,,0.0,0,nuvens dispersas,15.88,-23.511408,-46.622389,2023-12-27 13:28:37,0,722.07,santana,0.0,0.0,4.65347290039062,0.0
21.88,73,1014,,0.0,0,céu limpo,16.83,-23.511408,-46.622389,2023-12-28 20:34:52,0,722.07,santana,0.0,0.0,4.65347290039062,0.0
21.02,64,1017,,0.0,0,céu limpo,13.96,-23.511408,-46.622389,2023-12-28 08:01:22,0,722.07,santana,0.0,0.0,4.65347290039062,0.0
32.11,38,1010,,0.0,0,algumas nuvens,16.01,-23.511408,-46.622389,2023-12-29 13:12:36,0,722.07,santana,0.0,0.0,4.65347290039062,0.0
25.94,62,1013,,0.0,0,céu limpo,18.1,-23.511408,-46.622389,2023-12-29 07:51:18,0,722.07,santana,0.0,0.0,4.65347290039062,0.0
23.58,75,1014,,0.0,0,nublado,18.89,-23.511408,-46.622389,2023-12-30 05:22:30,0,722.07,santana,0.0,0.0,4.65347290039062,0.0
19.9,85,1016,,0.0,0,nublado,17.3,-23.511408,-46.622389,2023-12-30 19:48:50,0,722.07,santana,0.0,0.0,4.65347290039062,0.0
23.87,63,1015,,0.0,0,nublado,16.4,-23.511408,-46.622389,2023-12-31 13:49:43,0,722.07,santana,0.0,0.0,4.65347290039062,0.0
23.01,69,1015,,0.35,1,chuva leve,17.02,-23.511408,-46.622389,2023-12-31 14:50:12,0,722.07,santana,0.0,0.35,4.65347290039062,0.35
23.83,67,1014,,0.0,0,nublado,17.34,-23.511408,-46.622389,2024-01-01 14:18:26,0,722.07,santana,0.0,0.0,4.65347290039062,0.0
19.5,74,1016,,0.0,0,nublado,14.75,-23.511408,-46.622389,2024-01-01 02:58:28,0,722.07,santana,0.0,0.0,4.65347290039062,0.0
20.99,82,1015,,0.0,0,nublado,17.8,-23.511408,-46.622389,2024-01-02 01:00:36,0,722.07,santana,0.0,0.0,4.65347290039062,0.0
22.99,74,1011,,0.23,4,chuva moderada,18.11,-23.511408,-46.622389,2024-01-02 15:31:55,0,722.07,santana,0.0,0.35,4.65347290039062,0.0875
21.36,81,1013,,0.0,4,nublado,17.97,-23.511408,-46.622389,2024-01-03 21:01:14,0,722.07,santana,0.0,0.53,4.65347290039062,0.1325
29.07,53,1010,,0.5,4,chuva leve,18.52,-23.511408,-46.622389,2024-01-03 12:55:27,0,722.07,santana,0.0,1.32,4.65347290039062,0.33
24.0,78,1012,,0.16,4,chuva leve,19.93,-23.511408,-46.622389,2024-01-04 16:01:19,0,722.07,santana,0.0,0.41,4.65347290039062,0.1025
20.18,90,1013,,0.0,0,névoa,18.49,-23.511408,-46.622389,2024-01-04 05:50:16,0,722.07,santana,0.0,0.0,4.65347290039062,0.0
20.53,86,1014,,0.0,0,nublado,18.11,-23.511408,-46.622389,2024-01-05 07:23:07,0,722.07,santana,0.0,0.0,4.65347290039062,0.0
20.09,95,1013,,0.0,0,nublado,19.26,-23.511408,-46.622389,2024-01-05 01:56:39,0,722.07,santana,0.0,0.0,4.65347290039062,0.0
24.96,60,1014,,0.18,1,chuva leve,16.66,-23.511408,-46.622389,2024-01-06 10:31:56,0,722.07,santana,0.0,0.18,4.65347290039062,0.18
20.62,84,1014,,0.0,0,algumas nuvens,17.82,-23.511408,-46.622389,2024-01-06 01:07:24,0,722.07,santana,0.0,0.0,4.65347290039062,0.0
31.97,35,1012,,0.0,4,céu limpo,14.61,-23.511408,-46.622389,2024-01-07 13:40:52,0,722.07,santana,0.0,0.34,4.65347290039062,0.085
24.97,64,1015,,0.0,0,céu limpo,17.69,-23.511408,-46.622389,2024-01-07 08:54:18,0,722.07,santana,0.0,0.0,4.65347290039062,0.0
18.51,81,1019,,0.0,4,nublado,15.19,-23.588,-46.6905,2023-01-07 14:22:34,0,719.87,pinheiros,0.0,0.11,2.07442665100098,0.0275
17.32,87,1020,,0.0,0,nublado,15.14,-23.588,-46.6905,2023-01-07 23:40:24,0,719.87,pinheiros,0.0,0.0,2.07442665100098,0.0
18.31,91,1018,,0.0,0,nublado,16.82,-23.588,-46.6905,2023-01-08 22:51:42,0,719.87,pinheiros,0.0,0.0,2.07442665100098,0.0
18.61,92,1018,,0.0,0,névoa,17.29,-23.588,-46.6905,2023-01-08 21:27:29,0,719.87,pinheiros,0.0,0.0,2.07442665100098,0.0
19.64,88,1016,,0.0,4,nublado,17.6,-23.588,-46.6905,2023-01-09 19:29:49,0,719.87,pinheiros,0.0,0.38,2.07442665100098,0.095
17.65,91,1016,,0.13,2,chuva leve,16.16,-23.588,-46.6905,2023-01-09 05:16:55,0,719.87,pinheiros,0.0,0.25,2.07442665100098,0.125
16.83,90,1020,,0.0,0,névoa,15.18,-23.5504,-46.6862,2023-01-07 20:04:35,0,763.28,pinheiros,0.0,0.0,1.91265225410461,0.0
18.21,84,1019,,0.0,4,nublado,15.46,-23.5504,-46.6862,2023-01-07 14:14:41,0,763.28,pinheiros,0.0,0.11,1.91265225410461,0.0275
16.82,87,1020,,0.0,0,nublado,14.65,-23.5504,-46.6862,2023-01-08 00:19:17,0,763.28,pinheiros,0.0,0.0,1.91265225410461,0.0
19.85,89,1018,,0.16,3,chuva leve,17.98,-23.5504,-46.6862,2023-01-08 14:45:16,0,763.28,pinheiros,0.0,0.4,1.91265225410461,0.13333333333333333
18.21,93,1017,,0.0,4,nublado,17.06,-23.5504,-46.6862,2023-01-09 07:27:41,0,763.28,pinheiros,0.0,0.25,1.91265225410461,0.0625
20.36,85,1015,,0.1,4,chuva leve,17.76,-23.5504,-46.6862,2023-01-09 17:02:49,0,763.28,pinheiros,0.0,0.96,1.91265225410461,0.24
23.98,74,1013,,0.0,4,céu limpo,19.06,-23.588,-46.6905,2023-01-11 20:15:44,0,719.87,pinheiros,0.0,0.16,2.07442665100098,0.04
23.98,74,1013,,0.0,4,céu limpo,19.06,-23.588,-46.6905,2023-01-11 20:23:46,0,719.87,pinheiros,0.0,0.16,2.07442665100098,0.04
21.09,89,1013,,0.0,0,nublado,19.21,-23.5129,-46.6933,2023-02-25 01:54:25,0,720.33,lapa,0.0,0.0,4.19471979141235,0.0
27.75,69,1012,,2.74,2,chuva moderada,21.54,-23.5129,-46.6933,2023-02-25 16:34:36,0,720.33,lapa,0.0,2.88,4.19471979141235,1.44
21.49,91,1016,,0.0,0,céu limpo,19.96,-23.5129,-46.6933,2023-02-26 07:22:34,0,720.33,lapa,0.0,0.0,4.19471979141235,0.0
27.39,58,1016,,0.0,2,nuvens dispersas,18.4,-23.5129,-46.6933,2023-02-26 18:00:02,0,720.33,lapa,0.0,0.33,4.19471979141235,0.165
22.68,88,1019,,0.0,4,nublado,20.59,-23.5129,-46.6933,2023-02-27 16:46:16,0,720.33,lapa,0.0,3.66,4.19471979141235,0.915
24.5,81,1019,,0.24,4,chuva leve,21.03,-23.5129,-46.6933,2023-02-27 15:38:57,0,720.33,lapa,0.0,4.0,4.19471979141235,1.0
27.01,61,1015,,0.0,0,nuvens dispersas,18.85,-23.542416,-46.606797,2025-02-05 10:56:29,0,733.11,mooca,0.0,0.0,1.46716165542603,0.0
20.47,95,1015,,0.0,0,céu limpo,19.64,-23.542416,-46.606797,2025-02-05 06:26:21,0,733.11,mooca,0.0,0.0,1.46716165542603,0.0
23.89,88,1011,,0.12,3,chuvas fortes,21.78,-23.542416,-46.606797,2025-02-15 17:30:03,0,733.11,mooca,0.0,0.23,1.46716165542603,0.07666666666666667
24.31,87,1013,,0.0,0,nublado,22.01,-23.542416,-46.606797,2025-02-15 19:51:54,0,733.11,mooca,0.0,0.0,1.46716165542603,0.0
19.45,82,1014,,0.0,4,nublado,16.3,-23.541324,-46.457419,2024-11-09 15:48:35,0,746.44,itaquera,0.0,0.33,1.35270059108734,0.0825
17.13,94,1012,,0.0,0,nublado,16.16,-23.541324,-46.457419,2024-11-09 04:15:31,0,746.44,itaquera,0.0,0.0,1.35270059108734,0.0
22.35,58,1016,,0.0,0,nublado,13.69,-23.541324,-46.457419,2024-11-10 11:45:56,0,746.44,itaquera,0.0,0.0,1.35270059108734,0.0
21.87,58,1014,,0.0,0,nublado,13.24,-23.541324,-46.457419,2024-11-10 15:27:01,0,746.44,itaquera,0.0,0.0,1.35270059108734,0.0
25.97,32,1009,,0.0,0,céu limpo,8.02,-23.541324,-46.457419,2024-11-11 18:01:57,0,746.44,itaquera,0.0,0.0,1.35270059108734,0.0
20.7,76,1014,,0.0,0,algumas nuvens,16.32,-23.541324,-46.457419,2024-11-11 08:02:49,0,746.44,itaquera,0.0,0.0,1.35270059108734,0.0
17.82,88,1013,,0.0,0,chuva leve,15.81,-23.541324,-46.457419,2024-11-12 23:58:34,0,746.44,itaquera,0.0,0.0,1.35270059108734,0.0
22.81,73,1010,,0.0,0,céu limpo,17.72,-23.541324,-46.457419,2024-11-12 06:35:28,0,746.44,itaquera,0.0,0.0,1.35270059108734,0.0
16.71,92,1013,,0.48,4,chuva leve,15.4,-23.541324,-46.457419,2024-11-13 06:47:28,0,746.44,itaquera,0.0,5.92,1.35270059108734,1.48
15.95,82,1015,,0.0,0,névoa,12.88,-23.541324,-46.457419,2024-11-13 18:46:41,0,746.44,itaquera,0.0,0.0,1.35270059108734,0.0
15.14,88,1016,,0.0,0,nublado,13.17,-23.541324,-46.457419,2024-11-14 02:52:44,0,746.44,itaquera,0.0,0.0,1.35270059108734,0.0
14.87,88,1016,,0.0,0,nublado,12.9,-23.541324,-46.457419,2024-11-14 00:42:58,0,746.44,itaquera,0.0,0.0,1.35270059108734,0.0
28.29,68,1013,,0.23,1,chuva leve,21.82,-23.502448,-46.685965,2024-01-29 14:43:05,0,721.33,casaverde,0.0,0.23,1.18295407295227,0.23
27.71,58,1016,,0.0,0,céu limpo,18.7,-23.502448,-46.685965,2024-01-29 10:00:43,0,721.33,casaverde,0.0,0.0,1.18295407295227,0.0
20.84,86,1014,,0.0,0,algumas nuvens,18.41,-23.502448,-46.685965,2024-01-30 02:07:13,0,721.33,casaverde,0.0,0.0,1.18295407295227,0.0
26.03,64,1013,,0.0,0,céu limpo,18.69,-23.502448,-46.685965,2024-01-30 20:36:32,0,721.33,casaverde,0.0,0.0,1.18295407295227,0.0
19.09,90,1014,,0.0,0,nuvens dispersas,17.41,-23.499071,-46.68373,2024-01-29 02:25:38,0,732.84,casaverde,0.0,0.0,4.30785942077637,0.0
23.52,70,1015,,0.0,4,nuvens dispersas,17.73,-23.499071,-46.68373,2024-01-29 21:31:40,0,732.84,casaverde,0.0,0.58,4.30785942077637,0.145
20.76,86,1013,,0.0,0,algumas nuvens,18.33,-23.499071,-46.68373,2024-01-30 02:30:33,0,732.84,casaverde,0.0,0.0,4.30785942077637,0.0
25.74,69,1014,,0.0,0,céu limpo,19.63,-23.499071,-46.68373,2024-01-30 22:46:54,0,732.84,casaverde,0.0,0.0,4.30785942077637,0.0
20.86,93,1017,,0.14,4,chuva leve,19.69,-23.6757,-46.7343,2024-11-16 07:56:41,0,751.13,capeladosocorro,0.0,1.26,10.6252450942993,0.315
20.5,93,1016,,0.0,4,nublado,19.33,-23.6757,-46.7343,2024-11-16 19:10:35,0,751.13,capeladosocorro,0.0,0.75,10.6252450942993,0.1875
19.66,92,1016,,0.0,0,nublado,18.32,-23.6757,-46.7343,2024-11-17 06:28:23,0,751.13,capeladosocorro,0.0,0.0,10.6252450942993,0.0
21.35,89,1015,,0.0,4,nublado,19.46,-23.6757,-46.7343,2024-11-17 19:49:08,0,751.13,capeladosocorro,0.0,0.18,10.6252450942993,0.045
21.82,80,1015,,0.0,0,céu limpo,18.22,-23.6757,-46.7343,2024-11-18 07:30:50,0,751.13,capeladosocorro,0.0,0.0,10.6252450942993,0.0
30.55,59,1011,,0.0,0,céu limpo,21.63,-23.6757,-46.7343,2024-11-18 13:56:48,0,751.13,capeladosocorro,0.0,0.0,10.6252450942993,0.0
25.08,69,1013,,0.0,0,nuvens dispersas,19.0,-23.6757,-46.7343,2024-11-19 16:22:12,0,751.13,capeladosocorro,0.0,0.0,10.6252450942993,0.0
20.41,86,1016,,0.0,0,nublado,17.99,-23.6757,-46.7343,2024-11-19 20:48:02,0,751.13,capeladosocorro,0.0,0.0,10.6252450942993,0.0
18.75,91,1015,,0.0,0,céu limpo,17.25,-23.6757,-46.7343,2024-11-20 01:21:19,0,751.13,capeladosocorro,0.0,0.0,10.6252450942993,0.0
18.88,93,1014,,0.0,0,nublado,17.72,-23.6757,-46.7343,2024-11-20 03:50:07,0,751.13,capeladosocorro,0.0,0.0,10.6252450942993,0.0
20.86,95,1016,,0.24,4,garoa de leve intensidade,20.03,-23.6757,-46.7343,2024-11-21 17:50:07,0,751.13,capeladosocorro,0.0,1.67,10.6252450942993,0.4175
20.28,92,1016,,0.0,0,nublado,18.94,-23.6757,-46.7343,2024-11-21 01:02:43,0,751.13,capeladosocorro,0.0,0.0,10.6252450942993,0.0
19.33,92,1017,,0.0,0,nublado,18.0,-23.6757,-46.7343,2024-11-22 22:51:34,0,751.13,capeladosocorro,0.0,0.0,10.6252450942993,0.0
19.43,95,1018,,0.59,4,chuva leve,18.61,-23.6757,-46.7343,2024-11-22 06:52:36,0,751.13,capeladosocorro,0.0,4.43,10.6252450942993,1.1075
17.67,96,1018,,0.12,4,chuva leve,17.02,-23.6757,-46.7343,2024-11-23 18:27:34,0,751.13,capeladosocorro,0.0,1.21,10.6252450942993,0.3025
18.72,95,1016,,0.0,0,nuvens dispersas,17.9,-23.6757,-46.7343,2024-11-23 03:05:51,0,751.13,capeladosocorro,0.0,0.0,10.6252450942993,0.0
21.94,85,1019,,0.0,2,nublado,19.3,-23.6757,-46.7343,2024-11-24 13:40:02,0,751.13,capeladosocorro,0.0,0.1,10.6252450942993,0.05
17.65,89,1020,,0.0,0,nublado,15.82,-23.6757,-46.7343,2024-11-24 20:22:11,0,751.13,capeladosocorro,0.0,0.0,10.6252450942993,0.0
25.53,81,1016,,0.0,4,nuvens dispersas,22.03,-23.6757,-46.7343,2024-11-25 14:57:24,0,751.13,capeladosocorro,0.0,0.21,10.6252450942993,0.0525
25.18,84,1016,,0.0,4,céu limpo,22.28,-23.6757,-46.7343,2024-11-25 16:02:55,0,751.13,capeladosocorro,0.0,0.1,10.6252450942993,0.025
23.08,68,1017,,0.0,0,céu limpo,16.86,-23.6757,-46.7343,2024-11-26 07:33:11,0,751.13,capeladosocorro,0.0,0.0,10.6252450942993,0.0
28.41,64,1015,,0.0,0,céu limpo,20.94,-23.6757,-46.7343,2024-11-26 11:05:29,0,751.13,capeladosocorro,0.0,0.0,10.6252450942993,0.0
24.67,61,1011,,0.0,0,nublado,16.65,-23.6757,-46.7343,2024-11-27 22:44:33,0,751.13,capeladosocorro,0.0,0.0,10.6252450942993,0.0
33.35,50,1010,,0.0,0,nuvens dispersas,21.51,-23.6757,-46.7343,2024-11-27 13:52:53,0,751.13,capeladosocorro,0.0,0.0,10.6252450942993,0.0
26.39,63,1016,,0.31,2,chuva leve,18.78,-23.583,-46.7835,2023-01-01 10:53:12,0,746.74,butantã,0.0,0.54,4.27048397064209,0.27
18.17,88,1015,,0.0,0,céu limpo,16.15,-23.583,-46.7835,2023-01-01 04:11:27,0,746.74,butantã,0.0,0.0,4.27048397064209,0.0
25.27,65,1015,,0.0,0,céu limpo,18.22,-23.583,-46.7835,2023-01-02 08:55:28,0,746.74,butantã,0.0,0.0,4.27048397064209,0.0
24.32,78,1009,,0.28,2,chuva leve,20.24,-23.583,-46.7835,2023-01-02 14:44:51,0,746.74,butantã,0.0,1.05,4.27048397064209,0.525
19.86,84,1010,,0.0,0,céu limpo,17.08,-23.583,-46.7835,2023-01-03 04:44:21,0,746.74,butantã,0.0,0.0,4.27048397064209,0.0
25.31,70,1012,,0.12,1,chuva leve,19.45,-23.583,-46.7835,2023-01-03 09:41:48,0,746.74,butantã,0.0,0.12,4.27048397064209,0.12
22.67,82,1011,,0.0,0,nublado,19.44,-23.583,-46.7835,2023-01-04 08:03:59,0,746.74,butantã,0.0,0.0,4.27048397064209,0.0
20.52,86,1011,,0.0,0,nublado,18.1,-23.583,-46.7835,2023-01-04 05:41:03,0,746.74,butantã,0.0,0.0,4.27048397064209,0.0
17.48,91,1014,,1.78,4,chuva moderada,16.0,-23.583,-46.7835,2023-01-05 16:49:41,0,746.74,butantã,0.0,4.59,4.27048397064209,1.1475
17.48,91,1014,,1.78,4,chuva moderada,16.0,-23.583,-46.7835,2023-01-05 16:47:28,0,746.74,butantã,0.0,4.59,4.27048397064209,1.1475
15.9,90,1016,,0.51,2,chuva leve,14.26,-23.583,-46.7835,2023-01-06 04:16:44,0,746.74,butantã,0.0,0.76,4.27048397064209,0.38
15.9,90,1016,,0.25,1,chuva leve,14.26,-23.583,-46.7835,2023-01-06 03:24:07,0,746.74,butantã,0.0,0.25,4.27048397064209,0.25
18.1,84,1019,,0.0,0,garoa de leve intensidade,15.36,-23.583,-46.7835,2023-01-07 16:39:34,0,746.74,butantã,0.0,0.0,4.27048397064209,0.0
17.96,83,1019,,0.0,0,névoa,15.03,-23.583,-46.7835,2023-01-07 15:22:54,0,746.74,butantã,0.0,0.0,4.27048397064209,0.0
17.0,88,1018,,0.0,0,nublado,15.0,-23.583,-46.7835,2023-01-08 02:06:05,0,746.74,butantã,0.0,0.0,4.27048397064209,0.0
21.26,78,1019,,0.12,1,chuva leve,17.27,-23.583,-46.7835,2023-01-08 12:38:56,0,746.74,butantã,0.0,0.12,4.27048397064209,0.12
19.66,87,1016,,0.0,4,nublado,17.44,-23.583,-46.7835,2023-01-09 18:59:52,0,746.74,butantã,0.0,0.38,4.27048397064209,0.095
20.3,84,1015,,0.1,4,chuva leve,17.51,-23.583,-46.7835,2023-01-09 17:26:59,0,746.74,butantã,0.0,0.96,4.27048397064209,0.24
25.29,74,1014,,0.25,3,chuva leve,20.32,-23.583,-46.7835,2023-01-10 14:59:42,0,746.74,butantã,0.0,4.31,4.27048397064209,1.4366666666666665
22.04,84,1016,,0.15,1,chuva leve,19.21,-23.583,-46.7835,2023-01-10 10:03:13,0,746.74,butantã,0.0,0.15,4.27048397064209,0.15
25.93,67,1013,,0.76,4,chuva leve,19.33,-23.583,-46.7835,2023-01-11 15:44:04,0,746.74,butantã,0.0,1.38,4.27048397064209,0.345
18.91,89,1015,,0.0,0,névoa,17.06,-23.583,-46.7835,2023-01-11 06:08:25,0,746.74,butantã,0.0,0.0,4.27048397064209,0.0
19.21,90,1013,,0.51,3,chuva leve,17.53,-23.583,-46.7835,2023-01-12 01:49:23,0,746.74,butantã,0.0,1.24,4.27048397064209,0.41333333333333333
22.34,88,1011,,0.0,3,névoa,20.26,-23.583,-46.7835,2023-01-12 20:49:26,0,746.74,butantã,0.0,1.0,4.27048397064209,0.3333333333333333
27.66,60,1010,,0.17,4,chuva leve,19.2,-23.583,-46.7835,2023-01-13 16:16:10,0,746.74,butantã,0.0,0.42,4.27048397064209,0.105
23.76,82,1010,,0.51,3,chuva leve,20.5,-23.583,-46.7835,2023-01-13 17:33:05,0,746.74,butantã,0.0,0.68,4.27048397064209,0.22666666666666668
27.48,63,1012,,0.0,0,céu limpo,19.81,-23.583,-46.7835,2023-01-14 18:30:03,0,746.74,butantã,0.0,0.0,4.27048397064209,0.0
21.26,88,1014,,0.55,4,chuva leve,19.19,-23.583,-46.7835,2023-01-14 06:56:13,0,746.74,butantã,0.0,1.27,4.27048397064209,0.3175
28.57,60,1016,,0.0,0,céu limpo,20.05,-23.583,-46.7835,2023-01-15 10:27:30,0,746.74,butantã,0.0,0.0,4.27048397064209,0.0
21.49,89,1014,,0.0,0,céu limpo,19.6,-23.583,-46.7835,2023-01-15 04:04:03,0,746.74,butantã,0.0,0.0,4.27048397064209,0.0
27.24,70,1011,,5.56,3,chuva forte,21.29,-23.586289,-46.731106,2025-02-02 12:50:53,0,728.08,butantã,0.0,7.24,3.70728707313538,2.4133333333333336
24.01,90,1009,,0.11,4,chuva leve,22.27,-23.586289,-46.731106,2025-02-02 15:59:01,0,728.08,butantã,0.0,10.38,3.70728707313538,2.595
22.8,86,1015,,0.0,4,céu limpo,20.34,-23.586289,-46.731106,2025-02-03 23:27:24,0,728.08,butantã,0.0,0.24,3.70728707313538,0.06
21.32,94,1014,,0.61,4,chuva leve,20.31,-23.586289,-46.731106,2025-02-03 08:39:37,0,728.08,butantã,0.0,2.46,3.70728707313538,0.615
23.38,78,1014,,0.0,0,céu limpo,19.33,-23.586289,-46.731106,2025-02-04 08:15:23,0,728.08,butantã,0.0,0.0,3.70728707313538,0.0
25.29,79,1013,,0.24,1,chuva leve,21.39,-23.586289,-46.731106,2025-02-04 14:41:23,0,728.08,butantã,0.0,0.24,3.70728707313538,0.24
27.41,74,1013,,18.54,1,chuva muito forte,22.36,-23.586289,-46.731106,2025-02-05 14:25:42,0,728.08,butantã,0.0,18.54,3.70728707313538,18.54
29.46,55,1014,,0.0,0,nublado,19.48,-23.586289,-46.731106,2025-02-05 13:03:53,0,728.08,butantã,0.0,0.0,3.70728707313538,0.0
22.38,83,1015,,0.0,0,céu limpo,19.35,-23.586289,-46.731106,2025-02-06 05:17:24,0,728.08,butantã,0.0,0.0,3.70728707313538,0.0
22.15,84,1015,,0.0,0,nuvens dispersas,19.32,-23.586289,-46.731106,2025-02-06 21:29:08,0,728.08,butantã,0.0,0.0,3.70728707313538,0.0
24.2,82,1017,,0.0,0,névoa,20.93,-23.586289,-46.731106,2025-02-07 20:59:51,0,728.08,butantã,0.0,0.0,3.70728707313538,0.0
21.45,92,1015,,0.0,0,céu limpo,20.1,-23.586289,-46.731106,2025-02-07 06:01:58,0,728.08,butantã,0.0,0.0,3.70728707313538,0.0
23.45,83,1017,,0.0,0,nublado,20.4,-23.586289,-46.731106,2025-02-08 19:35:12,0,728.08,butantã,0.0,0.0,3.70728707313538,0.0
27.43,62,1018,,0.0,3,nublado,19.51,-23.586289,-46.731106,2025-02-08 10:41:13,0,728.08,butantã,0.0,0.29,3.70728707313538,0.09666666666666666
22.43,88,1019,,0.0,0,céu limpo,20.34,-23.586289,-46.731106,2025-02-09 07:14:23,0,728.08,butantã,0.0,0.0,3.70728707313538,0.0
22.23,86,1017,,0.0,0,nuvens dispersas,19.78,-23.586289,-46.731106,2025-02-09 03:09:42,0,728.08,butantã,0.0,0.0,3.70728707313538,0.0
24.14,78,1017,,0.0,0,céu limpo,20.06,-23.586289,-46.731106,2025-02-10 07:37:59,0,728.08,butantã,0.0,0.0,3.70728707313538,0.0
22.8,90,1015,,0.0,4,garoa de leve intensidade,21.07,-23.586289,-46.731106,2025-02-10 19:17:49,0,728.08,butantã,0.0,7.27,3.70728707313538,1.8175
31.72,32,1012,,0.0,0,algumas nuvens,13.01,-23.586289,-46.731106,2025-02-11 15:45:29,0,728.08,butantã,0.0,0.0,3.70728707313538,0.0
26.32,67,1014,,0.0,0,céu limpo,19.7,-23.586289,-46.731106,2025-02-11 22:49:12,0,728.08,butantã,0.0,0.0,3.70728707313538,0.0
32.27,45,1012,,0.0,0,nuvens dispersas,18.83,-23.586289,-46.731106,2025-02-12 15:40:53,0,728.08,butantã,0.0,0.0,3.70728707313538,0.0
28.54,52,1015,,0.0,0,céu limpo,17.73,-23.586289,-46.731106,2025-02-12 10:20:32,0,728.08,butantã,0.0,0.0,3.70728707313538,0.0
22.13,92,1016,,1.64,2,chuva moderada,20.77,-23.586289,-46.731106,2025-02-13 23:00:14,0,728.08,butantã,0.0,4.85,3.70728707313538,2.425
27.38,65,1016,,0.0,0,algumas nuvens,20.22,-23.586289,-46.731106,2025-02-13 09:55:16,0,728.08,butantã,0.0,0.0,3.70728707313538,0.0
21.51,94,1015,,0.0,4,céu limpo,20.5,-23.586289,-46.731106,2025-02-14 01:00:45,0,728.08,butantã,0.0,4.85,3.70728707313538,1.2125
21.33,95,1014,,0.0,2,nublado,20.5,-23.586289,-46.731106,2025-02-14 04:13:52,0,728.08,butantã,0.0,0.31,3.70728707313538,0.155
20.63,94,1014,,0.0,0,névoa,19.63,-23.586289,-46.731106,2025-02-15 06:06:04,0,728.08,butantã,0.0,0.0,3.70728707313538,0.0
30.32,72,1014,,0.0,0,algumas nuvens,24.7,-23.586289,-46.731106,2025-02-15 11:50:31,0,728.08,butantã,0.0,0.0,3.70728707313538,0.0
31.22,52,1014,,0.0,0,algumas nuvens,20.2,-23.586289,-46.731106,2025-02-16 12:06:46,0,728.08,butantã,0.0,0.0,3.70728707313538,0.0
23.1,86,1014,,0.0,0,céu limpo,20.63,-23.586289,-46.731106,2025-02-16 05:30:36,0,728.08,butantã,0.0,0.0,3.70728707313538,0.0
28.31,49,1014,,0.0,0,céu limpo,16.58,-23.586289,-46.731106,2025-02-17 22:09:10,0,728.08,butantã,0.0,0.0,3.70728707313538,0.0
26.32,65,1014,,0.0,0,céu limpo,19.22,-23.586289,-46.731106,2025-02-17 23:51:39,0,728.08,butantã,0.0,0.0,3.70728707313538,0.0
25.39,84,1015,,0.0,0,nuvens dispersas,22.49,-23.586289,-46.731106,2025-02-18 07:23:57,0,728.08,butantã,0.0,0.0,3.70728707313538,0.0
24.37,89,1014,,0.0,4,nublado,22.44,-23.586289,-46.731106,2025-02-18 18:52:19,0,728.08,butantã,0.0,0.94,3.70728707313538,0.235
27.38,65,1014,,0.43,3,chuva leve,20.22,-23.586289,-46.731106,2025-02-19 20:16:48,0,728.08,butantã,0.0,1.51,3.70728707313538,0.5033333333333333
21.85,94,1016,,0.0,3,céu limpo,20.84,-23.586289,-46.731106,2025-02-19 01:30:02,0,728.08,butantã,0.0,1.02,3.70728707313538,0.34
24.82,89,1018,,0.0,0,algumas nuvens,22.88,-23.586289,-46.731106,2025-02-20 23:14:02,0,728.08,butantã,0.0,0.0,3.70728707313538,0.0
31.58,52,1016,,0.0,0,nuvens dispersas,20.53,-23.586289,-46.731106,2025-02-20 12:26:16,0,728.08,butantã,0.0,0.0,3.70728707313538,0.0
23.61,93,1019,,0.0,0,nublado,22.41,-23.586289,-46.731106,2025-02-21 21:21:41,0,728.08,butantã,0.0,0.0,3.70728707313538,0.0
24.18,91,1019,,0.0,0,névoa,22.62,-23.586289,-46.731106,2025-02-21 06:53:10,0,728.08,butantã,0.0,0.0,3.70728707313538,0.0
22.33,89,1018,,0.0,0,nublado,20.43,-23.586289,-46.731106,2025-02-22 05:42:39,0,728.08,butantã,0.0,0.0,3.70728707313538,0.0
28.99,81,1017,,0.0,0,nublado,25.4,-23.586289,-46.731106,2025-02-22 13:35:49,0,728.08,butantã,0.0,0.0,3.70728707313538,0.0
26.5,69,1018,,0.0,0,algumas nuvens,20.35,-23.586289,-46.731106,2025-02-23 09:52:16,0,728.08,butantã,0.0,0.0,3.70728707313538,0.0
21.5,94,1018,,0.0,0,nublado,20.49,-23.586289,-46.731106,2025-02-23 07:26:20,0,728.08,butantã,0.0,0.0,3.70728707313538,0.0
30.39,46,1017,,0.0,0,algumas nuvens,17.48,-23.586289,-46.731106,2025-02-24 12:53:10,0,728.08,butantã,0.0,0.0,3.70728707313538,0.0
23.13,95,1016,,0.0,0,nuvens dispersas,22.28,-23.586289,-46.731106,2025-02-24 02:59:21,0,728.08,butantã,0.0,0.0,3.70728707313538,0.0
26.46,64,1020,,0.0,0,céu limpo,19.1,-23.586289,-46.731106,2025-02-25 09:17:20,0,728.08,butantã,0.0,0.0,3.70728707313538,0.0
23.51,84,1017,,0.0,0,céu limpo,20.65,-23.586289,-46.731106,2025-02-25 02:57:50,0,728.08,butantã,0.0,0.0,3.70728707313538,0.0
24.89,88,1018,,0.0,0,céu limpo,22.76,-23.586289,-46.731106,2025-02-26 23:33:55,0,728.08,butantã,0.0,0.0,3.70728707313538,0.0
24.87,82,1016,,0.0,0,céu limpo,21.59,-23.586289,-46.731106,2025-02-26 20:13:27,0,728.08,butantã,0.0,0.0,3.70728707313538,0.0
32.88,57,1015,,0.0,0,nuvens dispersas,23.23,-23.586289,-46.731106,2025-02-27 12:30:36,0,728.08,butantã,0.0,0.0,3.70728707313538,0.0
22.42,84,1016,,0.0,0,céu limpo,19.58,-23.586289,-46.731106,2025-02-27 05:29:32,0,728.08,butantã,0.0,0.0,3.70728707313538,0.0
17.59,88,1020,,0.63,4,chuva leve,15.58,-23.5797,-46.7015,2022-11-01 07:41:05,0,724.54,butantã,0.0,2.4,4.19471979141235,0.6
18.04,87,1021,,0.32,4,chuva leve,15.84,-23.5797,-46.7015,2022-11-01 10:01:56,0,724.54,butantã,0.0,2.03,4.19471979141235,0.5075
13.32,91,1022,,0.25,3,chuva leve,11.88,-23.5797,-46.7015,2022-11-02 03:09:53,0,724.54,butantã,0.0,1.01,4.19471979141235,0.33666666666666667
14.81,90,1025,,0.35,4,chuva leve,13.19,-23.5797,-46.7015,2022-11-02 11:29:24,0,724.54,butantã,0.0,1.26,4.19471979141235,0.315
13.33,79,1024,,0.0,0,nuvens dispersas,9.77,-23.5797,-46.7015,2022-11-03 20:53:15,0,724.54,butantã,0.0,0.0,4.19471979141235,0.0
13.54,87,1024,,0.0,3,nublado,11.42,-23.5797,-46.7015,2022-11-03 10:36:11,0,724.54,butantã,0.0,0.11,4.19471979141235,0.03666666666666667
13.96,88,1022,,0.0,0,chuva leve,12.01,-23.5797,-46.7015,2022-11-04 23:59:30,0,724.54,butantã,0.0,0.0,4.19471979141235,0.0
17.96,58,1022,,0.0,0,nublado,9.59,-23.5797,-46.7015,2022-11-04 11:14:12,0,724.54,butantã,0.0,0.0,4.19471979141235,0.0
14.84,78,1022,,0.0,0,nuvens dispersas,11.04,-23.5797,-46.7015,2022-11-05 07:24:37,0,724.54,butantã,0.0,0.0,4.19471979141235,0.0
14.84,84,1022,,0.0,0,nublado,12.16,-23.5797,-46.7015,2022-11-05 22:52:37,0,724.54,butantã,0.0,0.0,4.19471979141235,0.0
13.32,85,1019,,0.0,0,nublado,10.85,-23.5797,-46.7015,2022-11-06 03:28:41,0,724.54,butantã,0.0,0.0,4.19471979141235,0.0
13.32,86,1019,,0.0,0,nuvens dispersas,11.03,-23.5797,-46.7015,2022-11-06 02:37:35,0,724.54,butantã,0.0,0.0,4.19471979141235,0.0
13.75,87,1020,,0.0,0,chuva leve,11.63,-23.5797,-46.7015,2022-11-07 06:42:28,0,724.54,butantã,0.0,0.0,4.19471979141235,0.0
18.26,68,1018,,0.0,0,nuvens dispersas,12.26,-23.5797,-46.7015,2022-11-07 16:46:19,0,724.54,butantã,0.0,0.0,4.19471979141235,0.0
19.27,69,1015,,0.0,0,nuvens dispersas,13.45,-23.5797,-46.7015,2022-11-08 15:49:01,0,724.54,butantã,0.0,0.0,4.19471979141235,0.0
11.11,91,1019,,0.0,0,céu limpo,9.7,-23.5797,-46.7015,2022-11-08 05:12:14,0,724.54,butantã,0.0,0.0,4.19471979141235,0.0
18.59,82,1015,,0.0,0,algumas nuvens,15.46,-23.5797,-46.7015,2022-11-09 18:50:01,0,724.54,butantã,0.0,0.0,4.19471979141235,0.0
17.49,80,1016,,0.0,0,algumas nuvens,14.01,-23.5797,-46.7015,2022-11-09 20:22:54,0,724.54,butantã,0.0,0.0,4.19471979141235,0.0
17.28,90,1016,,0.0,0,nublado,15.63,-23.5797,-46.7015,2022-11-10 04:17:35,0,724.54,butantã,0.0,0.0,4.19471979141235,0.0
16.64,88,1016,,0.0,0,nublado,14.65,-23.5797,-46.7015,2022-11-10 03:06:34,0,724.54,butantã,0.0,0.0,4.19471979141235,0.0
19.42,91,1015,,7.75,3,trovoada com chuva,17.91,-23.5797,-46.7015,2022-11-11 17:32:45,0,724.54,butantã,0.0,16.83,4.19471979141235,5.609999999999999
23.97,65,1015,,0.0,0,céu limpo,16.99,-23.5797,-46.7015,2022-11-11 09:50:52,0,724.54,butantã,0.0,0.0,4.19471979141235,0.0
24.21,66,1014,,0.14,1,chuva leve,17.46,-23.5797,-46.7015,2022-11-12 11:25:47,0,724.54,butantã,0.0,0.14,4.19471979141235,0.14
19.38,84,1015,,0.0,0,nublado,16.61,-23.5797,-46.7015,2022-11-12 22:15:44,0,724.54,butantã,0.0,0.0,4.19471979141235,0.0
26.22,59,1013,,0.0,0,céu limpo,17.58,-23.5797,-46.7015,2022-11-13 10:28:23,0,724.54,butantã,0.0,0.0,4.19471979141235,0.0
21.4,86,1012,,0.28,1,chuva leve,18.96,-23.5797,-46.7015,2022-11-13 21:51:25,0,724.54,butantã,0.0,0.28,4.19471979141235,0.28
25.54,47,1009,,0.0,0,nuvens dispersas,13.41,-23.5797,-46.7015,2022-11-14 17:33:31,0,724.54,butantã,0.0,0.0,4.19471979141235,0.0
21.73,75,1013,,0.0,0,céu limpo,17.11,-23.5797,-46.7015,2022-11-14 23:16:28,0,724.54,butantã,0.0,0.0,4.19471979141235,0.0
23.39,54,1014,,0.0,4,céu limpo,13.56,-23.5797,-46.7015,2022-11-15 16:53:42,0,724.54,butantã,0.0,0.15,4.19471979141235,0.0375
21.25,78,1013,,0.0,0,céu limpo,17.26,-23.5797,-46.7015,2022-11-15 01:24:26,0,724.54,butantã,0.0,0.0,4.19471979141235,0.0
23.89,71,1016,,0.0,0,nublado,18.31,-23.5797,-46.7015,2022-11-16 15:18:20,0,724.54,butantã,0.0,0.0,4.19471979141235,0.0
18.15,67,1020,,0.0,0,céu limpo,11.93,-23.5797,-46.7015,2022-11-16 21:21:41,0,724.54,butantã,0.0,0.0,4.19471979141235,0.0
23.09,56,1017,,0.0,0,nuvens dispersas,13.84,-23.5797,-46.7015,2022-11-17 14:30:47,0,724.54,butantã,0.0,0.0,4.19471979141235,0.0
17.66,74,1019,,0.0,0,nuvens dispersas,12.97,-23.5797,-46.7015,2022-11-17 21:26:58,0,724.54,butantã,0.0,0.0,4.19471979141235,0.0
17.22,86,1020,,0.14,4,chuva leve,14.86,-23.5763,-46.7304,2022-11-01 13:29:06,0,740.34,butantã,0.0,0.82,5.28619813919067,0.205
14.23,88,1022,,0.29,4,chuva leve,12.27,-23.5763,-46.7304,2022-11-01 18:26:52,0,740.34,butantã,0.0,0.94,5.28619813919067,0.235
14.16,89,1025,,0.27,4,garoa de leve intensidade,12.38,-23.5763,-46.7304,2022-11-02 09:59:05,0,740.34,butantã,0.0,1.42,5.28619813919067,0.355
13.06,91,1025,,0.31,4,névoa,11.63,-23.5763,-46.7304,2022-11-02 17:30:18,0,740.34,butantã,0.0,1.43,5.28619813919067,0.3575
16.94,70,1023,,0.2,2,chuva leve,11.44,-23.5763,-46.7304,2022-11-03 14:21:26,0,740.34,butantã,0.0,0.42,5.28619813919067,0.21
15.35,67,1023,,0.0,0,nuvens dispersas,9.26,-23.5763,-46.7304,2022-11-03 17:37:00,0,740.34,butantã,0.0,0.0,5.28619813919067,0.0
11.14,88,1021,,0.0,0,céu limpo,9.23,-23.5763,-46.7304,2022-11-04 03:36:20,0,740.34,butantã,0.0,0.0,5.28619813919067,0.0
16.56,60,1022,,0.0,0,algumas nuvens,8.77,-23.5763,-46.7304,2022-11-04 09:05:27,0,740.34,butantã,0.0,0.0,5.28619813919067,0.0
13.75,81,1022,,0.0,0,nuvens dispersas,10.55,-23.5763,-46.7304,2022-11-05 06:46:08,0,740.34,butantã,0.0,0.0,5.28619813919067,0.0
14.77,78,1022,,0.0,0,nuvens dispersas,10.98,-23.5763,-46.7304,2022-11-05 07:01:52,0,740.34,butantã,0.0,0.0,5.28619813919067,0.0
13.15,86,1020,,0.0,0,nuvens dispersas,10.86,-23.5763,-46.7304,2022-11-06 04:31:33,0,740.34,butantã,0.0,0.0,5.28619813919067,0.0
13.15,85,1020,,0.0,0,nublado,10.69,-23.5763,-46.7304,2022-11-06 03:49:48,0,740.34,butantã,0.0,0.0,5.28619813919067,0.0
13.66,86,1021,,0.0,0,algumas nuvens,11.36,-23.5763,-46.7304,2022-11-07 23:22:31,0,740.34,butantã,0.0,0.0,5.28619813919067,0.0
14.69,90,1020,,0.0,0,nublado,13.07,-23.5763,-46.7304,2022-11-07 06:00:19,0,740.34,butantã,0.0,0.0,5.28619813919067,0.0
16.46,76,1019,,0.0,0,céu limpo,12.22,-23.5763,-46.7304,2022-11-08 20:55:48,0,740.34,butantã,0.0,0.0,5.28619813919067,0.0
16.37,76,1020,,0.0,0,algumas nuvens,12.13,-23.5763,-46.7304,2022-11-08 07:41:21,0,740.34,butantã,0.0,0.0,5.28619813919067,0.0
26.46,43,1015,,0.11,1,chuva leve,12.88,-23.5763,-46.7304,2022-11-09 12:05:04,0,740.34,butantã,0.0,0.11,5.28619813919067,0.11
20.87,63,1012,,0.0,0,céu limpo,13.57,-23.5763,-46.7304,2022-11-09 17:23:32,0,740.34,butantã,0.0,0.0,5.28619813919067,0.0
26.94,57,1013,,0.0,4,algumas nuvens,17.7,-23.5763,-46.7304,2022-11-10 13:42:45,0,740.34,butantã,0.0,0.42,5.28619813919067,0.105
15.93,88,1016,,0.0,0,nublado,13.95,-23.5763,-46.7304,2022-11-10 02:52:01,0,740.34,butantã,0.0,0.0,5.28619813919067,0.0
18.15,91,1016,,0.76,4,chuva leve,16.66,-23.5763,-46.7304,2022-11-11 20:36:18,0,740.34,butantã,0.0,17.31,5.28619813919067,4.3275
18.16,90,1016,,0.0,4,nublado,16.49,-23.5763,-46.7304,2022-11-11 23:20:01,0,740.34,butantã,0.0,2.16,5.28619813919067,0.54
17.61,88,1013,,0.0,0,céu limpo,15.6,-23.5763,-46.7304,2022-11-12 04:28:04,0,740.34,butantã,0.0,0.0,5.28619813919067,0.0
18.69,88,1015,,0.0,4,nublado,16.66,-23.5763,-46.7304,2022-11-12 00:04:31,0,740.34,butantã,0.0,1.9,5.28619813919067,0.475
21.44,85,1013,,0.16,3,chuva leve,18.81,-23.5763,-46.7304,2022-11-13 23:58:16,0,740.34,butantã,0.0,1.29,5.28619813919067,0.43
21.38,85,1012,,0.28,1,chuva leve,18.76,-23.5763,-46.7304,2022-11-13 22:18:04,0,740.34,butantã,0.0,0.28,5.28619813919067,0.28
29.06,45,1009,,0.0,0,algumas nuvens,15.93,-23.5763,-46.7304,2022-11-14 14:42:11,0,740.34,butantã,0.0,0.0,5.28619813919067,0.0
22.77,78,1012,,0.0,0,céu limpo,18.74,-23.5763,-46.7304,2022-11-14 21:22:56,0,740.34,butantã,0.0,0.0,5.28619813919067,0.0
19.96,83,1014,,0.0,0,céu limpo,16.99,-23.5763,-46.7304,2022-11-15 06:12:38,0,740.34,butantã,0.0,0.0,5.28619813919067,0.0
20.96,79,1012,,0.0,0,céu limpo,17.18,-23.5763,-46.7304,2022-11-15 03:08:14,0,740.34,butantã,0.0,0.0,5.28619813919067,0.0
17.55,64,1020,,0.0,0,céu limpo,10.67,-23.5763,-46.7304,2022-11-16 23:30:41,0,740.34,butantã,0.0,0.0,5.28619813919067,0.0
23.04,60,1016,,0.0,0,nublado,14.86,-23.5763,-46.7304,2022-11-16 15:46:01,0,740.34,butantã,0.0,0.0,5.28619813919067,0.0
24.69,39,1018,,0.0,0,céu limpo,9.82,-23.5763,-46.7304,2022-11-17 12:08:34,0,740.34,butantã,0.0,0.0,5.28619813919067,0.0
15.9,66,1018,,0.0,0,céu limpo,9.56,-23.5763,-46.7304,2022-11-17 04:27:44,0,740.34,butantã,0.0,0.0,5.28619813919067,0.0
16.62,90,1018,,0.61,4,chuva leve,14.97,-23.5725,-46.7047,2022-11-01 06:12:01,0,723.74,butantã,0.0,1.81,3.6195912361145,0.4525
18.23,87,1021,,0.25,4,névoa,16.03,-23.5725,-46.7047,2022-11-01 11:08:07,0,723.74,butantã,0.0,1.67,3.6195912361145,0.4175
12.72,88,1026,,0.27,4,garoa de leve intensidade,10.79,-23.5725,-46.7047,2022-11-02 19:53:31,0,723.74,butantã,0.0,1.0,3.6195912361145,0.25
14.92,86,1025,,0.47,4,garoa de leve intensidade,12.6,-23.5725,-46.7047,2022-11-02 11:58:24,0,723.74,butantã,0.0,1.36,3.6195912361145,0.34
12.81,93,1024,,0.0,4,garoa de leve intensidade,11.71,-23.5725,-46.7047,2022-11-03 06:59:58,0,723.74,butantã,0.0,3.17,3.6195912361145,0.7925
13.41,89,1024,,0.0,3,nublado,11.64,-23.5725,-46.7047,2022-11-03 10:49:17,0,723.74,butantã,0.0,0.11,3.6195912361145,0.03666666666666667
16.1,71,1020,,0.0,0,nublado,10.85,-23.5725,-46.7047,2022-11-04 17:25:09,0,723.74,butantã,0.0,0.0,3.6195912361145,0.0
17.12,68,1020,,0.0,0,nublado,11.17,-23.5725,-46.7047,2022-11-04 16:56:08,0,723.74,butantã,0.0,0.0,3.6195912361145,0.0
12.8,85,1021,,0.0,0,nublado,10.34,-23.5725,-46.7047,2022-11-05 06:02:39,0,723.74,butantã,0.0,0.0,3.6195912361145,0.0
14.93,87,1022,,0.0,0,nublado,12.79,-23.5725,-46.7047,2022-11-05 23:20:18,0,723.74,butantã,0.0,0.0,3.6195912361145,0.0
13.99,88,1020,,0.0,0,nuvens dispersas,12.04,-23.5725,-46.7047,2022-11-06 01:40:52,0,723.74,butantã,0.0,0.0,3.6195912361145,0.0
18.21,68,1019,,0.0,0,nuvens dispersas,12.21,-23.5725,-46.7047,2022-11-06 17:14:14,0,723.74,butantã,0.0,0.0,3.6195912361145,0.0
14.93,82,1021,,0.0,0,nublado,11.89,-23.5725,-46.7047,2022-11-07 08:30:00,0,723.74,butantã,0.0,0.0,3.6195912361145,0.0
19.32,67,1017,,0.0,0,nuvens dispersas,13.04,-23.5725,-46.7047,2022-11-07 15:58:32,0,723.74,butantã,0.0,0.0,3.6195912361145,0.0
24.23,45,1015,,0.0,0,nuvens dispersas,11.56,-23.5725,-46.7047,2022-11-08 13:53:03,0,723.74,butantã,0.0,0.0,3.6195912361145,0.0
13.27,87,1020,,0.0,0,nublado,11.15,-23.5725,-46.7047,2022-11-08 00:47:13,0,723.74,butantã,0.0,0.0,3.6195912361145,0.0
25.37,58,1012,,0.0,4,nuvens dispersas,16.51,-23.5725,-46.7047,2022-11-09 15:29:24,0,723.74,butantã,0.0,0.11,3.6195912361145,0.0275
14.41,90,1017,,0.0,0,nublado,12.79,-23.5725,-46.7047,2022-11-09 04:21:57,0,723.74,butantã,0.0,0.0,3.6195912361145,0.0
20.75,77,1017,,0.0,0,nublado,16.57,-23.5725,-46.7047,2022-11-10 09:35:32,0,723.74,butantã,0.0,0.0,3.6195912361145,0.0
20.44,77,1015,,0.0,0,nublado,16.27,-23.5725,-46.7047,2022-11-10 17:41:35,0,723.74,butantã,0.0,0.0,3.6195912361145,0.0
25.5,62,1015,,0.0,0,céu limpo,17.69,-23.5725,-46.7047,2022-11-11 10:28:02,0,723.74,butantã,0.0,0.0,3.6195912361145,0.0
19.93,90,1013,,5.59,1,trovoada com chuva,18.24,-23.5725,-46.7047,2022-11-11 15:30:37,0,723.74,butantã,0.0,5.59,3.6195912361145,5.59
23.82,70,1014,,0.14,1,chuva leve,18.02,-23.5725,-46.7047,2022-11-12 10:38:33,0,723.74,butantã,0.0,0.14,3.6195912361145,0.14
23.81,71,1012,,0.0,4,nuvens dispersas,18.24,-23.5725,-46.7047,2022-11-12 15:34:33,0,723.74,butantã,0.0,0.31,3.6195912361145,0.0775
31.03,39,1010,,0.0,0,algumas nuvens,15.46,-23.5725,-46.7047,2022-11-13 13:54:33,0,723.74,butantã,0.0,0.0,3.6195912361145,0.0
19.41,84,1014,,0.0,0,nublado,16.64,-23.5725,-46.7047,2022-11-13 01:26:52,0,723.74,butantã,0.0,0.0,3.6195912361145,0.0
22.65,77,1013,,0.0,0,nublado,18.41,-23.5725,-46.7047,2022-11-14 21:33:34,0,723.74,butantã,0.0,0.0,3.6195912361145,0.0
26.01,87,1012,,0.0,0,chuva leve,23.68,-23.5725,-46.7047,2022-11-14 10:15:35,0,723.74,butantã,0.0,0.0,3.6195912361145,0.0
21.17,80,1013,,0.0,0,céu limpo,17.59,-23.5725,-46.7047,2022-11-15 00:50:03,0,723.74,butantã,0.0,0.0,3.6195912361145,0.0
24.43,61,1014,,0.11,1,chuva leve,16.43,-23.5725,-46.7047,2022-11-15 13:22:50,0,723.74,butantã,0.0,0.11,3.6195912361145,0.11
17.74,64,1016,,0.0,0,nuvens dispersas,10.85,-23.5725,-46.7047,2022-11-16 04:40:03,0,723.74,butantã,0.0,0.0,3.6195912361145,0.0
17.65,66,1020,,0.0,0,céu limpo,11.23,-23.5725,-46.7047,2022-11-16 23:21:33,0,723.74,butantã,0.0,0.0,3.6195912361145,0.0
17.71,64,1020,,0.0,0,céu limpo,10.82,-23.5725,-46.7047,2022-11-17 00:28:30,0,723.74,butantã,0.0,0.0,3.6195912361145,0.0
16.06,66,1018,,0.0,0,céu limpo,9.72,-23.5725,-46.7047,2022-11-17 04:43:37,0,723.74,butantã,0.0,0.0,3.6195912361145,0.0
20.84,100,1010,,0.0,4,nublado,20.84,-23.506863,-46.486465,2025-02-02 02:01:40,0,779.37,ermelinomatarazzo,0.0,0.16,3.02248573303223,0.04
20.86,100,1013,,0.68,4,chuva leve,20.86,-23.506863,-46.486465,2025-02-02 22:26:17,0,779.37,ermelinomatarazzo,0.0,2.78,3.02248573303223,0.695
27.86,61,1013,,0.23,4,chuva leve,19.65,-23.506863,-46.486465,2025-02-03 14:20:06,0,779.37,ermelinomatarazzo,0.0,1.05,3.02248573303223,0.2625
21.02,94,1012,,0.17,4,chuva leve,20.02,-23.506863,-46.486465,2025-02-03 00:42:16,0,779.37,ermelinomatarazzo,0.0,1.89,3.02248573303223,0.4725
20.99,83,1014,,0.0,0,nublado,17.99,-23.506863,-46.486465,2025-02-04 01:48:57,0,779.37,ermelinomatarazzo,0.0,0.0,3.02248573303223,0.0
20.62,88,1014,,0.0,0,céu limpo,18.56,-23.506863,-46.486465,2025-02-04 03:59:07,0,779.37,ermelinomatarazzo,0.0,0.0,3.02248573303223,0.0
28.86,58,1014,,0.0,0,nublado,19.77,-23.506863,-46.486465,2025-02-05 13:11:24,0,779.37,ermelinomatarazzo,0.0,0.0,3.02248573303223,0.0
20.55,94,1014,,0.0,0,céu limpo,19.55,-23.506863,-46.486465,2025-02-05 02:40:09,0,779.37,ermelinomatarazzo,0.0,0.0,3.02248573303223,0.0
20.98,94,1015,,0.0,0,céu limpo,19.98,-23.506863,-46.486465,2025-02-06 01:39:45,0,779.37,ermelinomatarazzo,0.0,0.0,3.02248573303223,0.0
27.86,51,1014,,0.0,0,nuvens dispersas,16.8,-23.506863,-46.486465,2025-02-06 17:31:50,0,779.37,ermelinomatarazzo,0.0,0.0,3.02248573303223,0.0
20.72,88,1015,,0.0,0,céu limpo,18.66,-23.506863,-46.486465,2025-02-07 01:16:36,0,779.37,ermelinomatarazzo,0.0,0.0,3.02248573303223,0.0
20.08,94,1014,,0.0,0,céu limpo,19.08,-23.506863,-46.486465,2025-02-07 03:47:58,0,779.37,ermelinomatarazzo,0.0,0.0,3.02248573303223,0.0
23.86,78,1018,,0.0,0,nuvens dispersas,19.79,-23.506863,-46.486465,2025-02-08 08:20:44,0,779.37,ermelinomatarazzo,0.0,0.0,3.02248573303223,0.0
25.86,69,1016,,0.2,3,chuva leve,19.74,-23.506863,-46.486465,2025-02-08 18:03:36,0,779.37,ermelinomatarazzo,0.0,2.1,3.02248573303223,0.7000000000000001
21.0,83,1018,,0.0,0,nublado,18.0,-23.506863,-46.486465,2025-02-09 01:15:32,0,779.37,ermelinomatarazzo,0.0,0.0,3.02248573303223,0.0
21.0,83,1018,,0.0,0,nublado,18.0,-23.506863,-46.486465,2025-02-09 01:19:17,0,779.37,ermelinomatarazzo,0.0,0.0,3.02248573303223,0.0
20.86,88,1017,,0.0,0,nuvens dispersas,18.8,-23.506863,-46.486465,2025-02-10 06:55:17,0,779.37,ermelinomatarazzo,0.0,0.0,3.02248573303223,0.0
19.34,88,1016,,0.0,0,algumas nuvens,17.3,-23.506863,-46.486465,2025-02-10 04:04:07,0,779.37,ermelinomatarazzo,0.0,0.0,3.02248573303223,0.0
26.86,54,1016,,0.0,0,céu limpo,16.78,-23.506863,-46.486465,2025-02-11 10:01:16,0,779.37,ermelinomatarazzo,0.0,0.0,3.02248573303223,0.0
28.86,50,1015,,0.0,0,algumas nuvens,17.4,-23.506863,-46.486465,2025-02-11 11:02:20,0,779.37,ermelinomatarazzo,0.0,0.0,3.02248573303223,0.0
30.86,40,1011,,0.0,0,algumas nuvens,15.7,-23.506863,-46.486465,2025-02-12 17:03:27,0,779.37,ermelinomatarazzo,0.0,0.0,3.02248573303223,0.0
29.86,42,1012,,0.0,0,algumas nuvens,15.57,-23.506863,-46.486465,2025-02-12 18:01:37,0,779.37,ermelinomatarazzo,0.0,0.0,3.02248573303223,0.0
30.86,48,1015,,0.11,1,chuva leve,18.58,-23.506863,-46.486465,2025-02-13 13:25:34,0,779.37,ermelinomatarazzo,0.0,0.11,3.02248573303223,0.11
20.86,94,1016,,0.84,1,chuva leve,19.86,-23.506863,-46.486465,2025-02-13 22:54:17,0,779.37,ermelinomatarazzo,0.0,0.84,3.02248573303223,0.84
21.86,94,1013,,4.33,4,chuva forte,20.85,-23.506863,-46.486465,2025-02-14 17:02:08,0,779.37,ermelinomatarazzo,0.0,13.22,3.02248573303223,3.305
20.86,88,1015,,0.0,4,algumas nuvens,18.8,-23.506863,-46.486465,2025-02-14 06:13:06,0,779.37,ermelinomatarazzo,0.0,0.31,3.02248573303223,0.0775
26.86,74,1011,,0.12,3,trovoadas,21.83,-23.506863,-46.486465,2025-02-15 17:56:34,0,779.37,ermelinomatarazzo,0.0,0.23,3.02248573303223,0.07666666666666667
21.86,83,1016,,0.0,0,névoa,18.84,-23.506863,-46.486465,2025-02-15 09:26:39,0,779.37,ermelinomatarazzo,0.0,0.0,3.02248573303223,0.0
24.68,73,1013,,0.0,0,céu limpo,19.52,-23.506863,-46.486465,2025-02-16 22:20:05,0,779.37,ermelinomatarazzo,0.0,0.0,3.02248573303223,0.0
21.96,88,1014,,0.0,0,céu limpo,19.88,-23.506863,-46.486465,2025-02-16 01:54:56,0,779.37,ermelinomatarazzo,0.0,0.0,3.02248573303223,0.0
25.86,61,1016,,0.0,0,céu limpo,17.77,-23.506863,-46.486465,2025-02-17 08:05:26,0,779.37,ermelinomatarazzo,0.0,0.0,3.02248573303223,0.0
21.86,83,1015,,0.0,0,céu limpo,18.84,-23.506863,-46.486465,2025-02-17 06:35:17,0,779.37,ermelinomatarazzo,0.0,0.0,3.02248573303223,0.0
26.66,91,1012,,1.5,2,trovoada com chuva,25.07,-23.506863,-46.486465,2025-02-18 14:45:13,0,779.37,ermelinomatarazzo,0.0,1.89,3.02248573303223,0.945
21.86,94,1012,,0.25,4,chuva leve,20.85,-23.506863,-46.486465,2025-02-18 16:36:28,0,779.37,ermelinomatarazzo,0.0,2.14,3.02248573303223,0.535
26.86,65,1013,,0.11,4,trovoadas,19.73,-23.506863,-46.486465,2025-02-19 16:30:11,0,779.37,ermelinomatarazzo,0.0,2.24,3.02248573303223,0.56
22.86,88,1015,,0.0,0,céu limpo,20.77,-23.506863,-46.486465,2025-02-19 22:43:50,0,779.37,ermelinomatarazzo,0.0,0.0,3.02248573303223,0.0
22.87,88,1015,,0.0,0,nublado,20.78,-23.506863,-46.486465,2025-02-20 03:04:12,0,779.37,ermelinomatarazzo,0.0,0.0,3.02248573303223,0.0
22.46,88,1015,,0.0,0,nublado,20.37,-23.506863,-46.486465,2025-02-20 03:32:30,0,779.37,ermelinomatarazzo,0.0,0.0,3.02248573303223,0.0
22.86,88,1019,,0.0,0,névoa,20.77,-23.506863,-46.486465,2025-02-21 07:10:30,0,779.37,ermelinomatarazzo,0.0,0.0,3.02248573303223,0.0
22.43,83,1019,,0.0,0,nublado,19.4,-23.506863,-46.486465,2025-02-21 23:58:36,0,779.37,ermelinomatarazzo,0.0,0.0,3.02248573303223,0.0
25.86,69,1019,,0.0,0,nublado,19.74,-23.506863,-46.486465,2025-02-22 10:20:49,0,779.37,ermelinomatarazzo,0.0,0.0,3.02248573303223,0.0
28.86,54,1018,,0.14,1,chuva leve,18.63,-23.506863,-46.486465,2025-02-22 12:58:12,0,779.37,ermelinomatarazzo,0.0,0.14,3.02248573303223,0.14
23.86,78,1019,,0.0,0,nublado,19.79,-23.506863,-46.486465,2025-02-23 09:00:10,0,779.37,ermelinomatarazzo,0.0,0.0,3.02248573303223,0.0
20.86,88,1017,,0.0,0,nublado,18.8,-23.506863,-46.486465,2025-02-23 05:48:17,0,779.37,ermelinomatarazzo,0.0,0.0,3.02248573303223,0.0
22.86,83,1019,,0.0,0,céu limpo,19.82,-23.506863,-46.486465,2025-02-24 22:41:16,0,779.37,ermelinomatarazzo,0.0,0.0,3.02248573303223,0.0
21.87,83,1017,,0.0,0,nublado,18.85,-23.506863,-46.486465,2025-02-24 01:22:12,0,779.37,ermelinomatarazzo,0.0,0.0,3.02248573303223,0.0
24.86,78,1019,,0.0,0,algumas nuvens,20.76,-23.506863,-46.486465,2025-02-25 22:13:34,0,779.37,ermelinomatarazzo,0.0,0.0,3.02248573303223,0.0
22.68,68,1016,,0.0,0,trovoadas,16.48,-23.506863,-46.486465,2025-02-25 19:11:48,0,779.37,ermelinomatarazzo,0.0,0.0,3.02248573303223,0.0
21.44,88,1018,,0.0,0,céu limpo,19.37,-23.506863,-46.486465,2025-02-26 04:07:25,0,779.37,ermelinomatarazzo,0.0,0.0,3.02248573303223,0.0
22.86,88,1020,,0.0,0,nuvens dispersas,20.77,-23.506863,-46.486465,2025-02-26 07:51:12,0,779.37,ermelinomatarazzo,0.0,0.0,3.02248573303223,0.0
21.86,88,1015,,0.0,0,céu limpo,19.78,-23.506863,-46.486465,2025-02-27 19:07:32,0,779.37,ermelinomatarazzo,0.0,0.0,3.02248573303223,0.0
31.86,37,1015,,0.0,0,céu limpo,15.37,-23.506863,-46.486465,2025-02-27 12:31:29,0,779.37,ermelinomatarazzo,0.0,0.0,3.02248573303223,0.0
25.05,69,1018,,0.0,0,céu limpo,18.97,-23.506863,-46.486465,2025-02-28 08:36:26,0,779.37,ermelinomatarazzo,0.0,0.0,3.02248573303223,0.0
23.86,83,1017,,0.0,0,céu limpo,20.8,-23.506863,-46.486465,2025-02-28 20:38:06,0,779.37,ermelinomatarazzo,0.0,0.0,3.02248573303223,0.0
17.98,93,1016,,0.0,0,nublado,16.83,-23.507709,-46.690589,2023-11-01 20:57:23,0,720.55,freguesiadoó,0.0,0.0,4.27048397064209,0.0
21.4,90,1012,,0.38,3,chuva leve,19.69,-23.507709,-46.690589,2023-11-01 02:20:23,0,720.55,freguesiadoó,0.0,0.86,4.27048397064209,0.2866666666666667
18.1,89,1015,,0.0,0,nublado,16.26,-23.507709,-46.690589,2023-11-02 04:32:57,0,720.55,freguesiadoó,0.0,0.0,4.27048397064209,0.0
18.0,93,1016,,0.0,0,nublado,16.85,-23.507709,-46.690589,2023-11-02 08:26:45,0,720.55,freguesiadoó,0.0,0.0,4.27048397064209,0.0
20.92,99,1009,,0.0,0,céu limpo,20.76,-23.507709,-46.690589,2023-11-03 22:20:47,0,720.55,freguesiadoó,0.0,0.0,4.27048397064209,0.0
19.74,90,1010,,0.0,0,nublado,18.05,-23.507709,-46.690589,2023-11-03 02:55:05,0,720.55,freguesiadoó,0.0,0.0,4.27048397064209,0.0
26.23,45,1010,,0.0,0,céu limpo,13.37,-23.507709,-46.690589,2023-11-04 13:44:54,0,720.55,freguesiadoó,0.0,0.0,4.27048397064209,0.0
20.01,82,1012,,0.0,0,nublado,16.85,-23.507709,-46.690589,2023-11-04 08:02:48,0,720.55,freguesiadoó,0.0,0.0,4.27048397064209,0.0
16.96,72,1015,,0.0,0,nublado,11.88,-23.507709,-46.690589,2023-11-05 04:31:29,0,720.55,freguesiadoó,0.0,0.0,4.27048397064209,0.0
17.0,64,1017,,0.0,0,céu limpo,10.15,-23.507709,-46.690589,2023-11-05 07:08:43,0,720.55,freguesiadoó,0.0,0.0,4.27048397064209,0.0
19.7,61,1021,,0.0,0,nublado,11.98,-23.507709,-46.690589,2023-11-06 08:41:18,0,720.55,freguesiadoó,0.0,0.0,4.27048397064209,0.0
23.93,52,1019,,0.0,0,céu limpo,13.48,-23.507709,-46.690589,2023-11-06 13:29:25,0,720.55,freguesiadoó,0.0,0.0,4.27048397064209,0.0
16.96,81,1020,,0.0,0,nublado,13.68,-23.507709,-46.690589,2023-11-07 05:24:36,0,720.55,freguesiadoó,0.0,0.0,4.27048397064209,0.0
16.16,86,1021,,0.0,0,nublado,13.82,-23.507709,-46.690589,2023-11-07 05:59:14,0,720.55,freguesiadoó,0.0,0.0,4.27048397064209,0.0
26.15,57,1017,,0.0,0,céu limpo,16.97,-23.507709,-46.690589,2023-11-08 11:20:04,0,720.55,freguesiadoó,0.0,0.0,4.27048397064209,0.0
26.12,57,1017,,0.0,0,céu limpo,16.94,-23.507709,-46.690589,2023-11-08 10:57:36,0,720.55,freguesiadoó,0.0,0.0,4.27048397064209,0.0
23.94,63,1014,,0.0,0,céu limpo,16.47,-23.507709,-46.690589,2023-11-09 07:14:21,0,720.55,freguesiadoó,0.0,0.0,4.27048397064209,0.0
30.05,51,1012,,0.0,0,nuvens dispersas,18.81,-23.507709,-46.690589,2023-11-09 15:44:45,0,720.55,freguesiadoó,0.0,0.0,4.27048397064209,0.0
28.53,63,1017,,0.0,0,céu limpo,20.8,-23.507709,-46.690589,2023-11-10 10:01:37,0,720.55,freguesiadoó,0.0,0.0,4.27048397064209,0.0
21.09,95,1016,,0.0,0,nublado,20.26,-23.507709,-46.690589,2023-11-10 21:20:57,0,720.55,freguesiadoó,0.0,0.0,4.27048397064209,0.0
32.04,38,1011,,0.0,0,céu limpo,15.95,-23.507709,-46.690589,2023-11-11 12:23:58,0,720.55,freguesiadoó,0.0,0.0,4.27048397064209,0.0
32.6,35,1009,,0.0,0,céu limpo,15.16,-23.507709,-46.690589,2023-11-11 17:45:24,0,720.55,freguesiadoó,0.0,0.0,4.27048397064209,0.0
33.97,33,1010,,0.0,0,céu limpo,15.44,-23.507709,-46.690589,2023-11-12 11:44:54,0,720.55,freguesiadoó,0.0,0.0,4.27048397064209,0.0
30.86,45,1011,,0.0,0,céu limpo,17.55,-23.507709,-46.690589,2023-11-12 21:17:12,0,720.55,freguesiadoó,0.0,0.0,4.27048397064209,0.0
31.9,46,1012,,0.0,0,céu limpo,18.84,-23.507709,-46.690589,2023-11-13 19:55:32,0,720.55,freguesiadoó,0.0,0.0,4.27048397064209,0.0
35.06,31,1009,,0.0,0,céu limpo,15.4,-23.507709,-46.690589,2023-11-13 12:56:41,0,720.55,freguesiadoó,0.0,0.0,4.27048397064209,0.0
23.0,94,1009,,0.1,2,chuva leve,21.98,-23.507709,-46.690589,2023-11-14 16:48:26,0,720.55,freguesiadoó,0.0,0.26,4.27048397064209,0.13
35.06,36,1009,,0.0,0,céu limpo,17.76,-23.507709,-46.690589,2023-11-14 11:42:40,0,720.55,freguesiadoó,0.0,0.0,4.27048397064209,0.0
22.27,95,1014,,0.0,0,chuva leve,21.43,-23.507709,-46.690589,2023-11-15 22:39:28,0,720.55,freguesiadoó,0.0,0.0,4.27048397064209,0.0
31.93,62,1011,,0.0,0,céu limpo,23.74,-23.507709,-46.690589,2023-11-15 11:09:39,0,720.55,freguesiadoó,0.0,0.0,4.27048397064209,0.0
21.97,89,1010,,0.0,0,nublado,20.07,-23.507709,-46.690589,2023-11-16 05:05:33,0,720.55,freguesiadoó,0.0,0.0,4.27048397064209,0.0
31.55,47,1009,,0.0,0,céu limpo,18.87,-23.507709,-46.690589,2023-11-16 11:27:11,0,720.55,freguesiadoó,0.0,0.0,4.27048397064209,0.0
34.45,37,1006,,0.0,2,céu limpo,17.65,-23.507709,-46.690589,2023-11-17 17:16:37,0,720.55,freguesiadoó,0.0,0.15,4.27048397064209,0.075
28.29,64,1009,,0.0,0,céu limpo,20.83,-23.507709,-46.690589,2023-11-17 08:00:30,0,720.55,freguesiadoó,0.0,0.0,4.27048397064209,0.0
33.72,44,1006,,0.0,0,céu limpo,19.77,-23.507709,-46.690589,2023-11-18 17:25:28,0,720.55,freguesiadoó,0.0,0.0,4.27048397064209,0.0
24.3,96,1011,,0.0,0,nublado,23.62,-23.507709,-46.690589,2023-11-18 23:31:34,0,720.55,freguesiadoó,0.0,0.0,4.27048397064209,0.0
22.0,88,1015,,0.52,4,chuva leve,19.92,-23.507709,-46.690589,2023-11-19 11:46:48,0,720.55,freguesiadoó,0.0,1.67,4.27048397064209,0.4175
19.77,96,1017,,0.77,3,chuva leve,19.11,-23.507709,-46.690589,2023-11-19 21:07:39,0,720.55,freguesiadoó,0.0,2.96,4.27048397064209,0.9866666666666667
21.57,88,1015,,0.0,0,nublado,19.5,-23.507709,-46.690589,2023-11-20 17:47:14,0,720.55,freguesiadoó,0.0,0.0,4.27048397064209,0.0
22.03,99,1017,,0.12,1,chuva leve,21.87,-23.507709,-46.690589,2023-11-20 09:28:37,0,720.55,freguesiadoó,0.0,0.12,4.27048397064209,0.12
30.05,53,1011,,0.0,4,nublado,19.43,-23.507709,-46.690589,2023-11-21 13:58:10,0,720.55,freguesiadoó,0.0,0.46,4.27048397064209,0.115
23.07,94,1010,,0.0,4,névoa,22.05,-23.507709,-46.690589,2023-11-21 17:46:14,0,720.55,freguesiadoó,0.0,0.95,4.27048397064209,0.2375
30.75,60,1007,,0.0,4,trovoadas,22.09,-23.507709,-46.690589,2023-11-22 16:15:05,0,720.55,freguesiadoó,0.0,0.43,4.27048397064209,0.1075
28.63,64,1010,,0.0,4,nublado,21.15,-23.507709,-46.690589,2023-11-22 19:47:15,0,720.55,freguesiadoó,0.0,2.26,4.27048397064209,0.565
21.22,87,1017,,0.0,0,céu limpo,18.97,-23.545736,-46.733657,2024-11-01 20:40:07,0,720.39,lapa,0.0,0.0,1.91265225410461,0.0
21.51,91,1015,,0.0,4,algumas nuvens,19.98,-23.545736,-46.733657,2024-11-01 18:34:15,0,720.39,lapa,0.0,1.14,1.91265225410461,0.285
20.8,98,1016,,0.34,4,chuva leve,20.47,-23.545736,-46.733657,2024-11-02 22:55:11,0,720.39,lapa,0.0,1.36,1.91265225410461,0.34
21.83,82,1016,,0.0,0,céu limpo,18.62,-23.545736,-46.733657,2024-11-02 06:50:21,0,720.39,lapa,0.0,0.0,1.91265225410461,0.0
19.25,93,1015,,1.02,4,chuva moderada,18.09,-23.545736,-46.733657,2024-11-03 21:48:31,0,720.39,lapa,0.0,3.54,1.91265225410461,0.885
20.28,96,1016,,0.88,4,garoa de leve intensidade,19.62,-23.545736,-46.733657,2024-11-03 07:49:44,0,720.39,lapa,0.0,3.82,1.91265225410461,0.955
20.22,95,1015,,1.78,4,chuva moderada,19.39,-23.545736,-46.733657,2024-11-04 07:23:00,0,720.39,lapa,0.0,5.19,1.91265225410461,1.2975
20.81,91,1015,,0.51,4,garoa de leve intensidade,19.29,-23.545736,-46.733657,2024-11-04 18:30:12,0,720.39,lapa,0.0,8.3,1.91265225410461,2.075
23.13,91,1016,,0.0,4,nublado,21.58,-23.545736,-46.733657,2024-11-05 21:23:53,0,720.39,lapa,0.0,0.21,1.91265225410461,0.0525
19.75,95,1015,,0.0,0,nublado,18.93,-23.545736,-46.733657,2024-11-05 05:22:28,0,720.39,lapa,0.0,0.0,1.91265225410461,0.0
22.16,97,1012,,1.02,3,névoa,21.66,-23.545736,-46.733657,2024-11-06 18:13:18,0,720.39,lapa,0.0,12.7,1.91265225410461,4.233333333333333
26.17,84,1012,,0.0,3,névoa,23.25,-23.545736,-46.733657,2024-11-06 15:19:43,0,720.39,lapa,0.0,4.08,1.91265225410461,1.36
21.43,98,1011,,1.78,4,chuva moderada,21.1,-23.545736,-46.733657,2024-11-07 04:03:05,0,720.39,lapa,0.0,3.02,1.91265225410461,0.755
21.98,87,1008,,0.62,4,chuva leve,19.72,-23.545736,-46.733657,2024-11-07 20:25:46,0,720.39,lapa,0.0,1.29,1.91265225410461,0.3225
19.03,96,1010,,5.84,4,chuva forte,18.38,-23.545736,-46.733657,2024-11-08 17:15:00,0,720.39,lapa,0.0,19.3,1.91265225410461,4.825
21.9,94,1010,,0.2,4,chuva leve,20.89,-23.545736,-46.733657,2024-11-08 10:13:01,0,720.39,lapa,0.0,1.6,1.91265225410461,0.4
16.83,89,1017,,0.0,0,nublado,15.01,-23.545736,-46.733657,2024-11-09 23:22:12,0,720.39,lapa,0.0,0.0,1.91265225410461,0.0
18.14,93,1012,,0.0,0,nublado,16.99,-23.545736,-46.733657,2024-11-09 03:46:12,0,720.39,lapa,0.0,0.0,1.91265225410461,0.0
24.17,82,1014,,0.0,0,nuvens dispersas,20.9,-23.545736,-46.733657,2024-11-10 15:06:48,0,720.39,lapa,0.0,0.0,1.91265225410461,0.0
17.98,80,1015,,0.0,0,nublado,14.48,-23.545736,-46.733657,2024-11-10 20:01:54,0,720.39,lapa,0.0,0.0,1.91265225410461,0.0
23.69,60,1018,,0.0,0,céu limpo,15.47,-23.533879,-46.683504,2024-11-01 10:26:16,0,771.8,lapa,0.0,0.0,6.50996494293213,0.0
20.54,84,1017,,0.0,0,nublado,17.74,-23.533879,-46.683504,2024-11-01 23:56:13,0,771.8,lapa,0.0,0.0,6.50996494293213,0.0
25.69,57,1017,,0.0,0,algumas nuvens,16.54,-23.533879,-46.683504,2024-11-02 10:24:39,0,771.8,lapa,0.0,0.0,6.50996494293213,0.0
27.72,44,1015,,0.38,1,chuva leve,14.37,-23.533879,-46.683504,2024-11-02 12:31:09,0,771.8,lapa,0.0,0.38,6.50996494293213,0.38
18.82,91,1015,,1.78,4,chuva moderada,17.32,-23.533879,-46.683504,2024-11-03 21:30:51,0,771.8,lapa,0.0,5.22,6.50996494293213,1.305
19.98,99,1014,,0.4,4,chuva leve,19.82,-23.533879,-46.683504,2024-11-03 04:12:59,0,771.8,lapa,0.0,2.52,6.50996494293213,0.63
18.88,96,1014,,1.78,4,chuva moderada,18.23,-23.533879,-46.683504,2024-11-04 00:24:02,0,771.8,lapa,0.0,9.5,6.50996494293213,2.375
19.91,90,1016,,1.78,4,chuva moderada,18.22,-23.533879,-46.683504,2024-11-04 21:18:04,0,771.8,lapa,0.0,3.79,6.50996494293213,0.9475
19.98,95,1014,,0.0,0,nublado,19.15,-23.533879,-46.683504,2024-11-05 03:37:55,0,771.8,lapa,0.0,0.0,6.50996494293213,0.0
26.14,68,1015,,0.0,0,nuvens dispersas,19.77,-23.533879,-46.683504,2024-11-05 11:09:32,0,771.8,lapa,0.0,0.0,6.50996494293213,0.0
25.02,76,1015,,0.0,0,nublado,20.49,-23.533879,-46.683504,2024-11-06 08:36:16,0,771.8,lapa,0.0,0.0,6.50996494293213,0.0
21.38,96,1012,,1.78,4,chuva moderada,20.72,-23.533879,-46.683504,2024-11-06 18:57:52,0,771.8,lapa,0.0,33.52,6.50996494293213,8.38
21.66,87,1008,,0.5,4,chuva leve,19.4,-23.533879,-46.683504,2024-11-07 22:42:17,0,771.8,lapa,0.0,2.19,6.50996494293213,0.5475
22.06,90,1013,,0.61,4,chuva leve,20.34,-23.533879,-46.683504,2024-11-07 08:42:54,0,771.8,lapa,0.0,1.73,6.50996494293213,0.4325
18.55,95,1010,,2.79,4,chuva moderada,17.73,-23.533879,-46.683504,2024-11-08 16:46:49,0,771.8,lapa,0.0,19.02,6.50996494293213,4.755
18.14,96,1012,,0.28,4,chuva leve,17.49,-23.533879,-46.683504,2024-11-08 19:58:56,0,771.8,lapa,0.0,8.6,6.50996494293213,2.15
19.69,78,1014,,0.0,2,nublado,15.75,-23.533879,-46.683504,2024-11-09 14:14:47,0,771.8,lapa,0.0,0.15,6.50996494293213,0.075
16.38,92,1018,,0.0,0,garoa de leve intensidade,15.08,-23.533879,-46.683504,2024-11-09 21:31:10,0,771.8,lapa,0.0,0.0,6.50996494293213,0.0
16.79,86,1017,,0.0,0,nublado,14.44,-23.533879,-46.683504,2024-11-10 06:59:58,0,771.8,lapa,0.0,0.0,6.50996494293213,0.0
20.72,64,1016,,0.0,0,nublado,13.67,-23.533879,-46.683504,2024-11-10 10:52:14,0,771.8,lapa,0.0,0.0,6.50996494293213,0.0
18.28,81,1016,,0.0,0,nublado,14.97,-23.532377,-46.686505,2024-11-01 02:42:24,0,760.93,lapa,0.0,0.0,3.29412221908569,0.0
20.02,76,1018,,0.0,0,algumas nuvens,15.66,-23.532377,-46.686505,2024-11-01 07:07:50,0,760.93,lapa,0.0,0.0,3.29412221908569,0.0
20.67,94,1015,,0.5,4,trovoada com chuva fraca,19.67,-23.532377,-46.686505,2024-11-02 16:29:52,0,760.93,lapa,0.0,4.91,3.29412221908569,1.2275
21.53,91,1015,,3.21,3,trovoada com chuva fraca,20.0,-23.532377,-46.686505,2024-11-02 15:23:29,0,760.93,lapa,0.0,3.77,3.29412221908569,1.2566666666666666
18.55,94,1015,,0.67,4,chuva leve,17.57,-23.532377,-46.686505,2024-11-03 22:43:38,0,760.93,lapa,0.0,3.18,3.29412221908569,0.795
19.62,90,1014,,0.94,4,garoa de leve intensidade,17.94,-23.532377,-46.686505,2024-11-03 20:27:04,0,760.93,lapa,0.0,3.94,3.29412221908569,0.985
20.29,93,1016,,0.0,4,nublado,19.12,-23.532377,-46.686505,2024-11-04 22:59:42,0,760.93,lapa,0.0,1.7,3.29412221908569,0.425
22.21,73,1015,,1.1,4,chuva moderada,17.14,-23.532377,-46.686505,2024-11-04 13:03:39,0,760.93,lapa,0.0,4.5,3.29412221908569,1.125
19.97,95,1014,,0.0,0,nublado,19.14,-23.532377,-46.686505,2024-11-05 03:20:51,0,760.93,lapa,0.0,0.0,3.29412221908569,0.0
21.36,85,1016,,0.0,0,nublado,18.74,-23.532377,-46.686505,2024-11-05 07:15:48,0,760.93,lapa,0.0,0.0,3.29412221908569,0.0
21.39,96,1013,,1.12,4,chuva moderada,20.73,-23.532377,-46.686505,2024-11-06 23:07:01,0,760.93,lapa,0.0,6.41,3.29412221908569,1.6025
21.37,96,1013,,1.12,4,chuva moderada,20.71,-23.532377,-46.686505,2024-11-06 23:15:15,0,760.93,lapa,0.0,8.69,3.29412221908569,2.1725
22.45,90,1010,,1.02,4,garoa de leve intensidade,20.73,-23.532377,-46.686505,2024-11-07 13:40:10,0,760.93,lapa,0.0,3.23,3.29412221908569,0.8075
22.72,81,1007,,0.16,4,chuva leve,19.29,-23.532377,-46.686505,2024-11-07 17:21:04,0,760.93,lapa,0.0,3.39,3.29412221908569,0.8475
18.54,95,1009,,1.02,4,chuva moderada,17.72,-23.532377,-46.686505,2024-11-08 16:28:06,0,760.93,lapa,0.0,8.95,3.29412221908569,2.2375
20.51,98,1007,,0.45,4,chuva forte,20.18,-23.532377,-46.686505,2024-11-08 02:03:57,0,760.93,lapa,0.0,11.96,3.29412221908569,2.99
16.11,93,1018,,0.0,0,nublado,14.98,-23.532377,-46.686505,2024-11-09 21:41:05,0,760.93,lapa,0.0,0.0,3.29412221908569,0.0
20.69,77,1014,,0.15,1,chuva leve,16.52,-23.532377,-46.686505,2024-11-09 12:35:26,0,760.93,lapa,0.0,0.15,3.29412221908569,0.15
16.63,87,1016,,0.0,0,nublado,14.46,-23.532377,-46.686505,2024-11-10 00:33:16,0,760.93,lapa,0.0,0.0,3.29412221908569,0.0
22.89,65,1014,,0.0,0,nuvens dispersas,15.97,-23.532377,-46.686505,2024-11-10 16:13:34,0,760.93,lapa,0.0,0.0,3.29412221908569,0.0
23.96,62,1018,,0.0,0,céu limpo,16.24,-23.529657,-46.67744,2024-11-01 08:57:32,0,731.33,lapa,0.0,0.0,2.31902623176575,0.0
18.26,85,1018,,0.0,0,nublado,15.7,-23.529657,-46.67744,2024-11-01 06:16:30,0,731.33,lapa,0.0,0.0,2.31902623176575,0.0
20.88,88,1015,,0.3,4,chuva leve,18.82,-23.529657,-46.67744,2024-11-02 16:55:58,0,731.33,lapa,0.0,4.19,2.31902623176575,1.0475
22.88,73,1015,,0.18,2,trovoada com chuva fraca,17.79,-23.529657,-46.67744,2024-11-02 14:11:03,0,731.33,lapa,0.0,0.56,2.31902623176575,0.28
21.49,84,1013,,1.28,4,chuva moderada,18.67,-23.529657,-46.67744,2024-11-03 15:52:40,0,731.33,lapa,0.0,9.3,2.31902623176575,2.325
20.18,98,1016,,1.02,4,chuva moderada,19.85,-23.529657,-46.67744,2024-11-03 00:11:15,0,731.33,lapa,0.0,2.11,2.31902623176575,0.5275
21.14,90,1014,,1.02,4,chuva moderada,19.44,-23.529657,-46.67744,2024-11-04 16:35:45,0,731.33,lapa,0.0,7.16,2.31902623176575,1.79
20.43,86,1015,,0.51,4,chuva leve,18.01,-23.529657,-46.67744,2024-11-04 19:17:20,0,731.33,lapa,0.0,3.68,2.31902623176575,0.92
22.58,87,1016,,0.0,0,nublado,20.31,-23.529657,-46.67744,2024-11-05 22:26:46,0,731.33,lapa,0.0,0.0,2.31902623176575,0.0
23.63,88,1013,,1.02,4,chuva moderada,21.52,-23.529657,-46.67744,2024-11-05 17:48:29,0,731.33,lapa,0.0,1.51,2.31902623176575,0.3775
21.87,93,1014,,2.79,4,chuva moderada,20.69,-23.529657,-46.67744,2024-11-06 21:24:34,0,731.33,lapa,0.0,6.34,2.31902623176575,1.585
22.88,83,1015,,0.0,0,nuvens dispersas,19.84,-23.529657,-46.67744,2024-11-06 06:34:55,0,731.33,lapa,0.0,0.0,2.31902623176575,0.0
21.85,96,1012,,0.88,4,chuva leve,21.18,-23.529657,-46.67744,2024-11-07 01:27:44,0,731.33,lapa,0.0,4.27,2.31902623176575,1.0675
21.51,85,1008,,0.37,4,chuva leve,18.88,-23.529657,-46.67744,2024-11-07 19:23:49,0,731.33,lapa,0.0,0.91,2.31902623176575,0.2275
17.93,92,1014,,0.0,4,nublado,16.61,-23.529657,-46.67744,2024-11-08 22:09:41,0,731.33,lapa,0.0,1.44,2.31902623176575,0.36
18.28,95,1012,,1.02,4,chuva moderada,17.47,-23.529657,-46.67744,2024-11-08 19:24:42,0,731.33,lapa,0.0,7.55,2.31902623176575,1.8875
20.06,79,1015,,0.0,0,nublado,16.31,-23.529657,-46.67744,2024-11-09 09:53:25,0,731.33,lapa,0.0,0.0,2.31902623176575,0.0
20.06,80,1015,,0.0,0,nublado,16.51,-23.529657,-46.67744,2024-11-09 09:37:29,0,731.33,lapa,0.0,0.0,2.31902623176575,0.0
17.56,76,1016,,0.0,0,nublado,13.29,-23.529657,-46.67744,2024-11-10 21:59:10,0,731.33,lapa,0.0,0.0,2.31902623176575,0.0
21.14,68,1014,,0.0,0,nublado,15.01,-23.529657,-46.67744,2024-11-10 17:28:46,0,731.33,lapa,0.0,0.0,2.31902623176575,0.0
27.9,50,1015,,0.0,2,nuvens dispersas,16.52,-23.524169,-46.702013,2024-11-01 13:27:50,0,726.82,lapa,0.0,0.12,2.82047843933105,0.06
26.92,61,1016,,0.12,1,chuva leve,18.77,-23.524169,-46.702013,2024-11-01 11:52:23,0,726.82,lapa,0.0,0.12,2.82047843933105,0.12
25.9,57,1017,,0.0,0,algumas nuvens,16.74,-23.524169,-46.702013,2024-11-02 10:23:58,0,726.82,lapa,0.0,0.0,2.82047843933105,0.0
19.31,87,1015,,0.0,0,nublado,17.09,-23.524169,-46.702013,2024-11-02 03:50:41,0,726.82,lapa,0.0,0.0,2.82047843933105,0.0
20.2,99,1015,,0.45,4,chuva leve,20.04,-23.524169,-46.702013,2024-11-03 04:37:53,0,726.82,lapa,0.0,3.32,2.82047843933105,0.83
21.21,86,1013,,2.41,4,chuva moderada,18.78,-23.524169,-46.702013,2024-11-03 14:43:25,0,726.82,lapa,0.0,7.09,2.82047843933105,1.7725
21.84,82,1016,,1.23,4,chuva moderada,18.63,-23.524169,-46.702013,2024-11-04 11:02:03,0,726.82,lapa,0.0,4.76,2.82047843933105,1.19
21.21,91,1014,,0.43,4,chuva leve,19.68,-23.524169,-46.702013,2024-11-04 18:06:43,0,726.82,lapa,0.0,5.96,2.82047843933105,1.49
21.63,85,1016,,0.0,0,nublado,19.0,-23.524169,-46.702013,2024-11-05 07:20:26,0,726.82,lapa,0.0,0.0,2.82047843933105,0.0
27.41,68,1015,,0.0,0,nublado,20.98,-23.524169,-46.702013,2024-11-05 12:28:12,0,726.82,lapa,0.0,0.0,2.82047843933105,0.0
25.31,76,1015,,0.0,0,nublado,20.78,-23.524169,-46.702013,2024-11-06 08:32:53,0,726.82,lapa,0.0,0.0,2.82047843933105,0.0
21.86,94,1014,,0.0,0,nublado,20.85,-23.524169,-46.702013,2024-11-06 03:36:05,0,726.82,lapa,0.0,0.0,2.82047843933105,0.0
22.72,90,1012,,1.78,4,chuva moderada,20.99,-23.524169,-46.702013,2024-11-07 11:32:32,0,726.82,lapa,0.0,3.31,2.82047843933105,0.8275
22.72,89,1012,,0.89,4,chuva leve,20.81,-23.524169,-46.702013,2024-11-07 12:05:10,0,726.82,lapa,0.0,3.74,2.82047843933105,0.935
18.42,96,1010,,0.7,4,chuva leve,17.77,-23.524169,-46.702013,2024-11-08 18:19:28,0,726.82,lapa,0.0,9.33,2.82047843933105,2.3325
18.83,96,1010,,1.78,4,chuva moderada,18.18,-23.524169,-46.702013,2024-11-08 18:02:43,0,726.82,lapa,0.0,18.28,2.82047843933105,4.57
16.41,93,1018,,0.0,0,nublado,15.28,-23.524169,-46.702013,2024-11-09 21:43:37,0,726.82,lapa,0.0,0.0,2.82047843933105,0.0
19.22,82,1014,,0.0,0,nublado,16.07,-23.524169,-46.702013,2024-11-09 07:57:12,0,726.82,lapa,0.0,0.0,2.82047843933105,0.0
21.1,74,1017,,0.0,0,nublado,16.29,-23.524169,-46.702013,2024-11-10 10:25:58,0,726.82,lapa,0.0,0.0,2.82047843933105,0.0
22.12,71,1016,,0.0,0,nublado,16.62,-23.524169,-46.702013,2024-11-10 11:42:20,0,726.82,lapa,0.0,0.0,2.82047843933105,0.0
20.83,85,1017,,0.0,0,nublado,18.22,-23.522759,-46.693244,2024-11-01 23:56:48,0,727.23,lapa,0.0,0.0,1.99518501758575,0.0
21.97,64,1018,,0.0,0,céu limpo,14.85,-23.522759,-46.693244,2024-11-01 08:30:45,0,727.23,lapa,0.0,0.0,1.99518501758575,0.0
21.07,95,1015,,0.5,4,trovoada com chuva fraca,20.24,-23.522759,-46.693244,2024-11-02 15:55:30,0,727.23,lapa,0.0,4.27,1.99518501758575,1.0675
20.31,87,1016,,0.0,0,nublado,18.08,-23.522759,-46.693244,2024-11-02 01:24:32,0,727.23,lapa,0.0,0.0,1.99518501758575,0.0
20.58,96,1016,,1.78,4,garoa de leve intensidade,19.92,-23.522759,-46.693244,2024-11-03 08:26:44,0,727.23,lapa,0.0,4.86,1.99518501758575,1.215
21.36,85,1014,,2.82,3,chuva moderada,18.74,-23.522759,-46.693244,2024-11-03 14:03:16,0,727.23,lapa,0.0,6.38,1.99518501758575,2.1266666666666665
21.91,82,1016,,1.23,4,chuva moderada,18.7,-23.522759,-46.693244,2024-11-04 10:54:03,0,727.23,lapa,0.0,4.76,1.99518501758575,1.19
19.16,97,1014,,1.02,4,chuva moderada,18.67,-23.522759,-46.693244,2024-11-04 05:19:26,0,727.23,lapa,0.0,3.78,1.99518501758575,0.945
20.27,96,1015,,0.0,4,nublado,19.61,-23.522759,-46.693244,2024-11-05 01:28:19,0,727.23,lapa,0.0,0.36,1.99518501758575,0.09
20.97,79,1016,,0.0,0,nublado,17.19,-23.522759,-46.693244,2024-11-05 08:13:18,0,727.23,lapa,0.0,0.0,1.99518501758575,0.0
21.48,94,1014,,0.0,0,nublado,20.47,-23.522759,-46.693244,2024-11-06 03:15:56,0,727.23,lapa,0.0,0.0,1.99518501758575,0.0
26.72,61,1013,,0.52,1,chuva leve,18.58,-23.522759,-46.693244,2024-11-06 12:36:12,0,727.23,lapa,0.0,0.52,1.99518501758575,0.52
21.94,96,1012,,0.13,4,chuva leve,21.27,-23.522759,-46.693244,2024-11-07 02:55:16,0,727.23,lapa,0.0,2.29,1.99518501758575,0.5725
21.38,98,1011,,0.25,4,chuva leve,21.05,-23.522759,-46.693244,2024-11-07 04:15:06,0,727.23,lapa,0.0,2.38,1.99518501758575,0.595
20.18,97,1008,,0.91,4,chuva leve,19.69,-23.522759,-46.693244,2024-11-08 06:26:34,0,727.23,lapa,0.0,4.54,1.99518501758575,1.135
18.04,92,1014,,0.0,4,nublado,16.72,-23.522759,-46.693244,2024-11-08 22:05:21,0,727.23,lapa,0.0,2.2,1.99518501758575,0.55
18.52,87,1015,,0.0,0,nublado,16.32,-23.522759,-46.693244,2024-11-09 18:07:52,0,727.23,lapa,0.0,0.0,1.99518501758575,0.0
17.36,87,1013,,0.0,0,nublado,15.18,-23.522759,-46.693244,2024-11-09 05:41:10,0,727.23,lapa,0.0,0.0,1.99518501758575,0.0
16.96,88,1016,,0.0,0,nublado,14.96,-23.522759,-46.693244,2024-11-10 00:31:56,0,727.23,lapa,0.0,0.0,1.99518501758575,0.0
22.11,68,1014,,0.0,0,nuvens dispersas,15.93,-23.522759,-46.693244,2024-11-10 15:59:22,0,727.23,lapa,0.0,0.0,1.99518501758575,0.0
20.44,80,1017,,0.0,0,céu limpo,16.88,-23.519232,-46.675139,2024-11-01 22:22:25,0,719.63,lapa,0.0,0.0,5.57038927078247,0.0
19.98,73,1018,,0.0,0,céu limpo,15.0,-23.519232,-46.675139,2024-11-01 08:06:15,0,719.63,lapa,0.0,0.0,5.57038927078247,0.0
20.44,95,1015,,0.27,4,chuva leve,19.61,-23.519232,-46.675139,2024-11-02 18:30:47,0,719.63,lapa,0.0,1.33,5.57038927078247,0.3325
20.28,87,1015,,0.0,0,nublado,18.05,-23.519232,-46.675139,2024-11-02 03:22:53,0,719.63,lapa,0.0,0.0,5.57038927078247,0.0
20.28,98,1015,,0.69,4,chuva leve,19.95,-23.519232,-46.675139,2024-11-03 02:18:29,0,719.63,lapa,0.0,2.58,5.57038927078247,0.645
20.28,98,1015,,0.9,4,chuva leve,19.95,-23.519232,-46.675139,2024-11-03 02:58:03,0,719.63,lapa,0.0,2.52,5.57038927078247,0.63
19.17,96,1014,,0.8,4,chuva leve,18.52,-23.519232,-46.675139,2024-11-04 00:37:41,0,719.63,lapa,0.0,3.96,5.57038927078247,0.99
19.17,96,1014,,1.05,4,chuva moderada,18.52,-23.519232,-46.675139,2024-11-04 03:38:55,0,719.63,lapa,0.0,3.24,5.57038927078247,0.81
24.98,65,1015,,0.0,0,céu limpo,17.95,-23.519232,-46.675139,2024-11-05 11:30:28,0,719.63,lapa,0.0,0.0,5.57038927078247,0.0
21.99,73,1016,,0.0,0,nublado,16.93,-23.519232,-46.675139,2024-11-05 09:04:47,0,719.63,lapa,0.0,0.0,5.57038927078247,0.0
23.98,78,1015,,0.0,0,céu limpo,19.91,-23.519232,-46.675139,2024-11-06 10:25:28,0,719.63,lapa,0.0,0.0,5.57038927078247,0.0
22.98,83,1015,,0.0,0,nuvens dispersas,19.94,-23.519232,-46.675139,2024-11-06 06:58:40,0,719.63,lapa,0.0,0.0,5.57038927078247,0.0
21.96,87,1009,,0.5,4,chuva leve,19.7,-23.519232,-46.675139,2024-11-07 22:01:56,0,719.63,lapa,0.0,2.06,5.57038927078247,0.515
21.39,98,1012,,0.25,4,chuva leve,21.06,-23.519232,-46.675139,2024-11-07 05:19:25,0,719.63,lapa,0.0,1.75,5.57038927078247,0.4375
20.84,98,1007,,5.84,4,chuva forte,20.51,-23.519232,-46.675139,2024-11-08 01:38:44,0,719.63,lapa,0.0,7.01,5.57038927078247,1.7525
20.9,93,1009,,0.77,4,chuva leve,19.73,-23.519232,-46.675139,2024-11-08 07:19:09,0,719.63,lapa,0.0,4.4,5.57038927078247,1.1
18.15,87,1015,,0.0,0,nublado,15.95,-23.519232,-46.675139,2024-11-09 18:03:29,0,719.63,lapa,0.0,0.0,5.57038927078247,0.0
18.06,93,1012,,0.0,0,nublado,16.91,-23.519232,-46.675139,2024-11-09 02:27:24,0,719.63,lapa,0.0,0.0,5.57038927078247,0.0
16.95,88,1016,,0.0,0,nublado,14.95,-23.519232,-46.675139,2024-11-10 06:12:30,0,719.63,lapa,0.0,0.0,5.57038927078247,0.0
16.39,86,1016,,0.0,0,nublado,14.04,-23.519232,-46.675139,2024-11-10 02:51:37,0,719.63,lapa,0.0,0.0,5.57038927078247,0.0
21.99,64,1018,,0.0,0,céu limpo,14.87,-23.514815,-46.698727,2024-11-01 09:21:50,0,719.91,lapa,0.0,0.0,4.16915416717529,0.0
27.0,59,1016,,0.12,1,chuva leve,18.31,-23.514815,-46.698727,2024-11-01 12:10:23,0,719.91,lapa,0.0,0.12,4.16915416717529,0.12
19.39,87,1015,,0.0,0,nublado,17.17,-23.514815,-46.698727,2024-11-02 04:02:36,0,719.91,lapa,0.0,0.0,4.16915416717529,0.0
20.36,88,1016,,0.0,0,nublado,18.31,-23.514815,-46.698727,2024-11-02 01:23:21,0,719.91,lapa,0.0,0.0,4.16915416717529,0.0
20.28,99,1015,,0.45,4,chuva leve,20.12,-23.514815,-46.698727,2024-11-03 04:48:50,0,719.91,lapa,0.0,2.44,4.16915416717529,0.61
19.14,92,1015,,0.71,4,chuva leve,17.81,-23.514815,-46.698727,2024-11-03 22:16:59,0,719.91,lapa,0.0,3.39,4.16915416717529,0.8475
19.17,97,1014,,1.02,4,chuva moderada,18.68,-23.514815,-46.698727,2024-11-04 05:21:29,0,719.91,lapa,0.0,3.75,4.16915416717529,0.9375
19.25,96,1014,,0.69,4,chuva leve,18.6,-23.514815,-46.698727,2024-11-04 01:56:59,0,719.91,lapa,0.0,3.82,4.16915416717529,0.955
19.72,95,1015,,0.0,0,nublado,18.9,-23.514815,-46.698727,2024-11-05 05:13:41,0,719.91,lapa,0.0,0.0,4.16915416717529,0.0
20.92,96,1016,,0.0,4,nuvens dispersas,20.26,-23.514815,-46.698727,2024-11-05 00:08:41,0,719.91,lapa,0.0,1.22,4.16915416717529,0.305
21.64,96,1012,,2.79,3,trovoada com chuva,20.97,-23.514815,-46.698727,2024-11-06 18:07:34,0,719.91,lapa,0.0,10.15,4.16915416717529,3.3833333333333333
26.73,61,1013,,0.52,1,chuva leve,18.59,-23.514815,-46.698727,2024-11-06 13:21:43,0,719.91,lapa,0.0,0.52,4.16915416717529,0.52
21.96,87,1009,,0.5,4,chuva leve,19.7,-23.514815,-46.698727,2024-11-07 22:16:10,0,719.91,lapa,0.0,2.06,4.16915416717529,0.515
21.39,98,1012,,0.13,4,chuva leve,21.06,-23.514815,-46.698727,2024-11-07 03:27:05,0,719.91,lapa,0.0,2.29,4.16915416717529,0.5725
21.32,78,1014,,0.0,3,nublado,17.33,-23.514815,-46.698727,2024-11-09 15:08:14,0,719.91,lapa,0.0,0.15,4.16915416717529,0.049999999999999996
20.95,74,1014,,0.0,0,nublado,16.14,-23.514815,-46.698727,2024-11-09 12:23:42,0,719.91,lapa,0.0,0.0,4.16915416717529,0.0
23.14,66,1014,,0.0,0,nuvens dispersas,16.44,-23.514815,-46.698727,2024-11-10 14:53:58,0,719.91,lapa,0.0,0.0,4.16915416717529,0.0
22.06,70,1016,,0.0,0,nublado,16.34,-23.514815,-46.698727,2024-11-10 12:11:47,0,719.91,lapa,0.0,0.0,4.16915416717529,0.0
27.0,58,1014,,1.4,4,chuva moderada,18.04,-23.513997,-46.679488,2024-11-01 14:59:08,0,720.68,lapa,0.0,1.52,7.53198862075806,0.38
24.02,63,1018,,0.0,0,céu limpo,16.55,-23.513997,-46.679488,2024-11-01 10:08:10,0,720.68,lapa,0.0,0.0,7.53198862075806,0.0
19.71,85,1016,,0.0,0,céu limpo,17.12,-23.513997,-46.679488,2024-11-02 05:58:15,0,720.68,lapa,0.0,0.0,7.53198862075806,0.0
20.47,96,1015,,0.26,4,chuva leve,19.81,-23.513997,-46.679488,2024-11-02 18:29:59,0,720.68,lapa,0.0,4.27,7.53198862075806,1.0675
21.53,84,1013,,1.28,4,chuva moderada,18.71,-23.513997,-46.679488,2024-11-03 15:55:28,0,720.68,lapa,0.0,9.3,7.53198862075806,2.325
20.3,99,1015,,0.45,4,chuva leve,20.14,-23.513997,-46.679488,2024-11-03 04:50:06,0,720.68,lapa,0.0,2.44,7.53198862075806,0.61
21.22,89,1014,,2.79,4,chuva moderada,19.33,-23.513997,-46.679488,2024-11-04 15:25:17,0,720.68,lapa,0.0,5.94,7.53198862075806,1.485
20.16,88,1015,,0.48,4,chuva leve,18.11,-23.513997,-46.679488,2024-11-04 20:25:48,0,720.68,lapa,0.0,3.2,7.53198862075806,0.8
27.52,68,1015,,0.0,0,nublado,21.09,-23.513997,-46.679488,2024-11-05 12:29:42,0,720.68,lapa,0.0,0.0,7.53198862075806,0.0
23.04,84,1015,,0.0,4,nublado,20.19,-23.513997,-46.679488,2024-11-05 20:11:15,0,720.68,lapa,0.0,0.54,7.53198862075806,0.135
24.1,77,1015,,0.0,0,nublado,19.82,-23.513997,-46.679488,2024-11-06 08:05:00,0,720.68,lapa,0.0,0.0,7.53198862075806,0.0
21.68,91,1014,,0.0,0,nublado,20.15,-23.513997,-46.679488,2024-11-06 05:41:11,0,720.68,lapa,0.0,0.0,7.53198862075806,0.0
22.59,89,1008,,1.78,4,chuva moderada,20.68,-23.513997,-46.679488,2024-11-07 14:54:31,0,720.68,lapa,0.0,4.95,7.53198862075806,1.2375
21.98,97,1012,,0.23,4,chuva leve,21.48,-23.513997,-46.679488,2024-11-07 01:33:36,0,720.68,lapa,0.0,3.28,7.53198862075806,0.82
20.3,99,1007,,0.83,4,chuva leve,20.14,-23.513997,-46.679488,2024-11-08 03:54:49,0,720.68,lapa,0.0,21.4,7.53198862075806,5.35
22.01,88,1009,,7.6,4,chuva forte,19.93,-23.513997,-46.679488,2024-11-08 13:34:52,0,720.68,lapa,0.0,12.13,7.53198862075806,3.0325
18.08,93,1012,,0.0,0,nublado,16.93,-23.513997,-46.679488,2024-11-09 02:49:15,0,720.68,lapa,0.0,0.0,7.53198862075806,0.0
20.47,80,1014,,0.0,2,nublado,16.9,-23.513997,-46.679488,2024-11-09 13:49:36,0,720.68,lapa,0.0,0.15,7.53198862075806,0.075
23.99,57,1014,,0.0,0,nublado,14.95,-23.513997,-46.679488,2024-11-10 13:31:08,0,720.68,lapa,0.0,0.0,7.53198862075806,0.0
15.86,87,1016,,0.0,0,nublado,13.7,-23.513997,-46.679488,2024-11-10 03:20:43,0,720.68,lapa,0.0,0.0,7.53198862075806,0.0
17.58,96,1017,,0.0,0,garoa de leve intensidade,16.94,-23.6759,-46.7489,2023-11-01 22:25:45,0,750.29,m'boimirin,0.0,0.0,2.31902623176575,0.0
20.35,91,1014,,0.0,4,chuva leve,18.83,-23.6759,-46.7489,2023-11-01 16:17:38,0,750.29,m'boimirin,0.0,0.58,2.31902623176575,0.145
22.35,88,1015,,0.17,2,chuva leve,20.27,-23.6759,-46.7489,2023-11-02 12:20:31,0,750.29,m'boimirin,0.0,0.34,2.31902623176575,0.17
19.27,93,1013,,0.0,4,nublado,18.11,-23.6759,-46.7489,2023-11-02 17:44:07,0,750.29,m'boimirin,0.0,0.13,2.31902623176575,0.0325
21.43,92,1008,,0.0,0,céu limpo,20.08,-23.6759,-46.7489,2023-11-03 21:20:10,0,750.29,m'boimirin,0.0,0.0,2.31902623176575,0.0
23.0,98,1006,,0.0,4,chuva leve,22.67,-23.6759,-46.7489,2023-11-03 18:17:06,0,750.29,m'boimirin,0.0,12.39,2.31902623176575,3.0975
16.23,90,1015,,0.0,0,nuvens dispersas,14.59,-23.6759,-46.7489,2023-11-04 23:46:39,0,750.29,m'boimirin,0.0,0.0,2.31902623176575,0.0
21.23,89,1009,,0.29,1,chuva leve,19.34,-23.6759,-46.7489,2023-11-04 00:49:14,0,750.29,m'boimirin,0.0,0.29,2.31902623176575,0.29
19.27,79,1017,,0.0,0,algumas nuvens,15.54,-23.6759,-46.7489,2023-11-05 17:06:58,0,750.29,m'boimirin,0.0,0.0,2.31902623176575,0.0
17.73,93,1015,,0.0,0,nublado,16.58,-23.6759,-46.7489,2023-11-05 00:12:13,0,750.29,m'boimirin,0.0,0.0,2.31902623176575,0.0
22.75,72,1021,,0.0,0,céu limpo,17.44,-23.6759,-46.7489,2023-11-06 11:28:32,0,750.29,m'boimirin,0.0,0.0,2.31902623176575,0.0
15.52,88,1022,,0.0,0,nuvens dispersas,13.54,-23.6759,-46.7489,2023-11-06 23:14:13,0,750.29,m'boimirin,0.0,0.0,2.31902623176575,0.0
23.18,49,1020,,0.0,0,céu limpo,11.89,-23.6759,-46.7489,2023-11-07 11:31:58,0,750.29,m'boimirin,0.0,0.0,2.31902623176575,0.0
15.19,83,1020,,0.0,0,nublado,12.33,-23.6759,-46.7489,2023-11-07 02:41:54,0,750.29,m'boimirin,0.0,0.0,2.31902623176575,0.0
30.38,31,1015,,0.0,0,céu limpo,11.37,-23.6759,-46.7489,2023-11-08 12:49:36,0,750.29,m'boimirin,0.0,0.0,2.31902623176575,0.0
17.18,82,1019,,0.0,0,céu limpo,14.08,-23.6759,-46.7489,2023-11-08 07:24:04,0,750.29,m'boimirin,0.0,0.0,2.31902623176575,0.0
24.31,61,1015,,0.21,4,chuva leve,16.31,-23.6759,-46.7489,2023-11-09 19:48:06,0,750.29,m'boimirin,0.0,0.35,2.31902623176575,0.0875
25.18,50,1014,,0.0,0,céu limpo,14.03,-23.6759,-46.7489,2023-11-09 08:18:37,0,750.29,m'boimirin,0.0,0.0,2.31902623176575,0.0
21.42,89,1018,,0.0,3,nuvens dispersas,19.53,-23.6759,-46.7489,2023-11-10 07:23:13,0,750.29,m'boimirin,0.0,0.55,2.31902623176575,0.18333333333333335
28.74,66,1016,,0.0,0,céu limpo,21.76,-23.6759,-46.7489,2023-11-10 11:08:25,0,750.29,m'boimirin,0.0,0.0,2.31902623176575,0.0
21.03,89,1014,,0.0,0,algumas nuvens,19.15,-23.6759,-46.7489,2023-11-11 05:33:01,0,750.29,m'boimirin,0.0,0.0,2.31902623176575,0.0
32.4,58,1012,,0.0,0,céu limpo,23.07,-23.6759,-46.7489,2023-11-11 11:07:47,0,750.29,m'boimirin,0.0,0.0,2.31902623176575,0.0
35.21,46,1009,,0.0,0,céu limpo,21.84,-23.6759,-46.7489,2023-11-12 12:37:52,0,750.29,m'boimirin,0.0,0.0,2.31902623176575,0.0
22.27,89,1012,,0.0,0,céu limpo,20.37,-23.6759,-46.7489,2023-11-12 05:41:43,0,750.29,m'boimirin,0.0,0.0,2.31902623176575,0.0
35.35,46,1010,,0.0,0,céu limpo,21.97,-23.6759,-46.7489,2023-11-13 11:38:55,0,750.29,m'boimirin,0.0,0.0,2.31902623176575,0.0
35.83,46,1010,,0.0,0,céu limpo,22.4,-23.6759,-46.7489,2023-11-13 11:31:35,0,750.29,m'boimirin,0.0,0.0,2.31902623176575,0.0
31.23,47,1011,,0.0,0,céu limpo,18.58,-23.6759,-46.7489,2023-11-14 08:57:28,0,750.29,m'boimirin,0.0,0.0,2.31902623176575,0.0
31.91,53,1008,,0.0,0,nublado,21.14,-23.6759,-46.7489,2023-11-14 14:53:43,0,750.29,m'boimirin,0.0,0.0,2.31902623176575,0.0
34.79,34,1008,,0.0,0,algumas nuvens,16.62,-23.6759,-46.7489,2023-11-15 17:28:57,0,750.29,m'boimirin,0.0,0.0,2.31902623176575,0.0
33.31,41,1009,,0.0,0,céu limpo,18.27,-23.6759,-46.7489,2023-11-15 12:37:55,0,750.29,m'boimirin,0.0,0.0,2.31902623176575,0.0
24.15,73,1010,,0.0,0,céu limpo,19.01,-23.6759,-46.7489,2023-11-16 07:17:39,0,750.29,m'boimirin,0.0,0.0,2.31902623176575,0.0
21.83,83,1010,,0.0,0,nublado,18.81,-23.6759,-46.7489,2023-11-16 01:45:04,0,750.29,m'boimirin,0.0,0.0,2.31902623176575,0.0
24.64,88,1010,,0.0,0,nublado,22.52,-23.6759,-46.7489,2023-11-17 20:51:12,0,750.29,m'boimirin,0.0,0.0,2.31902623176575,0.0
24.99,72,1009,,0.0,0,céu limpo,19.59,-23.6759,-46.7489,2023-11-17 05:31:50,0,750.29,m'boimirin,0.0,0.0,2.31902623176575,0.0
27.95,94,1011,,0.0,0,trovoada com chuva fraca,26.89,-23.6759,-46.7489,2023-11-18 22:46:31,0,750.29,m'boimirin,0.0,0.0,2.31902623176575,0.0
25.59,81,1007,,0.0,0,nublado,22.09,-23.6759,-46.7489,2023-11-18 04:07:14,0,750.29,m'boimirin,0.0,0.0,2.31902623176575,0.0
20.18,94,1015,,0.15,4,chuva moderada,19.18,-23.6759,-46.7489,2023-11-19 13:43:55,0,750.29,m'boimirin,0.0,5.13,2.31902623176575,1.2825
22.07,90,1013,,0.34,3,chuva leve,20.35,-23.6759,-46.7489,2023-11-19 06:14:23,0,750.29,m'boimirin,0.0,2.31,2.31902623176575,0.77
23.5,90,1015,,0.0,4,nublado,21.76,-23.6759,-46.7489,2023-11-20 15:12:09,0,750.29,m'boimirin,0.0,1.31,2.31902623176575,0.3275
20.14,98,1016,,0.0,0,névoa,19.81,-23.6759,-46.7489,2023-11-20 05:34:10,0,750.29,m'boimirin,0.0,0.0,2.31902623176575,0.0
22.6,95,1012,,0.0,4,nublado,21.76,-23.6759,-46.7489,2023-11-21 19:52:47,0,750.29,m'boimirin,0.0,0.2,2.31902623176575,0.05
22.89,93,1011,,0.0,4,nublado,21.7,-23.6759,-46.7489,2023-11-21 19:10:39,0,750.29,m'boimirin,0.0,1.1,2.31902623176575,0.275
22.27,89,1011,,0.0,0,céu limpo,20.37,-23.6759,-46.7489,2023-11-22 05:53:48,0,750.29,m'boimirin,0.0,0.0,2.31902623176575,0.0
31.79,67,1008,,0.22,4,chuva leve,24.9,-23.6759,-46.7489,2023-11-22 14:13:00,0,750.29,m'boimirin,0.0,1.07,2.31902623176575,0.2675
18.11,94,1014,,0.0,4,nublado,17.13,-23.6753,-46.7485,2023-11-01 05:47:53,0,749.82,m'boimirin,0.0,1.31,2.80138683319092,0.3275
17.67,93,1016,,0.0,0,nublado,16.52,-23.6753,-46.7485,2023-11-01 19:43:21,0,749.82,m'boimirin,0.0,0.0,2.80138683319092,0.0
18.19,95,1017,,0.0,0,nublado,17.38,-23.6753,-46.7485,2023-11-02 06:57:19,0,749.82,m'boimirin,0.0,0.0,2.80138683319092,0.0
17.51,96,1015,,0.0,0,nublado,16.87,-23.6753,-46.7485,2023-11-02 04:37:17,0,749.82,m'boimirin,0.0,0.0,2.80138683319092,0.0
30.62,55,1006,,0.0,3,nuvens dispersas,20.55,-23.6753,-46.7485,2023-11-03 12:47:08,0,749.82,m'boimirin,0.0,1.09,2.80138683319092,0.36333333333333334
29.14,80,1005,,0.54,4,chuva moderada,25.33,-23.6753,-46.7485,2023-11-03 15:26:08,0,749.82,m'boimirin,0.0,4.0,2.80138683319092,1.0
21.23,89,1009,,0.29,1,chuva leve,19.34,-23.6753,-46.7485,2023-11-04 00:47:21,0,749.82,m'boimirin,0.0,0.29,2.80138683319092,0.29
21.23,89,1009,,0.18,2,chuva leve,19.34,-23.6753,-46.7485,2023-11-04 02:14:17,0,749.82,m'boimirin,0.0,0.47,2.80138683319092,0.235
18.01,68,1017,,0.0,0,céu limpo,12.02,-23.6753,-46.7485,2023-11-05 08:25:58,0,749.82,m'boimirin,0.0,0.0,2.80138683319092,0.0
18.03,93,1015,,0.0,0,nuvens dispersas,16.88,-23.6753,-46.7485,2023-11-05 00:33:45,0,749.82,m'boimirin,0.0,0.0,2.80138683319092,0.0
22.27,72,1021,,0.0,0,céu limpo,16.98,-23.6753,-46.7485,2023-11-06 11:11:57,0,749.82,m'boimirin,0.0,0.0,2.80138683319092,0.0
22.89,79,1019,,0.0,0,céu limpo,19.06,-23.6753,-46.7485,2023-11-06 13:38:34,0,749.82,m'boimirin,0.0,0.0,2.80138683319092,0.0
16.13,90,1020,,0.0,0,nublado,14.49,-23.6753,-46.7485,2023-11-07 01:44:07,0,749.82,m'boimirin,0.0,0.0,2.80138683319092,0.0
20.7,89,1018,,0.0,0,céu limpo,18.82,-23.6753,-46.7485,2023-11-07 17:40:55,0,749.82,m'boimirin,0.0,0.0,2.80138683319092,0.0
16.23,88,1018,,0.0,0,céu limpo,14.24,-23.6753,-46.7485,2023-11-08 06:00:34,0,749.82,m'boimirin,0.0,0.0,2.80138683319092,0.0
29.12,62,1016,,0.0,0,céu limpo,21.1,-23.6753,-46.7485,2023-11-08 11:56:23,0,749.82,m'boimirin,0.0,0.0,2.80138683319092,0.0
30.08,70,1012,,1.21,1,chuva moderada,24.0,-23.6753,-46.7485,2023-11-09 15:40:25,0,749.82,m'boimirin,0.0,1.21,2.80138683319092,1.21
21.87,67,1014,,0.0,0,céu limpo,15.47,-23.6753,-46.7485,2023-11-09 05:33:19,0,749.82,m'boimirin,0.0,0.0,2.80138683319092,0.0
21.52,93,1016,,0.0,0,nublado,20.34,-23.6753,-46.7485,2023-11-10 22:53:34,0,749.82,m'boimirin,0.0,0.0,2.80138683319092,0.0
22.13,95,1017,,0.0,0,nublado,21.29,-23.6753,-46.7485,2023-11-10 21:27:44,0,749.82,m'boimirin,0.0,0.0,2.80138683319092,0.0
21.03,86,1014,,0.0,0,nublado,18.6,-23.6753,-46.7485,2023-11-11 04:22:35,0,749.82,m'boimirin,0.0,0.0,2.80138683319092,0.0
30.21,61,1011,,0.0,0,céu limpo,21.85,-23.6753,-46.7485,2023-11-11 22:28:22,0,749.82,m'boimirin,0.0,0.0,2.80138683319092,0.0
27.47,44,1010,,0.0,0,nublado,14.14,-23.6753,-46.7485,2023-11-12 01:31:51,0,749.82,m'boimirin,0.0,0.0,2.80138683319092,0.0
29.52,57,1012,,0.0,0,céu limpo,20.11,-23.6753,-46.7485,2023-11-12 22:31:34,0,749.82,m'boimirin,0.0,0.0,2.80138683319092,0.0
24.58,94,1015,,0.0,0,nublado,23.55,-23.6753,-46.7485,2023-11-13 21:50:10,0,749.82,m'boimirin,0.0,0.0,2.80138683319092,0.0
22.43,81,1010,,0.0,0,algumas nuvens,19.01,-23.6753,-46.7485,2023-11-13 02:00:10,0,749.82,m'boimirin,0.0,0.0,2.80138683319092,0.0
29.46,67,1010,,0.33,1,chuva leve,22.69,-23.6753,-46.7485,2023-11-14 16:09:48,0,749.82,m'boimirin,0.0,0.33,2.80138683319092,0.33
23.5,93,1016,,0.0,0,nublado,22.3,-23.6753,-46.7485,2023-11-14 23:14:07,0,749.82,m'boimirin,0.0,0.0,2.80138683319092,0.0
29.97,78,1009,,0.0,0,algumas nuvens,25.71,-23.6753,-46.7485,2023-11-15 17:46:50,0,749.82,m'boimirin,0.0,0.0,2.80138683319092,0.0
22.07,86,1012,,0.0,0,nublado,19.62,-23.6753,-46.7485,2023-11-15 03:54:12,0,749.82,m'boimirin,0.0,0.0,2.80138683319092,0.0
30.7,74,1008,,0.0,4,céu limpo,25.53,-23.6753,-46.7485,2023-11-16 18:17:02,0,749.82,m'boimirin,0.0,0.68,2.80138683319092,0.17
21.83,83,1010,,0.0,0,nublado,18.81,-23.6753,-46.7485,2023-11-16 01:56:48,0,749.82,m'boimirin,0.0,0.0,2.80138683319092,0.0
29.66,98,1007,,0.0,3,céu limpo,29.31,-23.6753,-46.7485,2023-11-17 17:59:21,0,749.82,m'boimirin,0.0,0.31,2.80138683319092,0.10333333333333333
35.05,51,1008,,0.0,0,algumas nuvens,23.39,-23.6753,-46.7485,2023-11-17 11:40:54,0,749.82,m'boimirin,0.0,0.0,2.80138683319092,0.0
27.27,63,1008,,0.0,0,céu limpo,19.61,-23.6753,-46.7485,2023-11-18 05:55:26,0,749.82,m'boimirin,0.0,0.0,2.80138683319092,0.0
34.63,54,1006,,0.19,1,chuva leve,23.96,-23.6753,-46.7485,2023-11-18 14:44:15,0,749.82,m'boimirin,0.0,0.19,2.80138683319092,0.19
21.13,96,1016,,0.15,4,chuva leve,20.47,-23.6753,-46.7485,2023-11-19 14:37:47,0,749.82,m'boimirin,0.0,1.17,2.80138683319092,0.2925
20.19,94,1016,,0.55,4,chuva leve,19.19,-23.6753,-46.7485,2023-11-19 17:22:39,0,749.82,m'boimirin,0.0,1.12,2.80138683319092,0.28
23.84,94,1016,,0.4,4,chuva leve,22.82,-23.6753,-46.7485,2023-11-20 14:21:07,0,749.82,m'boimirin,0.0,1.46,2.80138683319092,0.365
21.03,86,1017,,0.0,0,nublado,18.6,-23.6753,-46.7485,2023-11-20 20:51:00,0,749.82,m'boimirin,0.0,0.0,2.80138683319092,0.0
21.03,86,1015,,0.0,0,nublado,18.6,-23.6753,-46.7485,2023-11-21 00:06:53,0,749.82,m'boimirin,0.0,0.0,2.80138683319092,0.0
22.58,93,1011,,0.0,4,nublado,21.39,-23.6753,-46.7485,2023-11-21 19:17:24,0,749.82,m'boimirin,0.0,1.1,2.80138683319092,0.275
23.66,91,1010,,0.0,0,nublado,22.1,-23.6753,-46.7485,2023-11-22 02:38:41,0,749.82,m'boimirin,0.0,0.0,2.80138683319092,0.0
30.14,71,1009,,3.87,4,chuva moderada,24.3,-23.6753,-46.7485,2023-11-22 16:35:28,0,749.82,m'boimirin,0.0,4.35,2.80138683319092,1.0875
19.22,94,1013,,1.02,4,chuva moderada,18.23,-23.6444,-46.7344,2023-11-01 03:44:49,0,737.7,m'boimirin,0.0,3.23,7.88643884658813,0.8075
20.89,91,1016,,0.0,0,nublado,19.37,-23.6444,-46.7344,2023-11-01 09:10:03,0,737.7,m'boimirin,0.0,0.0,7.88643884658813,0.0
21.43,88,1014,,0.57,4,chuva leve,19.36,-23.6444,-46.7344,2023-11-02 13:48:20,0,737.7,m'boimirin,0.0,1.36,7.88643884658813,0.34
20.79,76,1016,,0.17,1,chuva leve,16.41,-23.6444,-46.7344,2023-11-02 11:21:34,0,737.7,m'boimirin,0.0,0.17,7.88643884658813,0.17
30.94,66,1006,,0.0,3,nuvens dispersas,23.84,-23.6444,-46.7344,2023-11-03 13:14:03,0,737.7,m'boimirin,0.0,1.09,7.88643884658813,0.36333333333333334
19.22,90,1009,,0.0,0,nublado,17.54,-23.6444,-46.7344,2023-11-03 03:33:03,0,737.7,m'boimirin,0.0,0.0,7.88643884658813,0.0
20.81,78,1011,,0.0,0,nuvens dispersas,16.84,-23.6444,-46.7344,2023-11-04 07:36:00,0,737.7,m'boimirin,0.0,0.0,7.88643884658813,0.0
25.34,50,1010,,0.0,0,algumas nuvens,14.18,-23.6444,-46.7344,2023-11-04 11:45:47,0,737.7,m'boimirin,0.0,0.0,7.88643884658813,0.0
16.04,86,1019,,0.0,0,nublado,13.7,-23.6444,-46.7344,2023-11-05 19:34:01,0,737.7,m'boimirin,0.0,0.0,7.88643884658813,0.0
18.38,94,1015,,0.0,0,nuvens dispersas,17.4,-23.6444,-46.7344,2023-11-05 00:43:56,0,737.7,m'boimirin,0.0,0.0,7.88643884658813,0.0
21.3,76,1019,,0.0,0,céu limpo,16.9,-23.6444,-46.7344,2023-11-06 15:36:10,0,737.7,m'boimirin,0.0,0.0,7.88643884658813,0.0
19.11,78,1019,,0.0,0,algumas nuvens,15.19,-23.6444,-46.7344,2023-11-06 17:23:40,0,737.7,m'boimirin,0.0,0.0,7.88643884658813,0.0
15.41,83,1020,,0.0,0,nublado,12.54,-23.6444,-46.7344,2023-11-07 02:57:17,0,737.7,m'boimirin,0.0,0.0,7.88643884658813,0.0
14.68,88,1020,,0.0,0,nublado,12.72,-23.6444,-46.7344,2023-11-07 03:42:00,0,737.7,m'boimirin,0.0,0.0,7.88643884658813,0.0
31.52,41,1014,,0.0,0,nuvens dispersas,16.68,-23.6444,-46.7344,2023-11-08 15:05:20,0,737.7,m'boimirin,0.0,0.0,7.88643884658813,0.0
24.82,53,1018,,0.0,0,céu limpo,14.6,-23.6444,-46.7344,2023-11-08 10:11:22,0,737.7,m'boimirin,0.0,0.0,7.88643884658813,0.0
29.69,61,1013,,0.14,2,chuva leve,21.37,-23.6444,-46.7344,2023-11-09 17:19:48,0,737.7,m'boimirin,0.0,1.35,7.88643884658813,0.675
31.22,50,1014,,0.0,0,céu limpo,19.56,-23.6444,-46.7344,2023-11-09 11:20:31,0,737.7,m'boimirin,0.0,0.0,7.88643884658813,0.0
21.85,90,1016,,0.0,0,nublado,20.14,-23.6444,-46.7344,2023-11-10 22:43:02,0,737.7,m'boimirin,0.0,0.0,7.88643884658813,0.0
20.64,96,1017,,0.0,0,nublado,19.98,-23.6444,-46.7344,2023-11-10 04:26:53,0,737.7,m'boimirin,0.0,0.0,7.88643884658813,0.0
32.99,45,1011,,0.0,0,céu limpo,19.48,-23.6444,-46.7344,2023-11-11 12:13:32,0,737.7,m'boimirin,0.0,0.0,7.88643884658813,0.0
22.92,82,1014,,0.0,0,céu limpo,19.68,-23.6444,-46.7344,2023-11-11 06:56:44,0,737.7,m'boimirin,0.0,0.0,7.88643884658813,0.0
23.13,93,1011,,0.0,0,nublado,21.94,-23.6444,-46.7344,2023-11-12 04:03:09,0,737.7,m'boimirin,0.0,0.0,7.88643884658813,0.0
28.35,44,1010,,0.0,0,nublado,14.94,-23.6444,-46.7344,2023-11-12 00:40:30,0,737.7,m'boimirin,0.0,0.0,7.88643884658813,0.0
29.35,88,1013,,0.0,0,céu limpo,27.15,-23.6444,-46.7344,2023-11-13 20:25:20,0,737.7,m'boimirin,0.0,0.0,7.88643884658813,0.0
33.48,34,1011,,0.0,0,céu limpo,15.47,-23.6444,-46.7344,2023-11-13 10:07:56,0,737.7,m'boimirin,0.0,0.0,7.88643884658813,0.0
27.32,64,1011,,0.0,0,céu limpo,19.91,-23.6444,-46.7344,2023-11-14 07:04:18,0,737.7,m'boimirin,0.0,0.0,7.88643884658813,0.0
25.41,72,1010,,0.0,0,céu limpo,20.0,-23.6444,-46.7344,2023-11-14 06:06:44,0,737.7,m'boimirin,0.0,0.0,7.88643884658813,0.0
22.16,86,1012,,0.0,0,nublado,19.71,-23.6444,-46.7344,2023-11-15 03:42:28,0,737.7,m'boimirin,0.0,0.0,7.88643884658813,0.0
29.11,79,1013,,0.0,0,céu limpo,25.09,-23.6444,-46.7344,2023-11-15 09:00:32,0,737.7,m'boimirin,0.0,0.0,7.88643884658813,0.0
22.32,80,1010,,0.0,0,nublado,18.7,-23.6444,-46.7344,2023-11-16 04:06:19,0,737.7,m'boimirin,0.0,0.0,7.88643884658813,0.0
22.0,81,1010,,0.0,0,nublado,18.59,-23.6444,-46.7344,2023-11-16 02:52:30,0,737.7,m'boimirin,0.0,0.0,7.88643884658813,0.0
36.14,54,1007,,0.0,0,algumas nuvens,25.35,-23.6444,-46.7344,2023-11-17 12:57:23,0,737.7,m'boimirin,0.0,0.0,7.88643884658813,0.0
28.11,61,1009,,0.0,0,céu limpo,19.88,-23.6444,-46.7344,2023-11-17 07:59:48,0,737.7,m'boimirin,0.0,0.0,7.88643884658813,0.0
32.48,63,1008,,0.0,0,céu limpo,24.52,-23.6444,-46.7344,2023-11-18 09:52:18,0,737.7,m'boimirin,0.0,0.0,7.88643884658813,0.0
30.87,52,1008,,0.0,0,céu limpo,19.87,-23.6444,-46.7344,2023-11-18 09:08:20,0,737.7,m'boimirin,0.0,0.0,7.88643884658813,0.0
23.21,93,1015,,0.25,4,chuva leve,22.01,-23.6444,-46.7344,2023-11-19 08:16:07,0,737.7,m'boimirin,0.0,8.92,7.88643884658813,2.23
21.24,88,1015,,0.59,4,chuva leve,19.17,-23.6444,-46.7344,2023-11-19 11:39:47,0,737.7,m'boimirin,0.0,7.64,7.88643884658813,1.91
21.89,85,1015,,0.0,4,nublado,19.25,-23.6444,-46.7344,2023-11-20 15:04:55,0,737.7,m'boimirin,0.0,1.31,7.88643884658813,0.3275
21.17,92,1015,,0.11,4,chuva leve,19.82,-23.6444,-46.7344,2023-11-20 16:46:32,0,737.7,m'boimirin,0.0,0.66,7.88643884658813,0.165
28.5,59,1013,,0.0,4,nublado,19.71,-23.6444,-46.7344,2023-11-21 12:02:39,0,737.7,m'boimirin,0.0,0.69,7.88643884658813,0.1725
27.24,69,1011,,0.8,1,chuva leve,21.06,-23.6444,-46.7344,2023-11-21 15:09:42,0,737.7,m'boimirin,0.0,0.8,7.88643884658813,0.8
22.44,89,1011,,0.0,0,céu limpo,20.54,-23.6444,-46.7344,2023-11-22 05:44:00,0,737.7,m'boimirin,0.0,0.0,7.88643884658813,0.0
23.19,85,1011,,0.0,0,nublado,20.53,-23.6444,-46.7344,2023-11-22 01:28:20,0,737.7,m'boimirin,0.0,0.0,7.88643884658813,0.0
20.94,94,1019,,0.64,3,chuva forte,19.94,-23.590058,-46.543807,2024-02-13 22:40:00,1,753.01,vilaprudente,24.9,2.19,0.928036212921143,0.73
21.07,94,1019,,0.64,3,trovoada com chuva forte,20.07,-23.554795,-46.577839,2024-02-13 22:44:00,1,737.54,vilaprudente,24.9,2.19,3.10994267463684,0.73
21.95,91,1017,,0.86,4,chuva leve,20.41,-23.510702,-46.705544,2024-02-14 07:37:00,1,722.26,mooca,15.9,4.4,2.70389485359192,1.1
18.95,92,1011,,0.29,4,trovoada com chuva,17.62,-23.555753,-46.577524,2024-02-18 16:00:00,1,737.4,mooca,36.9,4.57,5.64620971679688,1.1425
18.57,94,1011,,0.29,4,trovoada com chuva,17.59,-23.556214,-46.571349,2024-02-18 16:19:00,1,746.77,mooca,36.9,4.57,8.49404048919678,1.1425
19.04,92,1011,,0.29,4,trovoada com chuva,17.71,-23.547474,-46.602267,2024-02-18 16:24:00,1,737.7,mooca,36.9,4.57,2.64366388320923,1.1425
18.75,93,1011,,0.0,4,trovoada com chuva,17.59,-23.544088,-46.564186,2024-02-18 16:30:00,1,757.25,mooca,36.9,4.05,5.56083726882935,1.0125
18.86,93,1011,,0.0,4,névoa,17.7,-23.539002,-46.56949,2024-02-18 16:30:00,1,741.7,mooca,36.9,4.05,4.05208683013916,1.0125
18.8,92,1011,,0.0,4,trovoada com chuva,17.47,-23.545939,-46.568789,2024-02-18 16:30:00,1,763.14,mooca,36.9,4.05,7.69770812988281,1.0125
18.84,92,1011,,0.0,4,trovoada com chuva,17.51,-23.545023,-46.575573,2024-02-18 16:30:00,1,753.64,mooca,36.9,4.05,5.71170616149902,1.0125
18.86,94,1011,,0.0,4,trovoada com chuva,17.87,-23.553206,-46.529513,2024-02-18 16:30:00,1,736.17,mooca,36.9,4.05,2.70389485359192,1.0125
19.0,93,1011,,0.0,4,trovoada com chuva,17.84,-23.535098,-46.582698,2024-02-18 16:30:00,1,726.42,mooca,36.9,4.05,1.35270059108734,1.0125
23.15,85,1007,,4.41,3,trovoada com chuva fraca,20.49,-23.544771,-46.59427,2024-02-21 15:10:00,1,740.65,mooca,27.0,5.75,3.22837400436401,1.9166666666666667
23.22,86,1007,,4.41,3,trovoada com chuva fraca,20.75,-23.554982,-46.601312,2024-02-21 15:22:00,1,745.0,mooca,27.0,5.75,3.48386597633362,1.9166666666666667
23.02,87,1007,,4.41,3,trovoada com chuva fraca,20.74,-23.528984,-46.598105,2024-02-21 15:29:00,1,724.06,mooca,27.0,5.75,0.328135460615158,1.9166666666666667
22.28,92,1008,,2.96,4,chuva moderada,20.92,-23.551166,-46.60019,2024-02-21 15:31:00,1,738.87,mooca,27.0,8.71,1.67271196842194,2.1775
25.48,73,1014,,0.3,4,trovoadas,20.29,-23.542982,-46.58706,2024-02-23 16:50:00,1,743.91,mooca,16.1,1.1,1.35270059108734,0.275
24.84,69,1015,,0.0,3,trovoadas,18.77,-23.542853,-46.556653,2024-02-23 17:30:00,1,745.06,mooca,16.1,0.8,1.03755331039429,0.26666666666666666
24.53,70,1015,,0.0,3,trovoada com chuva fraca,18.7,-23.547972,-46.562946,2024-02-23 17:42:00,1,776.22,mooca,16.1,0.8,4.39381408691406,0.26666666666666666
21.06,99,1018,,0.19,4,chuva leve,20.9,-23.533172,-46.54021,2024-02-14 02:20:00,1,736.05,penha,19.7,1.05,2.49744963645935,0.2625
21.14,100,1018,,0.19,4,chuva leve,21.14,-23.530471,-46.552911,2024-02-14 02:02:00,1,726.98,penha,19.7,1.05,1.03755331039429,0.2625
18.85,97,1011,,0.0,4,nublado,18.36,-23.543288,-46.475249,2024-02-18 18:33:00,1,779.39,penha,57.5,0.29,3.9314866065979,0.0725
20.65,94,1009,,0.14,4,chuva leve,19.65,-23.538016,-46.478103,2024-02-21 17:39:00,1,810.92,penha,13.3,7.9,2.64366388320923,1.975
24.91,71,1014,,0.3,4,trovoadas,19.29,-23.528646,-46.515185,2024-02-23 17:25:00,1,744.16,penha,28.1,1.1,1.67271196842194,0.275
24.91,71,1014,,0.3,4,trovoadas,19.29,-23.528636,-46.515341,2024-02-23 17:25:00,1,744.28,penha,28.1,1.1,1.67271196842194,0.275
21.41,94,1018,,0.0,4,chuva forte,20.4,-23.582489,-46.56954,2024-02-14 01:01:00,1,740.76,vilaprudente,16.5,23.24,1.64024698734283,5.81
18.23,92,1011,,0.0,4,chuva leve,16.91,-23.557326,-46.569011,2024-02-18 16:38:00,1,751.78,aricanduva/vilaformosa,35.3,4.05,9.69570732116699,1.0125
25.61,74,1014,,0.3,4,trovoadas,20.63,-23.558577,-46.569168,2024-02-23 16:48:00,1,738.0,aricanduva/vilaformosa,18.2,1.1,1.35270059108734,0.275
25.39,74,1014,,0.3,4,trovoadas,20.42,-23.563883,-46.548587,2024-02-23 16:50:00,1,794.37,aricanduva/vilaformosa,18.2,1.1,1.64024698734283,0.275
24.92,71,1014,,0.3,4,trovoadas,19.3,-23.563425,-46.508709,2024-02-23 17:04:00,1,733.14,aricanduva/vilaformosa,18.2,1.1,0.464048534631729,0.275
21.26,94,1011,,0.0,4,trovoada com chuva fraca,20.26,-23.537501,-46.456423,2024-02-18 16:31:00,1,748.08,itaquera,26.8,4.05,3.54483652114868,1.0125
21.7,94,1011,,0.0,4,nublado,20.69,-23.55212,-46.427229,2024-02-18 16:33:00,1,773.87,itaquera,26.8,4.05,5.27611875534058,1.0125
24.79,72,1009,,1.03,3,chuva moderada,19.4,-23.52259,-46.4441,2024-02-20 12:03:00,1,783.84,itaquera,19.1,1.36,4.59576940536499,0.45333333333333337
22.65,94,1007,,0.96,4,chuva moderada,21.63,-23.541114,-46.457288,2024-02-20 14:51:00,1,747.69,itaquera,19.1,4.78,4.63047933578491,1.195
22.65,94,1007,,0.96,4,chuva moderada,21.63,-23.540322,-46.456727,2024-02-20 15:02:00,1,750.23,itaquera,19.1,4.78,5.41548299789429,1.195
23.28,94,1008,,2.96,4,chuva moderada,22.26,-23.540997,-46.457329,2024-02-21 15:55:00,1,748.89,itaquera,21.4,8.71,4.63047933578491,2.1775
25.32,73,1008,,0.64,4,chuva leve,20.13,-23.563504,-46.508934,2024-02-21 13:55:00,1,736.02,sãomateus,23.2,1.52,2.07442665100098,0.38
23.53,93,1018,,4.57,3,chuva forte,22.33,-23.595979,-46.743091,2024-02-13 22:25:00,1,743.74,butantã,46.0,5.46,1.99518501758575,1.82
21.25,96,1019,,14.99,4,chuva forte,20.59,-23.528346,-46.687059,2024-02-13 23:52:00,1,735.58,butantã,46.0,25.07,2.2001416683197,6.2675
20.36,83,1011,,1.17,4,trovoada com chuva forte,17.38,-23.586745,-46.729338,2024-02-18 15:32:00,1,733.91,butantã,45.8,6.59,3.66370439529419,1.6475
20.3,83,1011,,2.79,4,chuva moderada,17.32,-23.591936,-46.721614,2024-02-18 15:34:00,1,732.35,butantã,45.8,8.21,0.733701109886169,2.0525
22.03,95,1009,,36.58,4,garoa de leve intensidade,21.19,-23.578634,-46.710537,2024-02-21 17:01:00,1,731.11,butantã,42.2,43.62,2.64366388320923,10.905
27.13,88,1012,,22.61,4,trovoada com chuva forte,24.97,-23.568646,-46.713395,2024-02-28 15:44:00,1,721.73,butantã,22.6,49.41,6.86567735671997,12.3525
25.33,86,1012,,0.21,4,trovoada com chuva forte,22.82,-23.593911,-46.737862,2024-02-28 15:46:00,1,734.05,butantã,22.6,27.01,3.9314866065979,6.7525
21.39,95,1019,,6.6,4,chuva forte,20.56,-23.519008,-46.674406,2024-02-14 00:09:00,1,720.1,lapa,23.2,29.85,2.64366388320923,7.4625
24.98,73,1011,,4.41,4,trovoada com chuva forte,19.81,-23.519314,-46.674231,2024-02-18 15:11:00,1,720.58,lapa,33.6,5.77,1.35270059108734,1.4425
24.98,74,1011,,4.41,4,trovoada com chuva forte,20.02,-23.518737,-46.676534,2024-02-18 15:25:00,1,720.24,lapa,33.6,5.77,4.36943054199219,1.4425
18.95,94,1011,,1.17,4,trovoada com chuva,17.96,-23.526555,-46.673192,2024-02-18 15:40:00,1,725.46,lapa,33.6,6.59,4.40595388412476,1.6475
22.5,88,1011,,1.17,4,trovoada com chuva forte,20.41,-23.520006,-46.709606,2024-02-18 16:00:00,1,727.07,lapa,33.6,6.59,4.91003084182739,1.6475
22.3,90,1006,,1.35,4,trovoada com chuva fraca,20.58,-23.532134,-46.68643,2024-02-20 14:08:00,1,758.59,lapa,10.7,3.6,5.89472436904907,0.9
22.16,91,1007,,11.94,4,trovoada com chuva fraca,20.62,-23.527645,-46.682421,2024-02-20 14:30:00,1,729.72,lapa,10.7,15.39,5.44487190246582,3.8475
21.6,95,1009,,4.57,4,chuva forte,20.76,-23.515012,-46.690598,2024-02-21 17:39:00,1,720.89,lapa,28.5,7.71,2.62327790260315,1.9275
21.19,95,1010,,2.79,4,chuva moderada,20.36,-23.519255,-46.674188,2024-02-21 18:32:00,1,720.7,lapa,28.5,24.82,1.91265225410461,6.205
21.24,95,1010,,0.15,4,chuva leve,20.41,-23.509813,-46.690002,2024-02-21 19:06:00,1,719.57,lapa,28.5,21.05,6.94215965270996,5.2625
26.02,78,1017,,4.02,4,trovoada com chuva,21.89,-23.519284,-46.674145,2024-02-24 13:35:00,1,720.46,lapa,3.7,4.77,1.91265225410461,1.1925
26.02,78,1017,,4.02,4,trovoada com chuva,21.89,-23.518914,-46.67501,2024-02-24 13:37:00,1,719.88,lapa,3.7,4.77,6.02824258804321,1.1925
24.73,80,1011,,4.41,4,chuva forte,21.05,-23.552374,-46.689821,2024-02-18 15:18:00,1,785.78,pinheiros,46.2,5.77,8.84337615966797,1.4425
24.77,82,1011,,1.17,4,trovoada com chuva forte,21.49,-23.534116,-46.702397,2024-02-18 15:30:00,1,741.77,pinheiros,46.2,6.59,3.83503150939941,1.6475
22.34,88,1011,,1.17,4,chuva moderada,20.26,-23.565027,-46.680818,2024-02-18 15:50:00,1,743.84,pinheiros,46.2,23.77,7.85308599472046,5.9425
22.27,88,1011,,1.17,4,trovoada com chuva forte,20.19,-23.559566,-46.687238,2024-02-18 15:50:00,1,747.51,pinheiros,46.2,23.77,3.22837400436401,5.9425
22.98,89,1006,,1.35,4,trovoada com chuva,21.07,-23.587876,-46.690479,2024-02-20 14:16:00,1,719.8,pinheiros,16.5,11.07,2.80138683319092,2.7675
22.21,85,1006,,1.35,4,trovoada com chuva fraca,19.57,-23.559068,-46.681032,2024-02-20 14:22:00,1,764.47,pinheiros,16.5,15.39,5.92167568206787,3.8475
21.84,92,1007,,2.79,4,trovoada com chuva fraca,20.48,-23.578568,-46.694181,2024-02-20 14:35:00,1,721.56,pinheiros,16.5,6.24,7.51100444793701,1.56
21.84,88,1018,,3.63,4,trovoada com chuva,19.76,-23.567012,-46.655118,2024-02-24 14:41:00,1,794.3,pinheiros,10.3,8.24,10.6686944961548,2.06
25.4,88,1012,,0.21,4,trovoadas,23.27,-23.587336,-46.686735,2024-02-28 16:05:00,1,723.02,pinheiros,10.3,13.32,4.56079053878784,3.33
27.96,66,1010,,1.75,3,chuva moderada,21.02,-23.517059,-46.682645,2024-01-08 16:13:00,1,723.03,lapa,21.9,3.29,1.03755331039429,1.0966666666666667
27.95,66,1010,,1.75,3,chuva moderada,21.01,-23.519668,-46.673781,2024-01-08 16:14:00,1,720.48,lapa,21.9,3.29,1.18295407295227,1.0966666666666667
24.92,83,1013,,0.49,4,chuva leve,21.83,-23.597539,-46.697234,2024-01-10 18:28:00,1,726.94,butantã,32.7,2.29,3.37449097633362,0.5725
23.61,93,1013,,0.0,3,trovoada com chuva fraca,22.41,-23.519545,-46.674158,2024-01-10 18:50:00,1,720.25,lapa,33.6,2.08,1.35270059108734,0.6933333333333334
22.96,93,1013,,0.0,3,trovoada com chuva fraca,21.77,-23.50683,-46.747058,2024-01-10 18:56:00,1,728.23,lapa,33.6,2.08,10.1440544128418,0.6933333333333334
22.92,93,1013,,0.0,3,trovoada com chuva fraca,21.73,-23.524154,-46.701987,2024-01-10 19:10:00,1,726.92,lapa,33.6,2.08,2.82047843933105,0.6933333333333334
23.33,92,1014,,0.0,4,nublado,21.96,-23.523597,-46.708166,2024-01-10 19:42:00,1,739.04,lapa,33.6,2.08,1.99518501758575,0.52
23.47,92,1014,,0.0,4,nublado,22.09,-23.515366,-46.726628,2024-01-10 19:43:00,1,717.76,lapa,33.6,2.08,4.95326805114746,0.52
21.07,95,1016,,0.0,4,trovoada com chuva,20.24,-23.532642,-46.686769,2024-01-10 21:47:00,1,763.31,lapa,33.6,39.37,4.58413982391357,9.8425
21.16,95,1016,,29.97,1,chuva muito forte,20.33,-23.539122,-46.674903,2024-01-10 21:52:00,1,745.88,lapa,33.6,29.97,0.733701109886169,29.97
23.14,92,1013,,0.0,3,trovoada com chuva fraca,21.77,-23.540733,-46.728795,2024-01-10 19:09:00,1,720.4,pinheiros,50.8,2.08,0.984320282936096,0.6933333333333334
22.49,91,1015,,1.78,4,chuva moderada,20.95,-23.587436,-46.690813,2024-01-11 00:29:00,1,718.57,pinheiros,1.6,16.39,2.07442665100098,4.0975
24.66,77,1014,,0.29,4,chuva leve,20.36,-23.519609,-46.673848,2024-01-12 09:38:00,1,720.46,lapa,50.6,0.66,1.18295407295227,0.165
21.38,94,1015,,2.79,4,chuva moderada,20.37,-23.597539,-46.697283,2024-01-13 01:37:00,1,726.96,butantã,10.4,16.25,3.37449097633362,4.0625
21.33,95,1015,,2.79,4,chuva moderada,20.5,-23.604664,-46.694644,2024-01-13 02:25:00,1,724.55,pinheiros,60.7,14.86,5.3263201713562,3.715
22.1,91,1017,,0.0,4,névoa,20.56,-23.609501,-46.697704,2024-01-13 09:21:00,1,723.21,pinheiros,60.7,0.38,6.81936025619507,0.095
21.98,85,1013,,0.86,3,chuva leve,19.34,-23.546817,-46.734274,2024-01-19 06:03:00,1,717.75,butantã,6.0,1.51,2.36490035057068,0.5033333333333333
22.18,94,1014,,1.02,4,chuva moderada,21.17,-23.596127,-46.738509,2024-01-21 18:21:00,1,740.57,butantã,0.7,28.95,5.12249660491943,7.2375
18.26,85,1016,,0.0,3,nublado,15.7,-23.56342,-46.656181,2024-01-26 08:03:00,1,807.03,pinheiros,1.1,0.12,10.1948051452637,0.04
21.88,89,1013,,0.22,2,chuva leve,19.99,-23.515445,-46.726649,2024-01-27 17:11:00,1,718.29,lapa,5.3,2.0,5.3263201713562,1.0
21.6,90,1013,,0.0,3,nuvens dispersas,19.89,-23.515445,-46.726649,2024-01-27 18:09:00,1,718.29,lapa,5.3,2.0,5.3263201713562,0.6666666666666666
21.66,84,1016,,0.26,3,chuva leve,18.84,-23.516802,-46.742158,2024-01-28 13:01:00,1,719.92,lapa,15.5,0.93,1.39190220832825,0.31
21.11,83,1017,,0.14,1,chuva leve,18.11,-23.559921,-46.681105,2024-01-28 10:41:00,1,757.22,pinheiros,20.3,0.14,1.03755331039429,0.14
16.64,88,1017,,0.14,1,chuva leve,14.65,-23.556005,-46.686024,2024-01-28 10:47:00,1,753.31,pinheiros,20.3,0.14,3.94507098197937,0.14
19.03,95,1015,,11.94,1,chuva forte,18.21,-23.594163,-46.739805,2023-12-10 22:03:00,1,740.37,butantã,37.6,11.94,3.37449097633362,11.94
18.81,98,1015,,12.7,2,chuva forte,18.49,-23.600757,-46.694894,2023-12-10 22:19:00,1,722.2,pinheiros,28.2,14.61,15.0165367126465,7.305
28.95,71,1013,,0.0,3,nublado,23.16,-23.524937,-46.694604,2023-12-17 13:53:00,1,736.96,lapa,11.2,1.44,2.07442665100098,0.48
30.8,50,1013,,0.0,3,nublado,19.18,-23.526034,-46.695894,2023-12-17 14:02:00,1,742.12,lapa,11.2,1.44,5.56083726882935,0.48
21.47,89,1012,,0.0,4,algumas nuvens,19.58,-23.517449,-46.653605,2023-12-23 19:00:00,1,719.87,lapa,6.5,1.99,5.12249660491943,0.4975
18.83,96,1015,,0.0,0,trovoada com chuva,18.18,-23.536876,-46.456784,2023-12-10 21:37:00,1,744.08,itaquera,29.3,0.0,1.7665228843689,0.0
23.0,88,1013,,2.23,4,chuva moderada,20.91,-23.52275,-46.558991,2023-12-23 17:12:00,1,720.6,aricanduva/vilaformosa,54.1,4.76,2.64366388320923,1.19
22.66,89,1013,,2.23,4,chuva moderada,20.75,-23.555634,-46.517208,2023-12-23 17:27:00,1,733.98,aricanduva/vilaformosa,54.1,4.76,1.67271196842194,1.19
22.93,88,1013,,0.0,3,chuva leve,20.84,-23.541323,-46.544852,2023-12-23 17:30:00,1,730.07,aricanduva/vilaformosa,54.1,4.06,1.96805989742279,1.3533333333333333
18.57,100,1013,,0.0,3,trovoada com chuva fraca,18.57,-23.563072,-46.497268,2023-12-23 17:40:00,1,760.71,aricanduva/vilaformosa,54.1,4.06,3.54483652114868,1.3533333333333333
19.03,100,1013,,0.0,3,trovoada com chuva fraca,19.03,-23.539798,-46.542996,2023-12-23 17:54:00,1,728.38,aricanduva/vilaformosa,54.1,4.06,1.39190220832825,1.3533333333333333
21.09,90,1013,,0.0,0,algumas nuvens,19.39,-23.543965,-46.531314,2023-12-23 20:55:00,1,730.87,aricanduva/vilaformosa,54.1,0.0,2.10017395019531,0.0
21.99,88,1013,,0.0,3,trovoada com chuva forte,19.91,-23.536894,-46.456805,2023-12-23 17:35:00,1,744.08,itaquera,45.9,4.06,1.7665228843689,1.3533333333333333
21.73,100,1013,,0.0,3,trovoada com chuva forte,21.73,-23.541041,-46.459078,2023-12-23 17:48:00,1,749.97,itaquera,45.9,4.06,3.54483652114868,1.3533333333333333
21.67,92,1013,,0.0,4,trovoada com chuva fraca,20.31,-23.532722,-46.453689,2023-12-23 18:56:00,1,743.06,itaquera,45.9,4.06,0.464048534631729,1.015
21.84,91,1013,,2.23,4,chuva moderada,20.3,-23.544604,-46.593627,2023-12-23 17:27:00,1,740.5,mooca,51.2,4.76,4.14342880249023,1.19
19.51,100,1013,,0.0,3,trovoada com chuva forte,19.51,-23.540896,-46.512868,2023-12-23 18:00:00,1,745.05,penha,43.3,4.06,0.464048534631729,1.3533333333333333
21.34,89,1013,,2.23,4,chuva moderada,19.45,-23.590304,-46.543743,2023-12-23 17:14:00,1,753.47,vilaprudente,52.6,4.76,0.984320282936096,1.19
21.4,90,1013,,0.0,4,algumas nuvens,19.69,-23.556628,-46.577652,2023-12-23 19:40:00,1,736.14,vilaprudente,52.6,2.23,1.64024698734283,0.5575
21.56,90,1015,,0.0,0,nublado,19.85,-23.546292,-46.523921,2023-12-24 07:10:00,1,747.92,aricanduva/vilaformosa,0.1,0.0,5.48380661010742,0.0
19.74,93,1013,,0.0,0,nuvens dispersas,18.58,-23.535775,-46.491851,2023-12-24 00:44:00,1,786.13,itaquera,0.0,0.0,3.37449097633362,0.0
21.45,87,1013,,0.0,0,nublado,19.2,-23.533467,-46.540403,2023-12-24 04:26:00,1,739.03,penha,0.1,0.0,7.1885552406311,0.0
21.75,100,1015,,0.0,0,nuvens dispersas,21.75,-23.59556,-46.444796,2023-12-24 06:56:00,1,772.03,sãomateus,0.1,0.0,6.56660985946655,0.0
26.06,83,1010,,0.61,4,chuva leve,22.95,-23.515021,-46.455835,2024-01-08 16:56:00,1,736.29,ermelinomatarazzo,20.4,3.34,1.96805989742279,0.835
28.0,61,1010,,1.95,4,chuva moderada,19.78,-23.55278,-46.472965,2024-01-08 15:56:00,1,796.21,itaquera,18.3,2.83,3.29412221908569,0.7075
25.98,68,1010,,0.61,4,chuva leve,19.62,-23.491466,-46.404876,2024-01-08 16:30:00,1,730.57,sãomiguelpaulista,28.3,3.34,1.7665228843689,0.835
21.13,83,1012,,0.13,4,chuva leve,18.13,-23.560946,-46.558896,2024-01-09 18:03:00,1,762.58,aricanduva/vilaformosa,8.2,2.03,5.96631669998169,0.5075
22.62,94,1016,,0.0,0,trovoada com chuva fraca,21.6,-23.597341,-46.444619,2024-01-10 21:33:00,1,770.88,itaquera,19.1,0.0,2.9506402015686,0.0
21.62,92,1014,,0.0,0,céu limpo,20.26,-23.515411,-46.44373,2024-01-11 06:03:00,1,776.15,itaquera,0.7,0.0,4.91003084182739,0.0
21.45,94,1013,,0.0,0,nublado,20.44,-23.533496,-46.540425,2024-01-11 03:02:00,1,739.18,penha,0.8,0.0,10.087908744812,0.0
21.07,96,1013,,0.14,4,chuva leve,20.41,-23.564257,-46.548295,2024-01-12 19:16:00,1,793.14,aricanduva/vilaformosa,41.0,0.81,4.54907035827637,0.2025
21.17,96,1013,,0.14,4,chuva leve,20.51,-23.533457,-46.540554,2024-01-12 19:22:00,1,739.38,penha,43.5,0.81,6.01061630249023,0.2025
21.18,97,1013,,0.14,4,chuva leve,20.68,-23.590415,-46.543684,2024-01-12 18:46:00,1,753.84,vilaprudente,48.9,0.81,0.984320282936096,0.2025
21.63,95,1013,,4.06,4,chuva forte,20.79,-23.579959,-46.572069,2024-01-12 18:47:00,1,740.12,vilaprudente,48.9,4.73,2.2001416683197,1.1825
21.49,95,1013,,0.14,4,chuva leve,20.66,-23.590485,-46.543612,2024-01-12 18:48:00,1,753.93,vilaprudente,48.9,0.81,1.7665228843689,0.2025
21.76,95,1013,,4.06,4,chuva forte,20.92,-23.5888,-46.589309,2024-01-12 18:50:00,1,729.04,vilaprudente,48.9,4.73,2.49744963645935,1.1825
21.04,99,1014,,0.29,4,chuva leve,20.88,-23.533428,-46.540328,2024-01-13 03:04:00,1,738.74,penha,4.4,7.64,7.1885552406311,1.91
24.37,76,1015,,2.2,2,chuva moderada,19.87,-23.563838,-46.508677,2024-01-17 16:51:00,1,736.13,aricanduva/vilaformosa,27.7,2.46,1.91265225410461,1.23
24.12,78,1015,,2.2,2,chuva moderada,20.04,-23.533418,-46.540354,2024-01-17 16:53:00,1,738.79,aricanduva/vilaformosa,27.7,2.46,7.1885552406311,1.23
29.28,67,1013,,0.26,1,chuva leve,22.52,-23.542084,-46.458208,2024-01-17 16:18:00,1,748.91,itaquera,23.4,0.26,3.29412221908569,0.26
29.26,67,1013,,0.26,1,chuva leve,22.5,-23.537464,-46.456684,2024-01-17 16:23:00,1,745.52,itaquera,23.4,0.26,3.99894142150879,0.26
29.29,67,1013,,0.26,1,chuva leve,22.53,-23.542734,-46.458903,2024-01-17 16:25:00,1,747.81,itaquera,23.4,0.26,1.91265225410461,0.26
26.39,69,1015,,2.2,2,chuva moderada,20.25,-23.546399,-46.469259,2024-01-17 16:47:00,1,778.77,itaquera,23.4,2.46,6.02824258804321,1.23
25.59,92,1015,,1.2,3,chuva moderada,24.19,-23.51558,-46.455563,2024-01-17 17:33:00,1,737.27,itaquera,23.4,3.66,3.37449097633362,1.22
27.65,68,1013,,0.26,1,chuva leve,21.21,-23.535775,-46.491915,2024-01-17 16:22:00,1,786.04,penha,20.5,0.26,3.37449097633362,0.26
26.38,69,1015,,2.2,2,chuva moderada,20.24,-23.523541,-46.493977,2024-01-17 16:31:00,1,755.9,penha,20.5,2.46,1.91265225410461,1.23
24.46,73,1015,,2.2,2,chuva moderada,19.31,-23.546549,-46.481103,2024-01-17 17:00:00,1,794.48,penha,20.5,2.46,1.46716165542603,1.23
24.79,69,1012,,0.36,4,chuva leve,18.72,-23.546438,-46.46928,2024-01-18 16:30:00,1,778.91,itaquera,6.5,2.28,6.02824258804321,0.57
23.95,73,1010,,0.0,0,trovoadas,18.82,-23.537428,-46.550086,2024-01-19 18:53:00,1,728.02,aricanduva/vilaformosa,52.9,0.0,1.18295407295227,0.0
23.82,73,1010,,0.0,0,trovoadas,18.69,-23.558781,-46.569301,2024-01-19 18:56:00,1,736.46,aricanduva/vilaformosa,52.9,0.0,3.2449369430542,0.0
23.93,73,1010,,0.0,0,trovoadas,18.8,-23.543615,-46.531985,2024-01-19 19:15:00,1,730.06,aricanduva/vilaformosa,52.9,0.0,2.70389485359192,0.0
22.3,88,1015,,0.0,0,trovoada com chuva fraca,20.22,-23.539861,-46.467318,2024-01-19 00:59:00,1,776.04,ermelinomatarazzo,67.7,0.0,6.86567735671997,0.0
22.34,88,1015,,0.0,0,trovoada com chuva fraca,20.26,-23.535694,-46.452784,2024-01-19 01:02:00,1,746.35,ermelinomatarazzo,67.7,0.0,2.93240189552307,0.0
25.99,65,1014,,0.28,4,chuva leve,18.9,-23.515234,-46.443794,2024-01-19 11:23:00,1,775.83,ermelinomatarazzo,67.7,1.24,6.31176090240479,0.31
23.62,96,1013,,0.0,0,trovoada com chuva forte,22.94,-23.541985,-46.458087,2024-01-19 20:31:00,1,748.41,itaquera,36.2,0.0,3.02248573303223,0.0
23.77,73,1010,,0.0,0,trovoadas,18.64,-23.537087,-46.51995,2024-01-19 19:25:00,1,743.41,penha,71.4,0.0,5.92167568206787,0.0
23.86,73,1010,,0.0,0,trovoadas,18.73,-23.533535,-46.540576,2024-01-19 19:28:00,1,739.86,penha,71.4,0.0,10.087908744812,0.0
23.86,77,1010,,0.0,0,trovoadas,19.58,-23.555999,-46.577524,2024-01-19 19:06:00,1,735.86,vilaprudente,49.8,0.0,3.48386597633362,0.0
22.73,78,1012,,0.0,0,trovoada com chuva forte,18.7,-23.589928,-46.544002,2024-01-19 19:43:00,1,753.24,vilaprudente,49.8,0.0,0.928036212921143,0.0
23.26,84,1012,,0.0,0,nublado,20.41,-23.523714,-46.558906,2024-01-20 01:26:00,1,721.32,mooca,35.4,0.0,3.2449369430542,0.0
22.7,84,1012,,0.0,0,nublado,19.86,-23.53576,-46.491806,2024-01-20 00:18:00,1,786.31,penha,17.2,0.0,3.37449097633362,0.0
23.64,65,1013,,0.25,2,chuva leve,16.68,-23.547734,-46.476886,2024-01-24 12:53:00,1,804.41,penha,0.4,0.37,13.4842109680176,0.185
16.34,95,1014,,0.0,0,nublado,15.54,-23.547695,-46.476896,2024-01-26 04:00:00,1,804.55,ermelinomatarazzo,0.0,0.0,13.4842109680176,0.0
25.43,57,1013,,0.0,3,nublado,16.3,-23.542121,-46.458256,2024-01-27 15:23:00,1,748.78,itaquera,8.2,0.23,3.29412221908569,0.07666666666666667
20.73,87,1013,,0.0,2,nublado,18.49,-23.547705,-46.476907,2024-01-27 16:41:00,1,804.6,penha,5.9,0.27,13.4842109680176,0.135
18.56,80,1014,,1.61,4,chuva moderada,15.05,-23.558734,-46.569478,2024-01-31 15:54:00,1,736.49,aricanduva/vilaformosa,23.3,4.86,2.31902623176575,1.215
23.17,68,1014,,1.61,4,chuva moderada,16.94,-23.541934,-46.458073,2024-01-31 15:56:00,1,748.99,itaquera,24.0,4.86,3.02248573303223,1.215
20.91,78,1015,,0.23,4,chuva leve,16.93,-23.536944,-46.456856,2024-01-31 16:39:00,1,744.32,itaquera,24.0,4.36,1.35270059108734,1.09
20.35,77,1014,,1.61,4,chuva moderada,16.19,-23.542744,-46.606643,2024-01-31 15:51:00,1,732.09,mooca,18.6,4.86,1.35270059108734,1.215
20.97,78,1015,,0.23,4,chuva leve,16.99,-23.513474,-46.518352,2024-01-31 16:31:00,1,745.32,penha,15.3,4.36,4.76674842834473,1.09
21.14,78,1015,,0.23,4,chuva leve,17.16,-23.52918,-46.552752,2024-01-31 16:39:00,1,728.18,penha,15.3,4.36,0.928036212921143,1.09
19.08,88,1014,,1.61,4,chuva moderada,17.05,-23.590333,-46.543764,2024-01-31 15:39:00,1,753.74,vilaprudente,27.9,4.86,2.10017395019531,1.215
19.18,88,1014,,1.61,4,chuva moderada,17.15,-23.590304,-46.543721,2024-01-31 15:42:00,1,753.45,vilaprudente,27.9,4.86,0.984320282936096,1.215
20.29,77,1014,,1.61,4,chuva moderada,16.13,-23.582736,-46.56591,2024-01-31 15:45:00,1,739.02,vilaprudente,27.9,4.86,1.99518501758575,1.215
20.29,77,1014,,1.61,4,chuva moderada,16.13,-23.58275,-46.56596,2024-01-31 15:49:00,1,739.02,vilaprudente,27.9,4.86,1.99518501758575,1.215
19.06,79,1014,,1.61,4,chuva moderada,15.34,-23.589999,-46.543952,2024-01-31 15:58:00,1,752.83,vilaprudente,27.9,4.86,0.928036212921143,1.215
