temperatura,umidade,pressao,velocidade_vento,precipitacao_chuva,tempo_chuva,intensidade_chuva,ponto_orvalho,latitude,longitude,data_hora,historico_alagamento,solo,bairro,precipitacao_diaria,precipitacao_acumulada
26.81,65,1010,3.6,0.0,2,nuvens dispersas,19.68,-23.526789,-46.594733,2025-01-02 19:00:00,1,,Vila Maria/ Vila Guilherme,22.8,0.11
18.71,100,1012,5.14,0.0,0,trovoada com chuva fraca,18.71,-23.485011,-46.607741,2023-11-15 19:36:00,1,,Vila Maria/Vila Guilherme,39.1,0.0
19.02,98,1012,7.2,0.0,0,trovoada com chuva fraca,18.7,-23.50703,-46.603548,2023-11-15 19:47:00,1,,Vila Maria/Vila Guilherme,39.1,0.0
18.92,100,1012,5.14,0.0,0,trovoada com chuva fraca,18.92,-23.475137,-46.569995,2023-11-15 20:02:00,1,,Vila Maria/Vila Guilherme,39.1,0.0
22.02,91,1014,2.06,19.81,1,névoa,20.48,-23.508373,-46.611794,2023-11-28 20:46:00,1,,Vila Maria/Vila Guilherme,30.7,19.81
19.54,98,1013,3.09,0.0,3,trovoada com chuva fraca,19.22,-23.472208,-46.571746,2023-12-23 17:48:00,1,,Vila Maria/Vila Guilherme,40.4,4.06
20.12,96,1017,2.06,1.67,4,chuva moderada,19.46,-23.428385,-46.723131,2023-11-27 17:58:00,1,,Pirituba/Jaraguá,12.0,11.94
24.95,52,1012,7.2,0.0,3,algumas nuvens,14.42,-23.553304,-46.625659,2023-11-15 19:30:00,1,,Santana,34.9,0.15
21.04,93,1015,4.12,3.6,4,chuva moderada,19.86,-23.526522,-46.598701,2023-11-19 12:45:00,1,,Santana,22.2,6.15
20.16,92,1015,3.6,1.39,3,trovoada com chuva fraca,18.82,-23.526522,-46.598701,2023-11-28 23:00:00,1,,Santana,24.1,2.92
22.0,91,1014,2.06,19.81,1,chuva muito forte,20.46,-23.504268,-46.621147,2023-11-28 20:46:00,1,,Santana,24.1,19.81
25.68,70,1016,1.03,0.0,0,céu limpo,19.8,-23.537206,-46.650982,2023-12-08 07:56:00,1,,Santana,5.8,0.0
28.16,61,1013,2.57,0.0,3,chuva leve,19.93,-23.503148,-46.621262,2023-12-17 14:03:00,1,,Santana,9.0,1.44
22.66,90,1013,5.14,2.23,4,chuva moderada,20.94,-23.511408,-46.622389,2023-12-23 17:27:00,1,,Santana,28.9,4.76
22.31,97,1014,5.14,5.84,1,chuva forte,21.81,-23.507709,-46.690589,2023-11-23 07:46:00,1,,Freguesia do Ó,8.8,5.84
24.49,84,1013,5.66,0.0,3,nublado,21.61,-23.498796,-46.706667,2023-12-16 16:15:00,1,,Freguesia do Ó,23.1,0.18
24.96,1,1007,3.6,5.63,4,chuva forte,23.39,-23.5959,-46.738,2023-11-03 16:57:00,1,,Butantã,10.9,13.66
21.08,1,1007,3.6,5.63,4,chuva forte,20.92,-23.6073,-46.6969,2023-11-03 16:37:00,1,,Pinheiros,9.2,10.62
31.39,1,1008,4.12,0.15,3,chuva leve,27.94,-23.5971,-46.7413,2023-11-15 20:07:00,1,,Butantã,45.6,0.3
22.41,1,1014,4.12,0.0,4,chuva leve,21.91,-23.5888,-46.7284,2023-11-15 21:10:00,1,,Butantã,45.6,0.15
23.11,1,1012,7.2,0.0,3,trovoadas,18.01,-23.5321,-46.6862,2023-11-15 19:41:00,1,,Lapa,44.7,0.15
22.32,1,1013,2.06,2.79,4,chuva moderada,20.6,-23.5938,-46.6938,2023-11-19 06:03:00,1,,Butantã,33.9,32.16
20.59,1,1015,2.57,2.79,4,chuva moderada,19.59,-23.5829,-46.686,2023-11-19 16:14:00,1,,Pinheiros,28.3,15.6
20.65,1,1015,2.57,1.91,4,chuva moderada,19.65,-23.5849,-46.6867,2023-11-19 16:21:00,1,,Pinheiros,28.3,14.22
24.4,1,1011,3.6,0.0,4,trovoada com chuva fraca,20.32,-23.5875,-46.6865,2023-11-19 22:27:00,1,,Pinheiros,28.3,2.98
21.91,1,1017,2.57,0.0,4,chuva forte,21.24,-23.5704,-46.7102,2023-11-27 18:22:00,1,,Butantã,23.3,10.27
25.98,1,1016,4.12,3.91,4,chuva moderada,19.85,-23.5189,-46.6748,2023-11-27 18:14:00,1,,Lapa,15.0,14.18
20.94,1,1015,1.54,0.56,4,chuva moderada,19.94,-23.5268,-46.5944,2023-10-01 13:12:00,1,,Butantã,49.9,2.84
23.29,1,1012,3.6,2.94,4,chuva moderada,20.43,-23.5268,-46.5944,2023-10-01 18:09:00,1,,Butantã,49.9,6.17
19.59,1,1016,3.09,0.95,4,chuva leve,18.93,-23.5654,-46.6798,2023-10-01 03:08:00,1,,Pinheiros,51.6,3.32
22.15,1,1015,2.06,0.34,4,chuva forte,21.48,-23.6073,-46.6967,2023-10-01 13:54:00,1,,Pinheiros,51.6,9.82
19.74,1,1010,2.06,2.04,4,chuva moderada,19.41,-23.5099,-46.6893,2023-10-05 08:12:00,1,,Lapa,29.3,6.05
18.95,1,1010,2.06,1.34,4,chuva moderada,18.79,-23.541,-46.6701,2023-10-05 09:03:00,1,,Lapa,29.3,3.31
22.8,1,1011,2.57,0.0,0,algumas nuvens,20.34,-23.5849,-46.6863,2023-10-05 11:09:00,1,,Pinheiros,32.8,0.0
23.5,1,1012,5.14,0.32,4,chuva leve,21.4,-23.6007,-46.7501,2023-10-07 19:00:00,1,,Butantã,33.0,0.76
20.31,1,1011,4.12,0.0,3,trovoadas,19.48,-23.5627,-46.6584,2023-10-12 21:29:00,1,,Pinheiros,17.7,1.99
19.73,1,1018,2.57,0.47,4,chuva leve,18.39,-23.5113,-46.6881,2023-10-17 06:58:00,1,,Lapa,11.4,1.07
18.72,1,1011,3.6,1.02,4,chuva moderada,18.4,-23.6073,-46.696,2023-10-27 21:19:00,1,,Pinheiros,23.2,2.18
22.25,1,1010,3.09,1.78,4,chuva moderada,21.75,-23.5687,-46.6658,2023-10-29 19:53:00,1,,Pinheiros,17.1,8.64
21.72,1,1011,4.63,1.02,4,chuva moderada,20.01,-23.5973,-46.6967,2023-10-31 14:39:00,1,,Butantã,15.6,3.12
22.92,1,1011,4.63,26.54,4,chuva muito forte,21.37,-23.5711,-46.6656,2023-10-31 14:35:00,1,,Pinheiros,12.6,54.16
21.76,1,1011,4.63,26.54,4,chuva muito forte,20.23,-23.588,-46.6681,2023-10-31 14:36:00,1,,Pinheiros,12.6,54.16
25.03,1,1010,3.13,0.52,4,chuva leve,20.72,-23.6044,-46.6689,2023-10-31 17:05:00,1,,Pinheiros,12.6,3.02
21.77,1,1011,4.63,26.54,4,chuva muito forte,20.24,-23.588,-46.6686,2023-10-31 14:36:00,1,,Pinheiros,12.6,54.16
19.86,90,1010,4.92,15.24,4,chuva forte ,18.17,-23.6072,-46.6972,2023-01-04 16:41:00,1,,Santo Amaro ,29.4,16.76
22.8,86,1014,4.12,4.41,4,chuva forte ,20.34,-23.6072,-46.6972,2023-01-10 15:35:00,1,,Santo Amaro ,9.8,8.7
20.51,89,1014,3.6,20.45,4,chuva muito forte,18.63,-23.6008,-46.7186,2023-01-10 16:11:00,1,,Santo Amaro ,9.8,26.99
20.38,89,1012,3.1,0.25,4,chuva leve ,18.51,-23.6072,-46.6972,2023-01-14 02:22:00,1,,Santo Amaro ,4.1,19.56
25.32,80,1014,1.44,2.17,4,chuva moderada ,21.62,-23.6756,-46.7344,2023-01-15 17:11:00,1,,M'Boi Mirim ,19.8,2.86
21.42,88,1013,6.2,1.87,3,chuva moderada ,19.35,-23.6243,-46.6942,2023-01-15 17:23:00,1,,Santo Amaro ,37.7,6.3
21.24,89,1014,5.14,2.82,4,chuva moderada ,19.35,-23.6072,-46.6972,2023-01-15 18:04:00,1,,Santo Amaro ,37.7,9.12
23.95,94,1010,3.1,0.13,4,chuva leve ,22.92,-23.6826,-46.6905,2023-01-29 17:15:00,1,,Santo Amaro ,20.1,0.39
22.45,80,1011,2.1,0.21,4,chuva leve ,18.83,-23.6072,-46.6972,2023-01-29 17:29:00,1,,Santo Amaro ,20.1,0.75
21.5,90,1014,7.72,1.02,4,trovoada com chuva forte,19.79,-23.665,-46.7196,2023-01-31 20:27:00,1,,Capela do Socorro ,16.4,2.7
26.27,66,1012,3.1,0.55,4,chuva leve ,19.41,-23.6441,-46.7297,2023-01-31 17:08:00,1,,M'Boi Mirim ,20.2,0.65
27.25,69,1012,3.1,0.12,4,chuva leve ,21.07,-23.6072,-46.6972,2023-01-31 16:59:00,1,,Santo Amaro ,23.4,0.57
24.39,83,1015,7.72,0.52,4,chuva leve ,21.32,-23.7712,-46.6804,2023-12-08 15:31:00,1,,Capela do Socorro ,3.1,18.41
18.58,98,1015,5.14,11.94,2,chuva forte ,18.26,-23.6835,-46.6926,2023-12-10 22:32:00,1,,Santo Amaro ,44.9,12.05
22.27,78,1013,9.77,0.47,4,chuva leve ,18.25,-23.6639,-46.6786,2023-12-23 16:49:00,1,,Santo Amaro ,46.4,8.51
23.35,78,1013,9.77,0.47,4,trovoada com chuva forte,19.3,-23.6836,-46.6926,2023-12-23 16:50:00,1,,Santo Amaro ,46.4,8.51
22.03,96,1013,3.09,0.16,4,chuva leve ,21.36,-23.6731,-46.701,2023-12-23 17:52:00,1,,Santo Amaro ,46.4,7.27
20.25,94,1012,4.63,42.42,4,chuva muito forte ,19.25,-23.6189,-46.628,2023-12-23 17:26:00,1,,Vila Mariana ,24.6,50.59
20.98,96,1007,4.12,2.66,4,trovoada com chuva,20.32,-23.6573,-46.7062,2023-11-03 16:45:00,1,,Santo Amaro,16.1,7.73
21.78,97,1015,1.54,0.15,4,chuva moderada ,21.28,-23.6982,-46.7794,2023-11-19 13:54:00,1,,M' Boi Mirin ,17.9,5.13
20.5,93,1016,2.57,4.06,4,chuva forte ,19.33,-23.6735,-46.6995,2023-11-19 14:37:00,1,,Santo Amaro,26.2,8.49
24.07,82,1013,6.17,10.35,3,chuva forte ,20.81,-23.7531,-46.6811,2023-11-23 16:07:00,1,,Capela do Socorro ,13.5,16.84
23.38,91,1014,7.2,3.24,4,chuva moderada ,21.83,-23.6444,-46.7344,2023-11-23 16:40:00,1,,M' Boi Mirin ,7.7,20.08
25.66,89,1013,6.17,10.35,3,chuva forte ,23.71,-23.6759,-46.7489,2023-11-23 15:47:00,1,,M' Boi Mirin ,7.7,16.84
26.03,92,1013,6.17,10.35,3,chuva forte ,24.63,-23.6753,-46.7485,2023-11-23 15:40:00,1,,M' Boi Mirin ,7.7,16.84
21.5,94,1014,3.09,5.84,1,trovoada com chuva ,20.49,-23.6265,-46.6875,2023-11-23 07:56:00,1,,Santo Amaro,16.3,5.84
27.52,80,1012,6.27,6.27,2,chuva forte ,23.76,-23.6581,-46.7024,2023-11-23 15:22:00,1,,Santo Amaro,16.3,6.49
27.51,80,1012,7.72,6.27,2,chuva forte ,23.75,-23.6754,-46.6997,2023-11-23 15:22:00,1,,Santo Amaro,16.3,6.49
21.87,92,1014,5.14,29.59,1,chuva muito forte ,20.51,-23.6019,-46.6608,2023-11-23 07:37:00,1,,Vila Mariana ,11.6,29.59
21.34,94,1014,5.14,10.67,1,chuva forte ,20.33,-23.6055,-46.6643,2023-11-23 07:39:00,1,,Vila Mariana ,11.6,10.67
21.24,89,1017,5.14,5.67,4,chuva forte ,19.53,-23.5844,-46.6535,2023-11-27 16:44:00,1,,Vila Mariana ,15.3,11.39
20.19,90,1014,7.72,10.92,1,trovoada com chuva ,18.5,-23.6261,-46.6874,2023-11-28 21:10:00,1,,Santo Amaro,19.0,10.92
27.28,67,1010,5.14,0.22,4,chuva leve ,20.62,-23.6838,-46.6926,2023-11-29 15:41:00,1,,Santo Amaro,15.7,3.13
22.39,90,1012,4.12,1.77,1,chuva moderada ,20.67,-23.6615,-46.6794,2023-11-29 18:55:00,1,,Santo Amaro,15.7,1.77
22.52,90,1012,4.12,1.77,1,chuva moderada ,20.8,-23.6632,-46.7077,2023-11-29 18:00:00,1,,Santo Amaro,15.7,1.77
22.54,90,1012,4.12,1.77,1,chuva moderada ,20.82,-23.6732,-46.7016,2023-11-29 19:19:00,1,,Santo Amaro,15.7,1.77
26.21,72,1012,6.69,2.22,3,chuva moderada ,20.76,23.6189,-46.628,2023-11-29 15:04:00,1,,jabaquara ,18.2,2.35
26.3,69,1011,6.69,2.77,2,chava moderada,20.16,-23.6294,-46.6352,2023-11-29 14:26:00,1,,      Vila Mariana,5.1,2.91
22.46,90,1015,1.54,0.31,4,chuva fraca,20.74,-23.53685,-46.456781,2024-11-02 15:39:00,1,,Itaquera,37.9,0.89
22.71,83,1016,3.6,1.11,4,chuva moderada,19.67,-23.506032,-46.456596,2024-11-04 12:26:00,1,,São Miguel Paulista,11.1,3.49
21.17,94,1012,4.12,5.35,4,trovoada com chuva,20.17,-23.541286,-46.53832,2024-11-06 17:47:00,1,,Aricanduva/ Vila Formosa,15.8,9.17
23.49,84,1012,3.6,0.23,4,trovoada com chuva fraca,20.63,-23.525248,-46.444783,2024-11-06 15:52:00,1,,Itaquera,24.3,11.46
21.99,94,1012,1.03,5.35,4,trovoada com chuva fraca,20.98,-23.553454,-46.446351,2024-11-06 18:01:00,1,,Itaquera,24.3,9.17
24.34,78,1012,4.63,2.82,4,chuva moderada,20.26,-23.494024,-46.419701,2024-11-06 14:55:00,1,,Itaim Paulista,32.3,11.83
21.35,91,1011,3.09,0.77,4,trovoada com chuva,19.82,-23.551485,-46.577669,2024-11-06 16:50:00,1,,Mooca,21.4,8.6
21.42,94,1012,4.12,5.35,4,trovoada com chuva fraca,20.41,-23.532766,-46.521886,2024-11-06 17:51:00,1,,Penha,24.3,9.17
18.1,94,1009,6.17,4.18,4,chuva de intensidade forte,17.12,-23.524518,-46.557221,2024-11-08 15:42:00,1,,Aricanduva/ Vila Formosa,27.5,24.01
18.0,94,1013,4.63,0.32,4,chuva fraca,17.02,-23.524518,-46.557221,2024-11-08 20:37:00,1,,Aricanduva/ Vila Formosa,27.5,2.88
21.49,83,1009,5.14,0.57,4,chuva fraca,18.48,-23.56509,-46.418858,2024-11-08 07:27:00,1,,Cidade Tiradentes,35.0,4.04
22.11,88,1009,4.12,0.46,4,chuva fraca,20.03,-23.56621,-46.442022,2024-11-08 07:45:00,1,,Itaquera,38.1,3.66
18.36,95,1009,6.17,4.18,4,chuva de intensidade forte,17.55,-23.552479,-46.577326,2024-11-08 16:24:00,1,,Mooca,37.2,24.01
17.98,94,1012,4.63,0.73,4,chuva fraca,17.0,-23.527923,-46.553178,2024-11-08 20:03:00,1,,Penha,31.4,4.87
22.79,89,1012,3.09,2.76,4,névoa,20.88,-23.530647,-46.553741,2024-12-05 18:11:00,1,,Aricanduva/ Vila Formosa,3.4,6.13
21.02,98,1015,1.54,1.02,4,chuva moderada,20.69,-23.636592,-46.594274,2024-12-05 20:42:00,1,,Itaquera,5.6,34.15
23.45,85,1012,3.09,2.76,4,chuva moderada,20.78,-23.526742,-46.555941,2024-12-05 17:47:00,1,,Mooca,12.6,6.13
21.63,88,1012,4.12,0.56,4,chuva fraca,19.56,-23.593851,-46.444189,2024-12-10 07:26:00,1,,São Mateus,15.2,1.84
21.63,88,1012,4.12,0.56,4,chuva fraca,19.56,-23.594033,-46.444234,2024-12-10 07:26:00,1,,São Mateus,15.2,1.84
19.97,90,1011,4.12,3.18,4,chuva moderada,18.28,-23.556251,-46.516767,2024-12-20 18:10:00,1,,Aricanduva/ Vila Formosa,24.1,17.23
23.47,83,1011,11.83,4.81,4,trovoada com chuva fraca,20.42,-23.54266,-46.458748,2024-12-20 17:05:00,1,,Itaquera,54.0,14.31
23.44,83,1011,11.83,4.81,4,trovoada com chuva fraca,20.39,-23.553475,-46.446381,2024-12-20 17:28:00,1,,Itaquera,54.0,14.31
22.15,83,1011,11.83,3.18,4,trovoada com chuva fraca,19.13,-23.537374,-46.456832,2024-12-20 17:30:00,1,,Itaquera,54.0,17.23
22.23,88,1011,5.66,3.18,4,trovoada com chuva fraca,20.15,-23.515998,-46.454939,2024-12-20 17:41:00,1,,Itaquera,54.0,17.23
21.97,88,1011,5.66,3.18,4,chuva moderada,19.89,-23.517381,-46.476211,2024-12-20 17:42:00,1,,Itaquera,54.0,17.23
22.21,88,1011,5.66,3.18,4,trovoada com chuva fraca,20.13,-23.534071,-46.452239,2024-12-20 17:43:00,1,,Itaquera,54.0,17.23
21.58,88,1011,5.66,3.18,4,chuva moderada,19.51,-23.543282,-46.473338,2024-12-20 17:47:00,1,,Itaquera,54.0,17.23
19.9,88,1011,6.17,3.18,4,chuva moderada,17.85,-23.542755,-46.606665,2024-12-20 17:50:00,1,,Itaquera,54.0,17.23
21.97,88,1011,5.66,3.18,4,trovoada com chuva fraca,19.89,-23.535309,-46.436918,2024-12-20 17:55:00,1,,Itaquera,54.0,17.23
20.25,92,1011,4.12,3.18,4,chuva moderada,18.91,-23.581537,-46.489899,2024-12-20 18:05:00,1,,Itaquera,54.0,17.23
22.2,88,1011,5.66,3.18,4,trovoada com chuva fraca,20.12,-23.530765,-46.456802,2024-12-20 18:05:00,1,,Itaquera,54.0,17.23
21.75,88,1011,5.66,3.18,4,trovoada com chuva fraca,19.67,-23.556169,-46.466454,2024-12-20 18:05:00,1,,Itaquera,54.0,17.23
22.21,88,1011,5.66,3.18,4,trovoada com chuva fraca,20.13,-23.532438,-46.4543,2024-12-20 18:05:00,1,,Itaquera,54.0,17.23
27.22,66,1008,5.22,0.26,3,chuva fraca,20.32,-23.493926,-46.419895,2024-12-20 14:08:00,1,,Itaim Paulista,43.2,0.66
20.52,86,1011,11.83,4.81,4,trovoada com chuva forte,18.1,-23.544727,-46.59478,2024-12-20 17:08:00,1,,Mooca,28.0,14.31
19.57,85,1011,9.77,4.81,4,trovoada com chuva forte,16.98,-23.544177,-46.483652,2024-12-20 17:29:00,1,,Penha,37.1,14.31
19.9,90,1011,6.17,3.18,4,chuva moderada,18.21,-23.533231,-46.520574,2024-12-20 17:39:00,1,,Penha,37.1,17.23
22.04,88,1011,5.66,3.18,4,chuva moderada,19.96,-23.507148,-46.486283,2024-12-20 17:59:00,1,,Penha,37.1,17.23
21.91,88,1011,5.66,3.18,4,trovoada com chuva fraca,19.83,-23.546181,-46.435525,2024-12-20 18:05:00,1,,Penha,37.1,17.23
19.82,89,1011,4.12,3.18,4,chuva moderada,17.95,-23.515447,-46.519502,2024-12-20 18:05:00,1,,Penha,37.1,17.23
19.88,89,1011,4.12,3.18,4,chuva moderada,18.01,-23.558941,-46.568953,2024-12-20 18:05:00,1,,Penha,37.1,17.23
20.65,87,1012,3.09,3.42,4,chuva moderada,18.41,-23.535806,-46.492293,2024-12-20 18:38:00,1,,Penha,37.1,17.48
24.96,73,1012,2.57,7.89,4,chuva de intensidade forte,19.79,-23.525904,-46.430584,2024-12-21 14:30:00,1,,Guaianases,37.6,16.34
24.96,73,1012,2.57,7.89,4,chuva de intensidade forte,19.79,-23.523758,-46.429626,2024-12-21 14:30:00,1,,Guaianases,37.6,16.34
25.68,70,1011,3.6,5.69,4,chuva de intensidade forte,19.8,-23.541983,-46.458095,2024-12-21 14:25:00,1,,"Itaquera
",60.1,9.09
25.67,70,1011,3.6,5.69,4,chuva de intensidade forte,19.79,-23.537071,-46.45691,2024-12-21 14:28:00,1,,"Itaquera
",60.1,9.09
24.57,73,1012,2.57,7.89,4,chuva de intensidade forte,19.41,-23.573335,-46.445875,2024-12-21 14:30:00,1,,"Itaquera
",60.1,16.34
24.72,73,1012,2.57,7.89,4,chuva de intensidade forte,19.56,-23.536188,-46.43809,2024-12-21 14:30:00,1,,"Itaquera
",60.1,16.34
21.85,91,1011,3.09,2.46,4,chuva moderada,20.31,-23.544544,-46.593829,2024-12-21 16:18:00,1,,Mooca,59.5,17.96
21.44,93,1014,3.6,1.78,4,chuva moderada,20.26,-23.522339,-46.625227,2024-12-21 18:49:00,1,,Mooca,59.5,42.56
25.88,70,1012,6.69,7.89,4,chuva de intensidade forte,19.99,-23.515585,-46.529636,2024-12-21 14:30:00,1,,"Penha
",83.4,16.34
25.88,71,1012,6.69,7.89,4,chuva de intensidade forte,20.22,-23.528966,-46.515448,2024-12-21 14:30:00,1,,"Penha
",83.4,16.34
20.32,97,1012,5.14,7.89,4,névoa,19.83,-23.514667,-46.52078,2024-12-21 15:15:00,1,,"Penha
",83.4,16.34
25.0,76,1012,7.15,7.89,4,chuva de intensidade forte,20.48,-23.577111,-46.584349,2024-12-21 14:30:00,1,,Vila Prudente,14.1,16.34
21.93,90,1011,2.06,0.1,4,trovoada,20.21,-23.542508,-46.482715,2024-12-25 19:25:00,1,,Ermelino Matarazzo,25.7,3.74
22.76,88,1010,3.6,0.63,4,trovoada com chuva fraca,20.67,-23.551994,-46.474712,2024-12-25 18:03:00,1,,Itaquera,24.9,4.05
22.15,91,1011,2.06,0.1,4,trovoada,20.61,-23.536919,-46.456835,2024-12-25 18:42:00,1,,Itaquera,24.9,3.74
20.98,91,1011,2.06,0.1,4,trovoada,19.45,-23.581688,-46.490966,2024-12-25 18:50:00,1,,Itaquera,24.9,3.74
22.32,93,1010,3.6,0.63,4,trovoada com chuva forte,21.13,-23.544624,-46.59426,2024-12-25 17:43:00,1,,Mooca,25.8,4.05
19.94,94,1010,3.6,0.63,4,trovoada com chuva fraca,18.95,-23.543179,-46.593312,2024-12-25 17:45:00,1,,Mooca,25.8,4.05
19.71,94,1010,3.09,0.63,4,trovoada com chuva fraca,18.72,-23.547077,-46.560618,2024-12-25 18:00:00,1,,Mooca,25.8,4.05
19.71,94,1010,3.09,0.63,4,trovoada com chuva fraca,18.72,-23.546691,-46.560904,2024-12-25 18:00:00,1,,Mooca,25.8,4.05
23.14,83,1010,3.6,0.63,4,trovoada com chuva fraca,20.09,-23.528046,-46.553178,2024-12-25 17:38:00,1,,Penha,29.2,4.05
19.73,94,1010,3.09,0.63,4,trovoada com chuva fraca,18.74,-23.527891,-46.511185,2024-12-25 17:59:00,1,,Penha,29.2,4.05
19.84,94,1010,3.09,0.63,4,trovoada com chuva fraca,18.85,-23.53148,-46.520862,2024-12-25 18:07:00,1,,Penha,29.2,4.05
19.81,94,1010,3.09,0.63,4,trovoada com chuva fraca,18.82,-23.51472,-46.520703,2024-12-25 18:12:00,1,,Penha,29.2,4.05
22.97,85,1011,6.17,1.2,4,chuva moderada,20.31,-23.535388,-46.54893,2024-12-26 12:02:00,1,,Aricanduva/ Vila Formosa,41.2,9.26
21.09,94,1011,1.03,0.79,4,chuva fraca,20.09,-23.534432,-46.434341,2024-12-26 07:16:00,1,,Itaquera,44.3,3.66
21.15,94,1011,1.03,0.79,4,chuva fraca,20.15,-23.541531,-46.457623,2024-12-26 07:24:00,1,,Itaquera,44.3,3.66
20.08,94,1011,1.54,0.61,4,névoa,19.08,-23.525109,-46.557067,2024-12-26 05:56:00,1,,Mooca,45.9,5.26
21.01,96,1011,2.57,0.9,4,chuva fraca,20.35,-23.5373,-46.617697,2024-12-26 07:52:00,1,,Mooca,45.9,7.06
20.99,95,1011,2.57,1.78,4,chuva moderada,20.16,-23.537245,-46.613956,2024-12-26 08:06:00,1,,Mooca,45.9,8.95
21.8,90,1013,1.54,0.12,4,chuva fraca,20.09,-23.539952,-46.611278,2024-12-27 08:01:00,1,,Mooca,11.8,0.51
21.95,89,1013,1.54,0.12,4,chuva fraca,20.05,-23.52855,-46.553179,2024-12-27 07:44:00,1,,Penha,31.5,0.51
21.96,89,1013,1.54,0.12,4,chuva fraca,20.06,-23.525734,-46.552578,2024-12-27 07:53:00,1,,Penha,31.5,0.51
22.89,86,1013,2.57,0.21,4,chuva fraca,20.42,-23.529452,-46.553554,2024-12-27 08:40:00,1,,Penha,31.5,0.45
20.99,83,1012,4.12,0.13,4,trovoada com chuva fraca,17.99,-23.50703,-46.603548,2024-01-09 17:33:00,1,,Vila Maria/Vila Guilherme,28.8,2.03
21.87,96,1019,3.09,0.22,4,chuva forte,21.2,-23.50703,-46.603548,2024-02-14 00:05:00,1,,Vila Maria/Vila Guilherme,18.9,2.41
21.38,95,1013,3.6,12.45,4,chuva forte,20.55,-23.508373,-46.611794,2024-01-12 18:40:00,1,,Vila Maria/Vila Guilherme,59.6,13.12
21.96,95,1016,1.54,0.0,0,chuva leve,21.12,-23.472208,-46.571746,2024-01-10 21:55:00,1,,Vila Maria/Vila Guilherme,32.0,0.0
21.47,96,1013,5.14,0.14,4,chuva leve,20.81,-23.472711,-46.571596,2024-01-12 19:07:00,1,,Vila Maria/Vila Guilherme,59.6,0.81
21.7,90,1019,5.14,0.64,3,trovoada com chuva forte,19.99,-23.472711,-46.571596,2024-02-13 23:03:00,1,,Vila Maria/Vila Guilherme,42.2,2.19
24.22,92,1013,3.09,39.37,3,trovoada com chuva fraca,22.84,-23.487212,-46.714751,2024-01-10 18:45:00,1,,Pirituba/Jaraguá,25.5,41.45
22.86,93,1013,3.09,0.0,3,trovoada com chuva fraca,21.67,-23.498451,-46.706975,2024-01-10 18:56:00,1,,Pirituba/Jaraguá,25.5,2.08
17.83,94,1017,2.06,1.15,4,chuva moderada,16.85,-23.431523,-46.718818,2024-01-23 10:02:00,1,,Pirituba/Jaraguá,22.2,5.42
18.97,88,1020,3.09,0.36,3,chuva leve,16.94,-23.50412,-46.624474,2024-02-02 13:47:00,1,,Santana,11.8,1.64
21.81,95,1017,3.09,0.11,4,chuva leve,20.97,-23.526522,-46.598701,2024-02-14 02:30:00,1,,Santana,25.4,0.52
21.66,95,1016,1.54,11.94,1,trovoada com chuva,20.82,-23.511408,-46.622389,2024-01-10 21:57:00,1,,Santana,36.8,11.94
21.48,95,1013,3.6,17.78,4,chuva muito forte,20.65,-23.511408,-46.622389,2024-01-12 18:35:00,1,,Santana,62.2,18.45
27.64,78,1010,6.17,1.75,3,chuva moderada,23.45,-23.513356,-46.629275,2024-01-08 16:25:00,1,,Santana,19.3,3.29
21.17,83,1010,9.77,0.21,4,névoa,18.17,-23.514953,-46.641167,2024-01-08 16:35:00,1,,Santana,19.3,3.5
22.44,95,1016,1.54,0.0,2,trovoada com chuva,21.6,-23.514953,-46.641167,2024-01-10 22:30:00,1,,Santana,36.8,30.48
21.89,94,1016,3.6,0.0,0,trovoada com chuva forte,20.88,-23.503748,-46.648866,2024-01-10 21:37:00,1,,Santana,36.8,0.0
21.31,94,1016,3.6,0.0,0,trovoada com chuva forte,20.3,-23.501223,-46.683717,2024-01-10 21:40:00,1,,Freguesia do Ó,23.7,0.0
18.96,94,1011,6.69,1.17,4,chuva moderada,17.97,-23.50471,-46.675745,2024-02-18 16:22:00,1,,Freguesia do Ó,7.6,6.59
28.77,66,1010,1.96,1.75,3,chuva moderada,21.79,-23.499071,-46.68373,2024-01-08 16:19:00,1,,Casa Verde,25.9,3.29
24.05,92,1013,3.09,39.37,3,trovoada com chuva fraca,22.67,-23.499071,-46.68373,2024-01-10 18:46:00,1,,Casa Verde,26.5,41.45
21.1,95,1009,3.6,16.76,4,chuva muito forte,20.27,-23.499071,-46.68373,2024-02-21 18:02:00,1,,Casa Verde,18.6,60.17
26.04,83,1010,4.63,0.21,4,chuva leve,22.93,-23.511279,-46.668402,2024-01-08 16:34:00,1,,Casa Verde,25.9,3.5
22.99,94,1013,3.09,0.0,3,trovoada com chuva fraca,21.97,-23.502448,-46.685965,2024-01-10 19:09:00,1,,Casa Verde,26.5,2.08
21.96,95,1019,3.09,5.84,4,chuva forte,21.12,-23.502448,-46.685965,2024-02-14 00:21:00,1,,Casa Verde,28.5,11.42
21.93,94,1016,3.6,0.0,0,trovoada com chuva forte,20.92,-23.505935,-46.676012,2024-01-10 21:37:00,1,,Casa Verde,26.5,0.0
21.41,95,1016,1.54,0.0,4,trovoada com chuva,20.58,-23.515056,-46.653688,2024-01-10 21:45:00,1,,Casa Verde,26.5,39.37
21.41,97,1013,1.03,0.0,0,algumas nuvens,20.91,-23.515056,-46.653688,2024-01-11 05:25:00,1,,Casa Verde,0.8,0.0
21.37,96,1016,1.54,10.67,1,trovoada com chuva,20.71,-23.504779,-46.675718,2024-01-10 22:02:00,1,,Casa Verde,26.5,10.67
22.47,95,1016,1.54,0.0,2,trovoada com chuva,21.63,-23.508762,-46.666175,2024-01-10 22:29:00,1,,Casa Verde,26.5,5.84
24.0,73,1014,4.63,0.0,0,céu limpo,18.86,-23.515824,-46.652132,2024-01-11 06:59:00,1,,Casa Verde,0.8,0.0
23.16,94,1015,2.06,3.21,3,chuva forte,22.14,-23.483996,-46.716305,2024-11-02 14:52:00,1,,Pirituba/Jaraguá,37.5,3.77
23.11,94,1015,2.06,3.21,3,chuva forte,22.09,-23.498396,-46.707066,2024-11-02 14:56:00,1,,Pirituba/Jaraguá,37.5,3.77
20.1,95,1016,2.57,0.68,4,chuva leve,19.27,-23.495352,-46.610915,2024-11-03 09:12:00,1,,Santana,8.5,2.97
22.93,86,1011,4.12,0.25,4,chuva leve,20.46,-23.498921,-46.683761,2024-11-06 16:25:00,1,,Casa Verde,19.5,4.33
23.02,87,1011,4.12,2.91,4,chuva moderada,20.74,-23.50386,-46.683083,2024-11-06 16:30:00,1,,Casa Verde,19.5,7.25
22.91,86,1011,4.12,0.25,4,chuva leve,20.44,-23.481944,-46.676904,2024-11-06 16:28:00,1,,Freguesia do Ó,24.8,4.33
21.36,92,1011,3.09,2.91,4,chuva moderada,20.01,-23.501357,-46.690638,2024-11-06 16:46:00,1,,Freguesia do Ó,24.8,8.25
22.84,84,1011,4.12,0.77,4,chuva leve,19.99,-23.460909,-46.603736,2024-11-06 16:30:00,1,,Jaçanã/ Tremembé,11.7,11.42
21.29,92,1011,3.09,0.77,4,chuva leve,19.94,-23.473534,-46.573829,2024-11-06 17:12:00,1,,Vila Maria/ Vila Guilherme,25.3,11.42
21.97,92,1011,3.09,2.91,4,chuva moderada,20.61,-23.497819,-46.747051,2024-11-06 16:34:00,1,,Pirituba/Jaraguá,44.0,6.72
21.45,96,1012,4.12,2.79,3,chuva moderada,20.79,-23.470465,-46.735021,2024-11-06 18:04:00,1,,Pirituba/Jaraguá,44.0,16.76
24.86,87,1011,0.37,0.25,4,chuva leve,22.55,-23.406803,-46.760371,2024-11-06 15:52:00,1,,Perus,55.6,5.11
22.77,94,1011,3.6,0.25,4,chuva leve,21.75,-23.431901,-46.800613,2024-11-06 16:25:00,1,,Perus,55.6,5.11
24.84,86,1011,3.6,0.25,4,chuva leve,22.34,-23.40677,-46.750923,2024-11-06 16:25:00,1,,Perus,55.6,5.11
24.43,96,1011,1.66,2.91,4,chuva moderada,23.75,-23.405731,-46.764516,2024-11-06 16:46:00,1,,Perus,55.6,7.5
23.01,97,1012,1.83,0.4,4,chuva leve,22.51,-23.405545,-46.751341,2024-11-06 17:53:00,1,,Perus,55.6,4.34
21.64,92,1010,4.12,5.84,4,chuva forte,20.28,-23.46031,-46.721633,2024-11-08 11:16:00,1,,Pirituba/Jaraguá,57.0,7.22
21.93,94,1010,4.63,0.15,4,chuva leve,20.92,-23.557177,-46.618385,2024-11-08 09:47:00,1,,Santana,44.6,1.37
25.6,68,1013,4.06,0.12,4,chuva leve,19.26,-23.4068,-46.750923,2024-11-15 14:47:00,1,,Perus,9.5,0.49
22.96,93,1012,1.54,1.02,4,chuva moderada,21.77,-23.498901,-46.683771,2024-12-05 17:44:00,1,,Casa Verde,28.0,9.94
21.7,94,1013,1.54,28.7,4,chuva muito forte,20.69,-23.501133,-46.683729,2024-12-05 19:22:00,1,,Casa Verde,28.0,39.05
20.71,94,1012,5.66,3.21,3,chuva moderada,19.71,-23.449506,-46.684895,2024-12-05 16:42:00,1,,Freguesia do Ó,25.0,8.92
22.42,92,1012,3.09,2.79,4,chuva moderada,21.06,-23.508873,-46.610991,2024-12-05 17:36:00,1,,Vila Maria/ Vila Guilherme,24.4,6.16
23.26,87,1012,4.02,2.76,4,chuva moderada,20.97,-23.506862,-46.603716,2024-12-05 17:48:00,1,,Vila Maria/ Vila Guilherme,24.4,6.13
20.33,91,1011,6.17,23.88,4,chuva muito forte,18.81,-23.499039,-46.683729,2024-12-20 17:40:00,1,,Casa Verde,26.2,38.61
20.96,85,1012,3.09,3.42,4,chuva moderada,18.34,-23.473593,-46.573807,2024-12-20 18:32:00,1,,Jaçanã/ Tremembé,37.3,17.48
25.95,68,1012,6.69,7.89,4,chuvas,19.59,-23.50695,-46.603652,2024-12-21 14:30:00,1,,Vila Maria/ Vila Guilherme,49.5,16.34
19.59,99,1010,1.03,2.79,4,chuva moderada,19.43,-23.519337,-46.631289,2024-12-27 02:31:00,1,,Santana,25.6,13.1
20.78,96,1012,2.06,0.0,4,nublado,20.12,-23.534527,-46.646317,2024-12-27 06:35:00,1,,Santana,25.6,0.38
24.14,73,1015,3.09,0.18,2,chuva leve,19.0,-23.5463,-46.7342,2024-11-02 14:24:00,1,,Butantã,28.7,0.56
19.98,88,1015,5.14,3.21,3,chuva moderada,17.93,-23.522,-46.6714,2024-11-02 14:59:00,1,,Lapa,34.3,3.77
21.88,91,1015,5.14,3.21,3,chuva moderada,20.34,-23.5106,-46.7054,2024-11-02 15:10:00,1,,Lapa,34.3,3.77
24.14,73,1015,3.09,0.18,2,chuva leve,19.0,-23.5463,-46.7342,2024-11-02 14:24:00,1,,Butantã,28.7,0.56
19.98,88,1015,5.14,3.21,3,chuva moderada,17.93,-23.522,-46.6714,2024-11-02 14:59:00,1,,Lapa,34.3,3.77
21.88,91,1015,5.14,3.21,3,chuva moderada,20.34,-23.5106,-46.7054,2024-11-02 15:10:00,1,,Lapa,34.3,3.77
24.14,73,1015,3.09,0.18,2,chuva leve,19.0,-23.5463,-46.7342,2024-11-02 14:24:00,1,,Butantã,28.7,0.56
19.98,88,1015,5.14,3.21,3,chuva moderada,17.93,-23.522,-46.6714,2024-11-02 14:59:00,1,,Lapa,34.3,3.77
21.88,91,1015,5.14,3.21,3,chuva moderada,20.34,-23.5106,-46.7054,2024-11-02 15:10:00,1,,Lapa,34.3,3.77
23.77,91,1014,2.42,0.55,3,chuva leve,22.21,-21.8137,-47.498,2024-11-02 17:48:00,1,,Lapa,34.3,1.73
21.83,90,1015,5.14,3.21,3,chuva moderada,20.12,-23.5193,-46.6741,2024-11-02 15:23:00,1,,Lapa,34.3,3.77
21.89,96,1011,3.09,25.02,4,chuva muito forte,21.22,-23.5704,-46.7106,2024-11-06 17:29:00,1,,Butantã,27.0,28.83
21.25,96,1013,3.09,0.38,4,chuva leve,20.59,-23.5098,-46.6899,2024-11-07 06:35:00,1,,Lapa,3.4,1.16
23.25,86,1009,4.63,3.36,4,chuva moderada,20.78,-23.5701,-46.7116,2024-11-08 13:17:00,1,,Butantã,72.6,27.56
23.39,84,1009,5.36,3.36,4,chuva moderada,20.53,-23.5684,-46.7101,2024-11-08 13:22:00,1,,Butantã,72.6,21.46
20.16,96,1008,3.6,2.79,4,chuva moderada,19.5,-23.5112,-46.6898,2024-11-08 05:45:00,1,,Lapa,64.9,8.7
20.88,94,1009,4.63,0.77,4,chuva leve,19.88,-23.5147,-46.6985,2024-11-08 07:13:00,1,,Lapa,64.9,5.16
21.97,94,1010,4.63,0.2,4,chuva leve,20.96,-23.5147,-46.6985,2024-11-08 10:13:00,1,,Lapa,64.9,1.6
19.13,96,1009,6.17,11.94,4,chuva forte,18.48,-23.6073,-46.6972,2024-11-08 16:02:00,1,,Pinheiros ,61.3,27.69
26.29,98,1011,6.69,0.25,4,chuva leve,25.95,-23.6006,-46.7186,2024-11-28 17:20:00,1,,Butantã,20.5,2.05
21.6,93,1013,3.09,7.62,4,chuva forte,20.42,-23.6121,-46.6719,2024-11-28 20:08:00,1,,Pinheiros ,14.9,10.89
21.7,81,1012,6.2,0.11,3,trovoada com chuva fraca,18.3,-23.562848,-46.559414,2025-01-02 20:17:00,1,,Aricanduva/ Vila Formosa,17.2,0.22
23.92,69,1012,6.17,0.11,3,trovoada,17.89,-23.544714,-46.460679,2025-01-02 20:18:00,1,,Itaquera,13.5,0.22
21.82,83,1012,2.1,0.18,4,chuva fraca,18.8,-23.544429,-46.459992,2025-01-02 21:16:00,1,,Itaquera,13.5,0.4
21.92,85,1012,1.64,0.11,3,chuva fraca,19.28,-23.486744,-46.381974,2025-01-02 20:14:00,1,,Itaim Paulista,51.6,0.22
21.88,80,1012,6.2,1.02,3,trovoada com chuva fraca,18.28,-23.542711,-46.607011,2025-01-02 20:07:00,1,,Mooca,27.7,1.13
21.85,78,1012,6.2,0.11,3,trovoada com chuva fraca,17.84,-23.544683,-46.59397,2025-01-02 20:16:00,1,,Mooca,27.7,0.22
26.94,62,1010,3.6,0.0,2,nuvens dispersas,19.04,-23.528871,-46.553144,2025-01-02 19:00:00,1,,Penha,19.5,0.11
21.78,79,1012,6.2,0.11,3,trovoada com chuva fraca,17.98,-23.531929,-46.533248,2025-01-02 20:25:00,1,,Penha,19.5,0.22
26.0,69,1010,3.6,0.0,2,nuvens dispersas,19.87,-23.582993,-46.573522,2025-01-02 19:00:00,1,,Vila Prudente,21.6,0.11
26.0,69,1010,3.6,0.0,2,nuvens dispersas,19.87,-23.582762,-46.568247,2025-01-02 19:00:00,1,,Vila Prudente,21.6,0.11
28.1,60,1011,6.17,0.13,4,chuva fraca,19.61,-23.55583,-46.517922,2025-01-03 12:11:00,1,,Aricanduva/ Vila Formosa,5.8,0.85
29.97,51,1009,7.2,4.49,4,chuva forte,18.74,-23.523508,-46.558573,2025-01-03 14:13:00,1,,Mooca,13.7,4.94
27.02,68,1011,6.2,0.15,4,chuva leve,20.61,-23.523508,-46.558573,2025-01-03 11:29:00,1,,Mooca,13.7,2.13
29.02,51,1008,6.69,1.42,4,chuva moderada,17.86,-23.528227,-46.553178,2025-01-03 14:57:00,1,,Penha,6.7,6.21
28.22,59,1011,6.17,0.13,4,chuva fraca,19.45,-23.574703,-46.476606,2025-01-03 12:20:00,1,,São Mateus,2.8,0.85
27.95,58,1010,5.14,2.38,3,chuva moderada,18.92,-23.52779,-46.553168,2025-01-04 13:42:00,1,,Penha,1.5,2.88
20.64,84,1011,6.17,0.13,4,trovoada,17.84,-23.554805,-46.484809,2025-01-05 01:18:00,1,,Itaquera,2.1,3.76
20.09,88,1011,4.63,0.13,4,trovoada com chuva,18.04,-23.536789,-46.456742,2025-01-05 01:29:00,1,,Itaquera,2.1,3.76
19.15,94,1010,3.09,0.0,4,trovoada com chuva,18.16,-23.544468,-46.459885,2025-01-05 02:09:00,1,,Itaquera,2.1,2.78
22.26,88,1011,5.7,0.96,2,chuva fraca,20.18,-23.562466,-46.56119,2025-01-07 13:53:00,1,,Aricanduva/ Vila Formosa,13.4,1.27
22.77,83,1011,5.14,0.28,4,chuva fraca,19.73,-23.556618,-46.470611,2025-01-07 14:40:00,1,,Itaquera,26.3,1.84
22.86,83,1011,5.14,0.28,4,chuva fraca,19.82,-23.554378,-46.464144,2025-01-07 14:40:00,1,,Itaquera,26.3,1.84
22.77,83,1011,5.14,0.28,4,chuva fraca,19.73,-23.55553,-46.466175,2025-01-07 14:40:00,1,,Itaquera,26.3,1.84
22.98,83,1011,5.14,0.28,4,chuva fraca,19.94,-23.541324,-46.457397,2025-01-07 14:40:00,1,,Itaquera,26.3,1.84
22.98,83,1011,5.14,0.28,4,chuva fraca,19.94,-23.536805,-46.456802,2025-01-07 14:40:00,1,,Itaquera,26.3,1.84
19.96,88,1013,3.6,0.0,0,nublado,17.91,-23.529314,-46.55335,2025-01-08 07:18:00,1,,Penha,4.3,0.0
21.93,95,1015,3.6,0.0,4,trovoada com chuva,21.09,-23.539675,-46.610134,2025-01-16 21:29:00,1,,Ermelino Matarazzo,17.1,3.93
21.95,95,1015,3.6,0.0,4,trovoada com chuva,21.11,-23.528832,-46.553176,2025-01-16 21:27:00,1,,Penha,21.2,0.37
30.54,53,1014,8.8,0.0,0,nublado,19.88,-23.554869,-46.517633,2025-01-18 12:48:00,1,,Aricanduva/ Vila Formosa,0.1,0.0
26.79,74,1013,2.1,0.0,0,nuvens dispersas,21.77,-23.541324,-46.457419,2025-01-19 12:00:00,1,,Itaquera,2.8,0.0
28.98,61,1015,4.63,0.0,4,nublado,20.7,-23.539388,-46.451982,2025-01-22 17:20:00,1,,Itaquera,2.8,0.73
23.98,78,1015,6.2,0.0,4,trovoada com chuva,19.91,-23.541285,-46.457376,2025-01-22 18:23:00,1,,Itaquera,2.8,0.51
19.47,94,1015,3.09,0.28,4,trovoada com chuva fraca,18.48,-23.562457,-46.557867,2025-01-24 16:44:00,1,,Aricanduva/ Vila Formosa,31.2,1.32
18.95,94,1015,3.09,0.28,4,trovoada com chuva fraca,17.96,-23.536106,-46.553603,2025-01-24 17:12:00,1,,Aricanduva/ Vila Formosa,31.2,1.32
19.98,100,1014,4.12,0.34,4,trovoada com chuva fraca,19.98,-23.541342,-46.457405,2025-01-24 16:08:00,1,,Itaquera,33.1,1.18
19.95,100,1015,4.12,0.28,4,chuva fraca,19.95,-23.536233,-46.453431,2025-01-24 16:30:00,1,,Itaquera,33.1,1.32
19.97,100,1015,3.09,0.28,4,chuva fraca,19.97,-23.536933,-46.456781,2025-01-24 16:44:00,1,,Itaquera,33.1,1.32
20.58,83,1014,4.63,0.34,4,trovoada com chuva forte,17.59,-23.544594,-46.593787,2025-01-24 16:07:00,1,,Mooca,52.4,1.18
21.01,82,1014,4.63,0.34,4,trovoada com chuva forte,17.82,-23.54771,-46.602503,2025-01-24 16:08:00,1,,Mooca,52.4,1.18
19.73,94,1015,3.09,0.28,4,trovoada com chuva fraca,18.74,-23.55856,-46.590087,2025-01-24 16:51:00,1,,Mooca,52.4,1.32
21.27,90,1015,1.03,0.0,4,chuva fraca,19.56,-23.551864,-46.577671,2025-01-24 19:12:00,1,,Mooca,52.4,0.62
19.36,96,1015,3.09,0.28,4,chuva fraca,18.71,-23.513545,-46.517706,2025-01-24 16:54:00,1,,Penha,62.7,1.32
20.25,94,1015,3.09,0.28,4,trovoada com chuva,19.25,-23.58281,-46.568723,2025-01-24 16:35:00,1,,Vila Prudente,16.2,1.32
21.97,94,1014,5.7,5.17,4,trovoada com chuva,20.96,-23.536904,-46.456867,2025-01-26 14:10:00,1,,Itaquera,18.9,7.52
24.56,83,1013,4.1,3.73,4,trovoada com chuva,21.48,-23.541305,-46.457408,2025-01-26 14:32:00,1,,Itaquera,18.9,11.12
21.96,94,1014,5.14,1.01,4,trovoada com chuva fraca,20.95,-23.527875,-46.555811,2025-01-26 15:48:00,1,,Penha,34.2,11.37
21.95,94,1014,5.14,1.01,4,trovoada com chuva fraca,20.94,-23.528862,-46.553157,2025-01-26 15:57:00,1,,Penha,34.2,11.37
21.91,89,1014,4.12,0.83,4,chuva fraca,20.01,-23.528862,-46.553157,2025-01-26 19:46:00,1,,Penha,34.2,6.05
27.79,57,1012,2.1,1.14,4,chuva moderada,18.5,-23.541354,-46.457472,2025-01-28 14:04:00,1,,Itaquera,17.9,1.84
27.78,57,1012,2.1,1.14,4,chuva moderada,18.49,-23.537475,-46.457098,2025-01-28 14:14:00,1,,Itaquera,17.9,1.84
25.78,69,1012,5.14,1.14,4,chuva moderada,19.66,-23.576339,-46.485227,2025-01-28 14:20:00,1,,Itaquera,17.9,1.84
27.35,63,1012,5.14,1.14,4,chuva moderada,19.69,-23.553799,-46.490669,2025-01-28 14:20:00,1,,Itaquera,17.9,1.84
23.98,83,1013,4.63,0.13,4,trovoada com chuva fraca,20.91,-23.541393,-46.457494,2025-01-29 12:01:00,1,,Itaquera,12.4,0.56
22.83,94,1011,2.06,2.95,4,trovoada com chuva,21.81,-23.497135,-46.399825,2025-01-30 18:10:00,1,,Itaim Paulista,31.4,11.84
19.95,95,1012,2.57,0.0,0,trovoada com chuva fraca,19.13,-23.562548,-46.558271,2025-01-31 23:10:00,1,,Aricanduva/ Vila Formosa,26.7,0.0
19.86,94,1012,2.1,2.79,1,trovoada com chuva fraca,18.87,-23.5504,-46.60204,2025-01-31 23:27:00,1,,Mooca,31.8,2.79
19.86,94,1012,2.1,2.79,1,trovoada com chuva fraca,18.87,-23.550758,-46.601429,2025-01-31 23:27:00,1,,Mooca,31.8,2.79
20.85,99,1011,2.06,0.0,0,chuva moderada,20.69,-23.545565,-46.597817,2025-01-31 23:46:00,1,,Mooca,31.8,0.0
20.81,94,1011,0.0,0.0,4,nublado,19.81,-23.486212,-46.459752,2025-01-31 01:30:00,1,,São Miguel Paulista,15.8,0.98
21.03,88,1011,2.06,0.0,0,trovoada com chuva fraca,18.97,-23.506863,-46.486465,2025-02-01 00:07:00,1,,Ermelino Matarazzo,69.4,0.0
20.67,98,1011,2.57,0.16,1,trovoada com chuva fraca,20.34,-23.55519,-46.51739,2025-02-01 00:41:00,1,,Aricanduva/Vila Formosa,45.4,0.16
20.92,96,1011,2.57,0.16,1,trovoada com chuva fraca,20.26,-23.528624,-46.515336,2025-02-01 00:50:00,1,,Penha,58.3,0.16
21.08,94,1011,2.57,0.16,1,trovoada com chuva fraca,20.08,-23.5426,-46.4622,2025-02-01 01:06:00,1,,Itaquera,43.1,0.16
20.87,94,1011,3.6,0.42,2,trovoada com chuva forte,19.87,-23.534303,-46.429206,2025-02-01 02:00:00,1,,Guaianases,63.2,0.58
20.77,94,1011,3.6,0.42,2,trovoada com chuva forte,19.77,-23.474823,-46.417531,2025-02-01 02:00:00,1,,São Miguel Paulista,67.6,0.58
20.77,94,1011,3.6,0.42,2,trovoada com chuva forte,19.77,-23.485466,-46.407488,2025-02-01 02:00:00,1,,São Miguel Paulista,67.6,0.58
20.75,94,1011,3.6,0.42,2,trovoada com chuva forte,19.75,-23.488974,-46.404744,2025-02-01 02:00:00,1,,São Miguel Paulista,67.6,0.58
20.77,94,1011,3.6,0.42,2,trovoada com chuva forte,19.77,-23.491512,-46.405495,2025-02-01 02:00:00,1,,São Miguel Paulista,67.6,0.58
20.77,94,1011,3.6,0.42,2,trovoada com chuva forte,19.77,-23.48609,-46.459728,2025-02-01 02:00:00,1,,São Miguel Paulista,67.6,0.58
20.77,94,1011,3.6,0.42,2,trovoada com chuva forte,19.77,-23.488529,-46.457292,2025-02-01 02:00:00,1,,São Miguel Paulista,67.6,0.58
20.77,94,1011,3.6,0.42,2,trovoada com chuva forte,19.77,-23.489134,-46.456616,2025-02-01 02:00:00,1,,São Miguel Paulista,67.6,0.58
20.77,94,1011,3.6,0.42,2,trovoada com chuva forte,19.77,-23.488936,-46.45614,2025-02-01 02:00:00,1,,São Miguel Paulista,67.6,0.58
20.77,94,1011,3.6,0.42,2,trovoada com chuva forte,19.77,-23.487881,-46.459511,2025-02-01 02:00:00,1,,São Miguel Paulista,67.6,0.58
20.65,93,1010,2.51,0.78,3,chuva leve,19.48,-23.5366,-46.4567,2025-02-01 03:00:00,1,,Itaquera,43.1,1.36
20.33,99,1010,3.09,5.84,4,chuva forte,20.17,-23.542416,-46.606797,2025-02-01 03:30:00,1,,Mooca,47.9,13.21
19.99,95,1011,2.1,2.06,4,chuva moderada,19.16,-23.526689,-46.574847,2025-02-01 07:00:00,1,,Mooca,47.9,5.99
21.0,94,1011,3.1,0.9,3,chuva leve,20.0,-23.555856,-46.577449,2025-02-01 09:20:00,1,,Mooca,47.9,4.23
20.39,95,1010,4.63,1.27,4,chuva moderada,19.08,-23.59014,-46.543817,2025-02-01 19:46:00,1,,Vila Prudente,59.2,4.3
21.38,92,1010,4.63,21.59,4,chuva muito forte,20.03,-23.581499,-46.561914,2025-02-01 20:09:00,1,,Vila Prudente,59.2,24.62
21.14,95,1010,4.63,1.27,4,chuva moderada,19.79,-23.59014,-46.543817,2025-02-01 20:21:00,1,,Vila Prudente,59.2,4.3
21.11,100,1010,1.54,0.0,4,nublado,21.11,-23.474823,-46.417531,2025-02-02 02:00:00,1,,São Miguel Paulista,7.9,0.16
21.06,95,1012,6.7,16.76,1,chuva muito forte,20.23,-23.518263,-46.616688,2025-02-02 09:50:00,1,,Mooca,18.8,16.76
25.05,73,1009,4.63,1.67,4,chuva moderada,19.87,-23.515,-46.4558,2025-02-02 16:30:00,1,,Itaquera,7.7,4.27
24.04,84,1009,5.14,1.67,4,chuva moderada,21.17,-23.542416,-46.606797,2025-02-02 17:25:00,1,,Mooca,18.8,21.19
21.1,94,1011,1.54,0.0,4,chuva leve,20.1,-23.474823,-46.417531,2025-02-03 02:00:00,1,,São Miguel Paulista,12.5,1.21
21.11,96,1011,3.6,0.39,4,chuva leve,20.45,-23.581517,-46.570201,2025-02-03 04:28:00,1,,Vila Prudente,15.5,7.25
22.1,83,1013,3.1,0.22,4,chuva leve,19.08,-23.505532,-46.45648,2025-02-03 07:33:00,1,,São Miguel Paulista,12.5,1.41
20.93,94,1012,3.1,0.31,4,chuva leve,19.93,-23.542524,-46.449955,2025-02-03 17:30:00,1,,Itaquera,16.3,0.93
21.2,83,1014,1.54,0.0,0,nublado,18.2,-23.474823,-46.417531,2025-02-04 02:00:00,1,,São Miguel Paulista,17.9,0.0
24.33,77,1013,2.39,0.38,4,chuva leve,20.04,-23.540472,-46.439601,2025-02-04 16:45:00,1,,Itaquera,14.0,1.23
24.43,77,1013,2.39,0.38,4,chuva leve,20.14,-23.556945,-46.421923,2025-02-04 17:20:00,1,,Guaianases,20.7,1.23
24.12,73,1014,7.2,0.0,0,trovoadas,18.98,-23.553679,-46.48984,2025-02-06 19:00:00,1,,Itaquera,21.3,0.0
24.88,65,1014,7.2,0.0,0,trovoadas,17.85,-23.507419,-46.490304,2025-02-06 19:09:00,1,,Penha,27.2,0.0
23.83,80,1014,7.2,0.0,0,trovoada com chuva,20.17,-23.562766,-46.559211,2025-02-06 19:11:00,1,,Mooca,15.0,0.0
21.9,88,1015,2.6,0.0,4,garoa de leve intensidade,19.82,-23.499501,-46.52824,2025-02-10 19:09:00,1,,Penha,24.2,0.73
19.94,99,1012,5.14,4.97,4,chuva forte,19.78,-23.539405,-46.566551,2025-02-14 14:41:00,1,,Mooca,28.9,7.72
19.88,100,1012,5.14,4.97,4,chuva forte,19.88,-23.536757,-46.558245,2025-02-14 14:41:00,1,,Mooca,28.9,7.72
19.98,98,1012,5.14,4.97,4,chuva forte,19.65,-23.543494,-46.569468,2025-02-14 14:43:00,1,,Mooca,28.9,7.72
23.3,77,1012,7.72,1.5,2,trovoada com chuva,19.04,-23.564017,-46.548607,2025-02-18 15:06:00,1,,Aricanduva/Vila Formosa,36.5,1.89
23.02,80,1012,7.72,1.5,2,trovoada com chuva,19.38,-23.542416,-46.606797,2025-02-18 15:10:00,1,,Mooca,33.9,1.89
26.81,65,1010,3.6,0.0,2,nuvens dispersas,19.68,-23.526789,-46.594733,2025-01-02 19:00:00,1,,Vila Maria/ Vila Guilherme,22.8,0.11
23.92,78,1010,3.6,0.0,4,céu limpo,19.85,-23.513242,-46.577637,2025-01-03 19:37:00,1,,Vila Maria/ Vila Guilherme,14.4,0.92
23.62,85,1011,9.77,0.0,4,névoa,20.95,-23.508047,-46.61193,2025-01-08 15:22:00,1,,Vila Maria/ Vila Guilherme,12.2,4.23
22.02,95,1015,3.6,0.0,4,trovoada com chuva,21.18,-23.521329,-46.59212,2025-01-16 21:12:00,1,,Vila Maria/ Vila Guilherme,33.9,0.37
22.02,95,1015,3.6,0.0,4,trovoada com chuva,21.18,-23.509093,-46.596047,2025-01-16 21:15:00,1,,Vila Maria/ Vila Guilherme,33.9,0.37
21.97,95,1015,3.6,0.0,4,trovoada com chuva,21.13,-23.507988,-46.611915,2025-01-16 20:00:00,1,,Vila Maria/ Vila Guilherme,33.9,2.8
21.2,98,1015,3.6,0.22,1,chuva leve,20.87,-23.474965,-46.570035,2025-01-16 22:01:00,1,,Vila Maria/ Vila Guilherme,33.9,0.22
22.98,75,1016,4.12,0.0,4,céu limpo,18.31,-23.508007,-46.611744,2025-01-17 08:12:00,1,,Vila Maria/ Vila Guilherme,1.2,0.28
23.4,70,1018,3.6,0.0,0,céu limpo,17.62,-23.517062,-46.611643,2025-01-23 09:07:00,1,,Vila Maria/ Vila Guilherme,0.1,0.0
26.42,74,1014,4.63,3.97,4,chuva moderada,21.41,-23.515036,-46.666894,2025-01-24 15:56:00,1,,Casa Verde,45.9,4.44
26.68,80,1014,4.63,3.97,4,chuva moderada,22.94,-23.50872,-46.673584,2025-01-24 16:07:00,1,,Casa Verde,45.9,4.44
19.15,92,1015,6.7,2.86,4,chuva moderada,17.82,-23.505805,-46.642696,2025-01-24 16:31:00,1,,Casa Verde,45.9,7.16
19.44,94,1015,3.09,25.65,4,chuva muito forte,18.45,-23.505805,-46.642696,2025-01-24 16:34:00,1,,Casa Verde,45.9,27.76
20.37,91,1015,1.54,1.78,4,chuva moderada,18.85,-23.49898,-46.683771,2025-01-24 17:33:00,1,,Casa Verde,45.9,29.31
21.1,91,1015,1.03,0.0,4,chuva leve,19.57,-23.515056,-46.666841,2025-01-24 18:53:00,1,,Casa Verde,45.9,11.4
26.2,75,1014,4.63,0.34,4,chuva leve,21.42,-23.49929,-46.615824,2025-01-24 15:57:00,1,,Vila Maria/ Vila Guilherme,87.8,1.18
21.06,85,1015,2.6,0.0,4,algumas nuvens,18.63,-23.50812,-46.611851,2025-01-24 19:54:00,1,,Vila Maria/ Vila Guilherme,87.8,4.85
25.97,75,1014,4.63,3.97,4,chuva moderada,21.2,-23.497722,-46.625813,2025-01-24 15:55:00,1,,Santana,70.4,4.44
20.31,90,1015,1.54,2.79,4,chuva moderada,18.62,-23.517793,-46.649453,2025-01-24 18:20:00,1,,Santana,70.4,8.64
20.55,98,1014,2.6,12.45,4,chuva forte,20.22,-23.498891,-46.683739,2025-01-26 16:46:00,1,,Casa Verde,41.6,20.56
22.23,93,1013,3.1,0.9,4,chuva leve,21.04,-23.435344,-46.729916,2025-01-26 15:07:00,1,,Pirituba/Jaraguá,34.6,3.68
22.91,95,1014,3.6,5.72,4,chuva forte,22.07,-23.441411,-46.732718,2025-01-26 15:34:00,1,,Pirituba/Jaraguá,34.6,9.29
22.42,94,1014,3.6,5.72,4,chuva forte,21.41,-23.439125,-46.728773,2025-01-26 15:48:00,1,,Pirituba/Jaraguá,34.6,9.29
20.5,98,1014,3.1,27.43,4,chuva muito forte,20.17,-23.513315,-46.629354,2025-01-26 17:38:00,1,,Santana,44.9,47.88
19.98,88,1013,5.14,0.14,4,chuva moderada,17.93,-23.515016,-46.666808,2025-01-29 13:06:00,1,,Casa Verde,31.2,0.25
19.89,88,1013,5.14,0.14,4,chuva moderada,17.84,-23.49896,-46.683729,2025-01-29 13:13:00,1,,Casa Verde,31.2,0.25
19.98,88,1013,5.14,0.14,4,chuva moderada,17.93,-23.515095,-46.666894,2025-01-29 13:14:00,1,,Casa Verde,31.2,0.25
19.98,88,1013,5.14,0.14,4,chuva moderada,17.93,-23.515095,-46.666894,2025-01-29 13:22:00,1,,Casa Verde,31.2,0.25
21.23,94,1011,1.03,1.73,4,chuva moderada,20.23,-23.432514,-46.719494,2025-01-29 15:49:00,1,,Pirituba/Jaraguá,12.0,4.24
21.45,93,1012,3.6,2.14,4,chuva moderada,20.27,-23.460339,-46.721655,2025-01-29 18:41:00,1,,Pirituba/Jaraguá,12.0,10.54
21.0,94,1013,3.1,1.27,2,chuva moderada,20.0,-23.517763,-46.649421,2025-01-29 13:53:00,1,,Santana,27.1,1.41
19.98,94,1012,2.01,0.0,0,trovoada com chuva fraca,18.99,-23.473248,-46.573818,2025-01-31 23:27:00,1,,Vila Maria/ Vila Guilherme,24.6,0.0
20.31,98,1011,2.1,2.79,4,chuva forte,19.98,-23.517704,-46.649528,2025-02-01 01:50:00,1,,Casa Verde,43.8,13.71
20.29,99,1010,2.6,13.72,4,chuva forte,20.13,-23.515056,-46.66693,2025-02-01 04:15:00,1,,Casa Verde,43.8,21.08
21.1,91,1012,3.1,2.79,3,chuva moderada,19.57,-23.508631,-46.66621,2025-02-01 09:10:00,1,,Casa Verde,43.8,5.73
19.58,99,1011,3.6,0.42,2,chuva moderada,19.42,-23.463455,-46.60082,2025-02-01 02:18:00,1,,Jaçanã/ Tremembé,72.7,0.58
25.0,73,1011,5.14,0.0,4,neblina,19.82,-23.517813,-46.649485,2025-02-01 11:45:00,1,,Vila Maria/ Vila Guilherme,49.0,1.16
19.15,95,1011,2.1,1.75,4,chuva moderada,18.33,-23.460433,-46.721606,2025-02-01 06:59:00,1,,Pirituba/Jaraguá,44.7,11.66
20.31,98,1011,2.1,4.57,4,chuva forte,19.98,-23.517724,-46.649399,2025-02-01 01:45:00,1,,Santana,49.4,22.6
19.58,99,1011,3.6,0.42,2,chuva moderada,19.42,-23.463504,-46.60082,2025-02-01 02:13:00,1,,Santana,49.4,0.58
20.36,99,1010,3.09,4.06,4,chuva forte,20.2,-23.517594,-46.639418,2025-02-01 03:09:00,1,,Santana,49.4,14.21
20.27,97,1010,2.6,8.89,4,chuva forte,19.78,-23.509499,-46.618276,2025-02-01 04:06:00,1,,Santana,49.4,19.8
20.08,96,1011,2.1,1.75,4,chuva moderada,19.42,-23.514914,-46.641295,2025-02-01 06:39:00,1,,Santana,49.4,10.38
20.08,96,1011,2.1,1.75,4,chuva moderada,19.42,-23.514914,-46.641295,2025-02-01 06:55:00,1,,Santana,49.4,13.43
22.64,93,1010,3.1,8.89,4,chuva forte,21.45,-23.501153,-46.683697,2025-02-02 17:42:00,1,,Casa Verde,14.1,10.86
24.0,83,1009,4.12,1.18,4,chuva moderada,20.93,-23.51523,-46.625258,2025-02-02 16:32:00,1,,Santana,19.2,9.45
22.96,80,1013,3.1,0.0,4,chuva leve,19.33,-23.511829,-46.586151,2025-02-03 19:00:00,1,,Vila Maria/ Vila Guilherme,21.0,0.33
21.99,86,1014,4.63,0.73,4,chuva leve,19.54,-23.508512,-46.686261,2025-02-03 09:32:00,1,,Pirituba/Jaraguá,15.3,2.5
20.87,99,1011,3.6,0.7,4,chuva leve,20.71,-23.517675,-46.649399,2025-02-03 03:40:00,1,,Santana,19.2,17.21
20.74,93,1014,2.06,0.0,4,céu limpo,19.57,-23.493038,-46.627207,2025-02-04 19:49:00,1,,Santana,11.3,0.97
22.92,82,1014,7.2,27.43,1,chuva muito forte,19.68,-23.498921,-46.683696,2025-02-06 19:27:00,1,,Casa Verde,7.5,27.43
20.98,91,1015,2.6,0.0,0,trovoada com chuva,19.45,-23.502368,-46.686042,2025-02-06 19:43:00,1,,Freguesia do Ó,2.2,0.0
25.24,70,1014,5.14,0.0,0,trovoadas,19.38,-23.475014,-46.570078,2025-02-06 19:15:00,1,,Jaçanã/ Tremembé,7.0,0.0
23.39,76,1014,7.2,0.0,0,trovoada com chuva,18.92,-23.475014,-46.570078,2025-02-06 19:17:00,1,,Vila Maria/ Vila Guilherme,22.0,0.0
22.38,89,1015,4.12,0.0,0,trovoada com chuva,20.48,-23.518344,-46.644106,2025-02-06 19:32:00,1,,Santana,15.4,0.0
21.26,90,1015,4.12,0.0,0,trovoada com chuva fraca,19.55,-23.516424,-46.629699,2025-02-06 19:41:00,1,,Santana,15.4,0.0
23.2,84,1015,6.7,0.59,4,chuva leve,20.35,-23.510197,-46.609128,2025-02-10 16:49:00,1,,Vila Maria/ Vila Guilherme,34.9,0.99
22.97,85,1015,6.7,0.59,4,chuva leve,20.31,-23.508204,-46.611787,2025-02-10 16:51:00,1,,Vila Maria/ Vila Guilherme,34.9,0.99
20.56,87,1015,6.7,0.59,4,chuva leve,18.32,-23.490241,-46.610367,2025-02-10 16:54:00,1,,Vila Maria/ Vila Guilherme,34.9,0.99
25.85,93,1015,6.2,0.16,4,chuva leve,24.63,-23.484015,-46.716262,2025-02-10 16:32:00,1,,Pirituba/Jaraguá,35.8,0.67
22.35,83,1015,6.7,0.16,4,chuva leve,19.32,-23.488265,-46.712253,2025-02-10 16:38:00,1,,Pirituba/Jaraguá,35.8,0.67
21.97,89,1015,6.7,0.16,4,chuva forte,20.07,-23.514923,-46.641198,2025-02-10 17:24:00,1,,Santana,28.0,0.67
20.04,99,1012,5.14,4.97,4,chuva forte,19.88,-23.513565,-46.608899,2025-02-14 14:34:00,1,,Vila Maria/ Vila Guilherme,41.9,7.72
22.17,94,1015,2.64,0.0,3,nublado,21.16,-23.514943,46.64122,2025-02-14 14:41:00,1,,Santana,28.5,0.45
19.88,100,1012,5.14,4.97,4,chuva forte,19.88,-23.49492,-46.612979,2025-02-14 15:01:00,1,,Santana,28.5,7.72
20.24,93,1016,8.23,0.0,0,trovoada com chuva fraca,19.07,-23.49898,-46.683771,2025-02-18 20:32:00,1,,Casa Verde,27.2,0.0
19.19,90,1016,8.23,40.64,1,trovoada com chuva,17.51,-23.515095,-46.666798,2025-02-18 20:41:00,1,,Casa Verde,27.2,40.64
19.19,90,1016,5.7,13.72,1,chuva forte,17.51,-23.498357,-46.707044,2025-02-18 20:47:00,1,,Freguesia do Ó,38.1,13.72
19.19,90,1016,5.7,13.72,1,chuva forte,17.51,-23.498357,-46.707044,2025-02-18 20:47:00,1,,Freguesia do Ó,38.1,13.72
19.02,94,1017,5.66,0.0,0,nublado,18.03,-23.472967,-46.572288,2025-02-18 21:43:00,1,,Vila Maria/ Vila Guilherme,27.5,0.0
24.93,83,1016,4.63,0.0,4,trovoadas,21.84,-23.415032,-46.750694,2025-02-18 19:55:00,1,,Perus,38.3,0.24
25.11,83,1016,4.63,0.0,4,trovoadas,22.02,-23.40678,-46.750923,2025-02-18 19:55:00,1,,Perus,38.3,0.24
24.01,84,1016,5.7,0.0,4,trovoadas,21.14,-23.513677,-46.624025,2025-02-18 19:36:00,1,,Santana,31.4,0.25
19.51,88,1016,8.23,0.0,0,trovoada com chuva fraca,17.47,-23.514963,-46.641274,2025-02-18 20:39:00,1,,Santana,31.4,0.0
28.21,85,1015,5.7,0.0,0,nuvens dispersas,25.45,-23.498862,-46.683782,2025-02-26 16:48:00,1,,Casa Verde,20.3,0.0
22.11,93,1013,6.2,1.02,1,chuva moderada ,20.92,-2.35725,-4.66071,2023-02-01 20:32:00,1,,Ipiranga ,15.7,1.02
22.46,87,1013,4.63,2.55,1,chuva moderada ,20.19,-2.36072,-4.66972,2023-02-06 16:56:00,1,,Santo Amaro ,13.6,2.55
22.27,89,1013,4.63,2.55,1,chuva moderada ,20.37,-2.36216,-4.66792,2023-02-06 17:05:00,1,,Santo Amaro ,13.6,2.55
23.27,90,1013,4.6,2.55,1,chuva moderada ,21.54,-2.36207,-4.66989,2023-02-06 16:38:00,1,,Santo Amaro ,13.6,2.55
24.26,90,1013,1.54,1.44,1,chuva moderada ,22.51,-2.36175,-4.66818,2023-02-06 16:22:00,1,,Santo Amaro ,13.6,1.44
21.02,94,1013,2.1,0.52,1,chuva leve ,20.02,-2.36675,-4.67708,2023-02-07 18:26:00,1,,Campo Limpo ,32.8,0.52
20.27,94,1013,5.14,1.58,1,chuva forte ,19.27,-2.36277,-4.67673,2023-02-07 15:51:00,1,,M'Boi Mirim ,18.7,1.58
20.17,88,1013,2.6,1.58,1,chuva moderada ,18.12,-2.36756,-4.67343,2023-02-07 16:23:00,1,,M'Boi Mirim ,18.7,1.58
20.42,94,1013,5.14,1.5,1,chuva forte ,19.42,-2.36017,-4.66952,2023-02-07 15:44:00,1,,Santo Amaro ,42.0,1.5
19.44,94,1013,3.6,1.58,1,chuva moderada ,18.45,-2.36539,-4.67206,2023-02-07 16:09:00,1,,Santo Amaro ,42.0,1.58
19.29,94,1013,3.6,1.58,1,chuva moderada ,18.3,-2.36615,-4.66793,2023-02-07 16:10:00,1,,Santo Amaro ,42.0,1.58
20.43,94,1013,2.1,1.58,1,trovoada com chuva ,19.43,-2.3663,-4.67077,2023-02-07 16:16:00,1,,Santo Amaro ,42.0,1.58
20.43,93,1013,2.24,4.57,1,chuva forte ,19.26,-2.36838,-4.66926,2023-02-07 16:20:00,1,,Santo Amaro ,42.0,4.57
20.6,99,1013,2.6,2.79,1,chuva moderada ,20.44,-2.36632,-4.67077,2023-02-07 17:08:00,1,,Santo Amaro ,42.0,2.79
20.44,94,1013,2.6,4.06,1,chuva forte ,19.44,-2.36686,-4.67035,2023-02-07 18:33:00,1,,Santo Amaro ,42.0,4.06
20.38,93,1013,2.6,3.18,1,chuva moderada ,19.21,-2.36243,-4.66942,2023-02-07 18:43:00,1,,Santo Amaro ,42.0,3.18
20.79,91,1013,3.6,9.4,1,chuva forte ,19.27,-2.3583,-4.66046,2023-02-07 15:09:00,1,,Ipiranga ,44.0,9.4
21.24,89,1013,3.6,4.47,1,chuva forte ,19.35,-2.35878,-4.66028,2023-02-07 15:10:00,1,,Ipiranga ,44.0,4.47
21.22,91,1013,3.6,4.47,1,chuva forte ,19.69,-2.35769,-4.66064,2023-02-07 15:24:00,1,,Ipiranga ,44.0,4.47
20.61,99,1013,2.6,2.79,1,chuva moderada ,20.45,-2.35918,-4.65988,2023-02-07 16:44:00,1,,Ipiranga ,44.0,2.79
20.56,99,1013,2.6,4.06,1,chuva forte ,20.4,-2.36032,-4.66041,2023-02-07 17:00:00,1,,Ipiranga ,44.0,4.06
20.53,91,1013,3.6,4.06,1,chuva forte ,19.01,-2.35689,-4.66408,2023-02-07 15:04:00,1,,Vila Mariana ,52.7,4.06
20.37,94,1013,5.14,1.5,1,chuva forte ,19.37,-2.36174,-4.66819,2023-02-07 15:46:00,1,,Vila Mariana ,52.7,1.5
20.18,94,1013,5.14,1.5,1,chuva forte ,19.18,-2.36073,-4.66584,2023-02-07 15:52:00,1,,Vila Mariana ,52.7,1.5
20.27,94,1013,5.14,1.5,1,chuva forte ,19.27,-2.36017,-4.66608,2023-02-07 16:02:00,1,,Vila Mariana ,52.7,1.5
23.43,83,1013,8.8,6.51,4,chuva forte ,20.38,-2.36835,-4.66926,2023-02-12 15:41:00,1,,Santo Amaro ,62.9,8.66
21.92,79,1013,6.2,16.39,1,chuva muito forte,18.11,-2.35565,-4.66186,2025-01-02 20:04:00,1,,Ipiranga ,19.1,16.39
24.48,79,1013,3.6,0.92,1,chuva leve ,20.6,-2.35676,-4.66067,2025-01-03 16:53:00,1,,Ipiranga ,5.6,0.92
30.59,50,1013,5.7,0.44,1,chuva leve ,18.99,-2.36229,-4.6678,2025-01-03 15:06:00,1,,Santo Amaro ,1.2,0.44
22.6,99,1013,2.1,0.11,1,chuva leve ,22.43,-2.36603,-4.67682,2025-01-16 18:30:00,1,,Campo Limpo ,62.6,0.11
21.83,99,1013,2.1,0.26,1,chuva leve ,21.67,-2.36639,-4.67371,2025-01-16 18:23:00,1,,M'Boi Mirim ,45.4,0.26
21.73,99,1013,2.1,0.31,1,chuva leve ,21.57,-2.36175,-4.66818,2025-01-16 18:27:00,1,,Santo Amaro ,54.2,0.31
23.45,92,1013,4.12,9.53,1,chuva forte ,22.07,-2.36072,-4.66973,2025-01-16 17:48:00,1,,Santo Amaro ,54.2,9.53
22.39,96,1013,3.6,1.78,1,chuva moderada ,21.72,-2.36242,-4.66943,2025-01-16 20:43:00,1,,Santo Amaro ,54.2,1.78
21.17,100,1013,5.14,14.99,1,chuva forte ,21.17,-2.35675,-4.66067,2025-01-16 21:27:00,1,,Ipiranga ,32.4,14.99
22.12,96,1013,3.6,7.12,1,trovoada com chuva forte ,21.45,-2.36006,-4.66513,2025-01-16 18:11:00,1,,Vila Mariana ,45.6,7.12
27.41,66,1013,3.6,0.25,1,chuva leve ,20.5,-2.36041,-4.66034,2025-01-17 17:17:00,1,,Ipiranga ,0.9,0.25
18.92,88,1013,6.7,0.34,1,chuva leve ,16.89,-2.35675,-4.66067,2025-01-24 16:20:00,1,,Ipiranga ,6.5,0.34
24.15,83,1013,5.7,1.49,1,chuva moderada ,21.08,-2.36124,-4.66573,2025-01-26 13:43:00,1,,Santo Amaro ,16.1,1.49
24.29,82,1013,5.7,1.49,1,chuva moderada ,21.02,-2.36005,-4.66514,2025-01-26 13:45:00,1,,Vila Mariana ,29.2,1.49
25.25,80,1013,2.1,0.11,1,chuva leve ,21.55,-2.35857,-4.66549,2025-01-29 10:03:00,1,,Vila Mariana ,31.9,0.11
22.2,94,1013,5.14,0.14,1,chuva leve ,21.19,-2.36004,-4.66517,2025-01-29 13:11:00,1,,Vila Mariana ,31.9,0.14
24.73,80,1013,2.84,7.12,1,chuva forte ,21.05,-2.37989,-4.67315,2025-01-30 14:30:00,1,,parelheiros ,33.8,7.12
21.47,100,1013,0.5,1.02,1,chuva moderada ,21.47,-2.36629,-4.67077,2025-01-31 02:59:00,1,,Santo Amaro ,50.5,1.02
16.28,82,1025,3.09,0.0,0,nublado,13.21,-23.54252431,-46.44995507,2025-06-01 19:58:11,0,,Itaquera,0.0,0.0
16.63,86,1026,3.6,0.0,0,nublado,14.28,-23.54252431,-46.44995507,2025-06-02 07:53:09,0,,Itaquera,0.0,0.0
18.93,77,1020,2.57,0.0,4,nublado,14.81,-23.54252431,-46.44995507,2025-06-03 12:44:41,0,,Itaquera,0.0,0.48
17.61,88,1019,0.51,0.0,0,céu limpo,15.6,-23.54252431,-46.44995507,2025-06-04 23:31:12,0,,Itaquera,0.0,0.0
22.74,68,1018,3.6,0.0,0,céu limpo,16.53,-23.54252431,-46.44995507,2025-06-05 10:49:26,0,,Itaquera,0.0,0.0
17.32,94,1020,1.03,0.2,2,chuva leve,16.35,-23.54252431,-46.44995507,2025-06-06 07:06:50,0,,Itaquera,0.0,0.36
17.08,94,1018,3.09,0.0,4,nublado,16.11,-23.54252431,-46.44995507,2025-06-07 22:07:18,0,,Itaquera,0.0,0.86
17.0,94,1017,2.06,1.15,4,chuva moderada,16.03,-23.54252431,-46.44995507,2025-06-08 23:21:48,0,,Itaquera,0.0,3.71
16.09,94,1016,1.54,0.5,4,chuva leve,15.12,-23.54252431,-46.44995507,2025-06-09 02:00:15,0,,Itaquera,0.0,2.87
14.32,100,1019,1.54,0.0,0,nublado,14.32,-23.54252431,-46.44995507,2025-06-10 00:33:39,0,,Itaquera,0.0,0.0
10.83,79,1026,3.09,0.0,0,algumas nuvens,7.34,-23.54252431,-46.44995507,2025-06-11 21:40:06,0,,Itaquera,0.0,0.0
12.41,76,1024,3.6,0.0,0,nublado,8.3,-23.54252431,-46.44995507,2025-06-12 17:49:44,0,,Itaquera,0.0,0.0
12.37,92,1026,2.57,0.0,0,céu limpo,11.11,-23.54252431,-46.44995507,2025-06-13 21:31:18,0,,Itaquera,0.0,0.0
12.88,83,1023,3.09,0.0,0,céu limpo,10.07,-23.54252431,-46.44995507,2025-06-14 23:23:18,0,,Itaquera,0.0,0.0
17.17,69,1021,2.06,0.0,0,céu limpo,11.44,-23.54252431,-46.44995507,2025-06-15 19:08:56,0,,Itaquera,0.0,0.0
12.17,87,1022,2.06,0.0,0,céu limpo,10.07,-23.54252431,-46.44995507,2025-06-16 03:06:37,0,,Itaquera,0.0,0.0
19.64,63,1024,2.06,0.0,0,céu limpo,12.41,-23.54252431,-46.44995507,2025-06-17 11:31:15,0,,Itaquera,0.0,0.0
18.57,65,1025,3.09,0.0,0,céu limpo,11.87,-23.54252431,-46.44995507,2025-06-18 09:33:14,0,,Itaquera,0.0,0.0
24.71,44,1021,2.57,0.0,0,céu limpo,11.65,-23.54252431,-46.44995507,2025-06-19 12:45:40,0,,Itaquera,0.0,0.0
14.02,94,1021,1.54,0.0,0,céu limpo,13.07,-23.54252431,-46.44995507,2025-06-20 07:27:07,0,,Itaquera,0.0,0.0
22.84,52,1014,4.63,0.23,0,chuva leve,12.48,-23.54252431,-46.44995507,2025-06-21 15:12:34,0,,Itaquera,0.0,0.23
16.88,88,1016,0.51,0.0,0,céu limpo,14.88,-23.54252431,-46.44995507,2025-06-22 07:47:12,0,,Itaquera,0.0,0.0
17.6,88,1012,4.12,0.0,0,céu limpo,15.59,-23.54252431,-46.44995507,2025-06-23 00:27:48,0,,Itaquera,0.0,0.0
13.51,85,1019,7.72,0.0,4,chuva leve,11.04,-23.54252431,-46.44995507,2025-06-24 08:26:07,0,,Itaquera,0.0,1.06
13.78,72,1021,2.57,0.0,0,céu limpo,8.83,-23.54252431,-46.44995507,2025-06-25 18:50:23,0,,Itaquera,0.0,0.0
20.35,66,1018,5.66,0.0,0,céu limpo,13.79,-23.54252431,-46.44995507,2025-06-26 18:47:49,0,,Itaquera,0.0,0.0
16.93,88,1022,3.6,0.35,3,chuva leve,14.93,-23.54252431,-46.44995507,2025-06-27 17:17:17,0,,Itaquera,0.0,2.9
22.15,73,1018,4.12,0.0,0,céu limpo,17.08,-23.54252431,-46.44995507,2025-06-28 17:26:34,0,,Itaquera,0.0,0.0
18.46,71,1025,2.57,0.0,0,céu limpo,13.11,-23.544683,-46.59397,2025-06-01 10:13:14,0,,Mooca,0.0,0.0
16.34,90,1026,3.6,0.0,0,nublado,14.7,-23.544683,-46.59397,2025-06-02 00:59:41,0,,Mooca,0.0,0.0
17.24,85,1024,3.09,0.0,0,névoa,14.7,-23.544683,-46.59397,2025-06-03 08:14:37,0,,Mooca,0.0,0.0
19.8,80,1019,0.0,0.0,0,céu limpo,16.25,-23.544683,-46.59397,2025-06-04 21:46:29,0,,Mooca,0.0,0.0
17.46,90,1017,2.57,0.0,0,céu limpo,15.8,-23.544683,-46.59397,2025-06-05 04:06:12,0,,Mooca,0.0,0.0
18.26,83,1019,2.57,0.1,4,chuva leve,15.33,-23.544683,-46.59397,2025-06-06 14:27:17,0,,Mooca,0.0,1.4
21.47,70,1019,2.06,0.0,0,nublado,15.77,-23.544683,-46.59397,2025-06-07 12:02:25,0,,Mooca,0.0,0.0
17.39,90,1018,1.54,0.0,0,névoa,15.73,-23.544683,-46.59397,2025-06-08 07:45:40,0,,Mooca,0.0,0.0
17.34,84,1016,1.54,0.32,4,chuva leve,14.61,-23.544683,-46.59397,2025-06-09 15:21:32,0,,Mooca,0.0,1.48
14.56,95,1019,2.06,0.0,0,nublado,13.77,-23.544683,-46.59397,2025-06-10 03:06:56,0,,Mooca,0.0,0.0
13.3,93,1021,2.57,0.0,0,nublado,12.19,-23.544683,-46.59397,2025-06-11 05:17:04,0,,Mooca,0.0,0.0
11.3,87,1025,2.57,0.0,0,nuvens dispersas,9.22,-23.544683,-46.59397,2025-06-12 22:59:23,0,,Mooca,0.0,0.0
11.15,89,1025,2.06,0.0,0,céu limpo,9.41,-23.544683,-46.59397,2025-06-13 02:19:10,0,,Mooca,0.0,0.0
18.27,62,1023,4.12,0.0,0,céu limpo,10.87,-23.544683,-46.59397,2025-06-14 13:20:16,0,,Mooca,0.0,0.0
17.43,73,1020,6.69,0.0,0,céu limpo,12.54,-23.544683,-46.59397,2025-06-15 17:38:55,0,,Mooca,0.0,0.0
20.38,70,1023,3.6,0.0,0,céu limpo,14.73,-23.544683,-46.59397,2025-06-16 18:06:15,0,,Mooca,0.0,0.0
21.19,55,1021,3.09,0.0,0,céu limpo,11.8,-23.544683,-46.59397,2025-06-17 17:37:30,0,,Mooca,0.0,0.0
11.69,93,1023,2.06,0.0,0,névoa,10.6,-23.544683,-46.59397,2025-06-18 05:48:03,0,,Mooca,0.0,0.0
14.93,79,1023,2.06,0.0,0,céu limpo,11.32,-23.544683,-46.59397,2025-06-19 07:49:26,0,,Mooca,0.0,0.0
20.51,64,1021,2.57,0.0,0,céu limpo,13.47,-23.544683,-46.59397,2025-06-20 09:48:03,0,,Mooca,0.0,0.0
15.72,82,1015,2.57,0.0,0,céu limpo,12.66,-23.544683,-46.59397,2025-06-21 02:13:59,0,,Mooca,0.0,0.0
22.14,58,1013,3.6,0.0,4,céu limpo,13.5,-23.544683,-46.59397,2025-06-22 14:42:03,0,,Mooca,0.0,0.19
17.76,81,1012,3.09,0.0,0,céu limpo,14.46,-23.544683,-46.59397,2025-06-23 02:35:57,0,,Mooca,0.0,0.0
12.56,43,1021,3.09,0.0,0,céu limpo,0.33,-23.544683,-46.59397,2025-06-24 18:29:29,0,,Mooca,0.0,0.0
13.59,78,1021,1.54,0.0,0,céu limpo,9.83,-23.544683,-46.59397,2025-06-25 19:50:41,0,,Mooca,0.0,0.0
26.86,45,1016,7.2,0.0,0,céu limpo,13.94,-23.544683,-46.59397,2025-06-26 14:37:41,0,,Mooca,0.0,0.0
16.83,89,1019,0.51,0.0,0,céu limpo,15.01,-23.544683,-46.59397,2025-06-27 01:25:09,0,,Mooca,0.0,0.0
21.48,78,1018,2.57,0.0,0,céu limpo,17.49,-23.544683,-46.59397,2025-06-28 19:37:36,0,,Mooca,0.0,0.0
16.17,87,1027,6.7,0.0,4,nublado,14.01,-23.544683,-46.59397,2025-04-05 20:03:17,0,,Mooca,0.0,0.62
16.49,88,1025,4.12,0.0,2,algumas nuvens,14.5,-23.544683,-46.59397,2025-04-06 05:06:01,0,,Mooca,0.0,0.73
16.35,93,1022,4.12,0.0,0,chuva leve,15.22,-23.544683,-46.59397,2025-04-07 03:43:00,0,,Mooca,0.0,0.0
24.12,67,1016,5.14,0.0,0,nublado,17.61,-23.544683,-46.59397,2025-04-08 15:57:48,0,,Mooca,0.0,0.0
21.06,85,1017,1.03,0.0,0,céu limpo,18.44,-23.544683,-46.59397,2025-04-09 00:01:02,0,,Mooca,0.0,0.0
15.95,88,1025,4.63,0.12,3,garoa de leve intensidade,13.97,-23.551485,-46.577669,2025-04-05 07:48:25,0,,Mooca,0.0,0.43
17.19,88,1025,4.63,0.0,0,nublado,15.19,-23.551485,-46.577669,2025-04-06 22:57:01,0,,Mooca,0.0,0.0
20.1,73,1020,5.7,0.0,0,nuvens dispersas,15.11,-23.551485,-46.577669,2025-04-07 17:05:12,0,,Mooca,0.0,0.0
24.1,68,1016,5.14,0.0,0,nublado,17.83,-23.551485,-46.577669,2025-04-08 16:43:27,0,,Mooca,0.0,0.0
20.32,85,1015,3.09,0.0,0,céu limpo,17.72,-23.551485,-46.577669,2025-04-09 05:06:39,0,,Mooca,0.0,0.0
17.08,92,1025,7.2,0.0,3,garoa de leve intensidade,15.77,-23.552479,-46.577326,2025-04-05 15:25:49,0,,Mooca,0.0,0.26
18.93,68,1024,7.2,0.0,4,neblina,12.9,-23.552479,-46.577326,2025-04-06 15:02:19,0,,Mooca,0.0,1.48
17.1,90,1023,4.12,0.0,0,nublado,15.45,-23.552479,-46.577326,2025-04-07 02:05:37,0,,Mooca,0.0,0.0
25.12,59,1017,2.06,0.0,0,nuvens dispersas,16.55,-23.552479,-46.577326,2025-04-08 12:30:05,0,,Mooca,0.0,0.0
20.44,95,1016,2.1,0.43,0,chuva leve,19.61,-23.552479,-46.577326,2025-04-09 20:11:02,0,,Mooca,0.0,0.43
16.0,88,1026,6.7,0.13,4,chuva leve,14.02,-23.526742,-46.555941,2025-04-05 18:43:29,0,,Mooca,0.0,0.92
18.96,72,1027,6.2,0.1,4,chuva leve,13.8,-23.526742,-46.555941,2025-04-06 10:56:26,0,,Mooca,0.0,0.36
16.95,83,1021,3.6,0.0,0,algumas nuvens,14.05,-23.526742,-46.555941,2025-04-07 22:27:15,0,,Mooca,0.0,0.0
15.32,93,1019,1.54,0.0,0,céu limpo,14.2,-23.526742,-46.555941,2025-04-08 04:54:51,0,,Mooca,0.0,0.0
20.0,93,1016,3.6,1.06,4,chuva moderada,18.83,-23.526742,-46.555941,2025-04-09 23:25:03,0,,Mooca,0.0,3.0
17.15,86,1026,5.14,0.0,0,nuvens dispersas,14.79,-23.5321,-46.6862,2025-04-05 23:36:05,0,,Lapa,0.0,0.0
17.59,86,1024,4.12,0.0,4,nublado,15.22,-23.5321,-46.6862,2025-04-06 19:16:48,0,,Lapa,0.0,0.22
18.99,74,1023,3.6,0.0,0,nublado,14.26,-23.5321,-46.6862,2025-04-07 08:46:20,0,,Lapa,0.0,0.0
23.68,63,1017,1.54,0.0,0,neblina,16.23,-23.5321,-46.6862,2025-04-08 11:45:29,0,,Lapa,0.0,0.0
20.51,86,1015,2.1,0.0,0,céu limpo,18.09,-23.5321,-46.6862,2025-04-09 04:24:56,0,,Lapa,0.0,0.0
18.8,75,1026,6.7,0.14,2,chuva leve,14.28,-23.5189,-46.6748,2025-04-05 11:06:48,0,,Lapa,0.0,0.29
18.97,68,1024,7.2,0.0,3,neblina,12.94,-23.5189,-46.6748,2025-04-06 14:35:54,0,,Lapa,0.0,0.9
18.06,88,1024,3.6,0.0,0,nublado,16.04,-23.5189,-46.6748,2025-04-07 00:24:26,0,,Lapa,0.0,0.0
15.48,92,1020,3.6,0.0,0,algumas nuvens,14.19,-23.5189,-46.6748,2025-04-08 06:54:09,0,,Lapa,0.0,0.0
20.28,87,1015,1.54,0.0,0,céu limpo,18.05,-23.5189,-46.6748,2025-04-09 04:57:39,0,,Lapa,0.0,0.0
17.22,84,1027,5.7,0.0,0,nublado,14.49,-23.5099,-46.6893,2025-04-05 23:12:49,0,,Lapa,0.0,0.0
18.62,88,1024,3.6,0.0,0,nublado,16.59,-23.5099,-46.6893,2025-04-06 23:50:24,0,,Lapa,0.0,0.0
17.52,85,1021,2.1,0.0,0,céu limpo,14.97,-23.5099,-46.6893,2025-04-07 23:48:56,0,,Lapa,0.0,0.0
26.0,57,1016,4.12,0.0,0,céu limpo,16.83,-23.5099,-46.6893,2025-04-08 14:48:24,0,,Lapa,0.0,0.0
20.38,94,1017,1.54,0.44,2,chuva leve,19.38,-23.5099,-46.6893,2025-04-09 21:57:35,0,,Lapa,0.0,0.95
17.2,84,1027,5.7,0.0,0,nublado,14.48,-23.5113,-46.6881,2025-04-05 23:10:32,0,,Lapa,0.0,0.0
17.02,89,1024,4.12,0.0,4,nublado,15.19,-23.5113,-46.6881,2025-04-06 18:30:45,0,,Lapa,0.0,0.22
21.02,64,1020,5.7,0.0,0,nublado,13.96,-23.5113,-46.6881,2025-04-07 14:24:43,0,,Lapa,0.0,0.0
24.0,67,1016,5.14,0.0,0,nublado,17.5,-23.5113,-46.6881,2025-04-08 16:18:00,0,,Lapa,0.0,0.0
23.99,72,1014,4.12,0.0,3,nublado,18.63,-23.5113,-46.6881,2025-04-09 17:55:17,0,,Lapa,0.0,0.11
20.29,78,1015,1.54,0.0,0,céu limpo,16.33,-23.5829,-46.686,2024-04-01 01:44:33,0,,Pinheiros,0.0,0.0
25.77,61,1014,1.54,0.0,3,céu limpo,17.69,-23.5829,-46.686,2024-04-02 11:09:11,0,,Pinheiros,0.0,0.14
28.52,61,1013,5.14,0.0,0,algumas nuvens,20.27,-23.5829,-46.686,2024-04-03 15:48:13,0,,Pinheiros,0.0,0.0
20.38,88,1017,2.06,0.0,0,nublado,18.33,-23.5829,-46.686,2024-04-04 02:27:59,0,,Pinheiros,0.0,0.0
26.01,71,1018,2.06,0.0,0,algumas nuvens,20.34,-23.5829,-46.686,2024-04-05 09:36:32,0,,Pinheiros,0.0,0.0
23.51,76,1019,4.12,0.0,0,nublado,19.04,-23.5829,-46.686,2024-04-06 10:24:04,0,,Pinheiros,0.0,0.0
19.78,90,1019,4.47,0.0,0,névoa,18.09,-23.5829,-46.686,2024-04-07 07:20:30,0,,Pinheiros,0.0,0.0
29.35,35,1013,2.06,0.0,0,céu limpo,12.31,-23.5849,-46.6867,2024-04-01 15:13:46,0,,Pinheiros,0.0,0.0
23.89,64,1014,2.57,0.0,0,céu limpo,16.67,-23.5849,-46.6867,2024-04-02 20:49:04,0,,Pinheiros,0.0,0.0
22.11,71,1015,1.03,0.0,0,céu limpo,16.61,-23.5849,-46.6867,2024-04-03 01:00:48,0,,Pinheiros,0.0,0.0
26.39,73,1017,3.6,0.0,0,céu limpo,21.16,-23.5849,-46.6867,2024-04-04 10:15:06,0,,Pinheiros,0.0,0.0
21.37,88,1017,2.06,0.0,0,céu limpo,19.3,-23.5849,-46.6867,2024-04-05 02:14:17,0,,Pinheiros,0.0,0.0
19.18,89,1017,0.45,0.0,0,nublado,17.32,-23.5849,-46.6867,2024-04-06 01:57:33,0,,Pinheiros,0.0,0.0
23.85,78,1019,4.63,0.0,0,nublado,19.78,-23.5849,-46.6867,2024-04-07 10:21:42,0,,Pinheiros,0.0,0.0
19.71,79,1014,1.54,0.0,0,céu limpo,15.97,-23.5875,-46.6865,2024-04-01 05:05:33,0,,Pinheiros,0.0,0.0
21.29,85,1015,3.09,0.0,3,céu limpo,18.67,-23.5875,-46.6865,2024-04-02 08:06:20,0,,Pinheiros,0.0,0.14
23.06,65,1015,0.51,0.0,0,céu limpo,16.13,-23.5875,-46.6865,2024-04-03 00:03:27,0,,Pinheiros,0.0,0.0
30.84,58,1014,5.14,0.0,0,nuvens dispersas,21.62,-23.5875,-46.6865,2024-04-04 15:49:01,0,,Pinheiros,0.0,0.0
22.43,85,1017,3.6,0.0,0,nublado,19.78,-23.5875,-46.6865,2024-04-05 20:41:39,0,,Pinheiros,0.0,0.0
21.54,88,1017,5.66,0.0,0,nublado,19.47,-23.5875,-46.6865,2024-04-06 17:41:54,0,,Pinheiros,0.0,0.0
20.63,88,1019,5.14,0.0,0,nublado,18.57,-23.5875,-46.6865,2024-04-07 08:11:41,0,,Pinheiros,0.0,0.0
23.41,71,1016,2.57,0.0,0,céu limpo,17.85,-23.5654,-46.6798,2024-04-01 09:10:59,0,,Pinheiros,0.0,0.0
24.54,61,1014,2.57,0.0,0,céu limpo,16.53,-23.5654,-46.6798,2024-04-02 21:01:48,0,,Pinheiros,0.0,0.0
21.6,85,1017,2.06,0.0,0,algumas nuvens,18.97,-23.5654,-46.6798,2024-04-03 22:37:56,0,,Pinheiros,0.0,0.0
25.02,73,1018,2.57,0.0,0,céu limpo,19.84,-23.5654,-46.6798,2024-04-04 08:35:26,0,,Pinheiros,0.0,0.0
21.22,88,1017,3.09,0.0,0,névoa,19.15,-23.5654,-46.6798,2024-04-05 07:22:55,0,,Pinheiros,0.0,0.0
22.36,77,1018,2.57,0.0,0,céu limpo,18.13,-23.5654,-46.6798,2024-04-06 07:36:00,0,,Pinheiros,0.0,0.0
21.02,87,1019,3.6,0.0,4,nublado,18.77,-23.5654,-46.6798,2024-04-07 00:46:21,0,,Pinheiros,0.0,0.31
23.48,68,1016,3.6,0.0,0,céu limpo,17.24,-23.6073,-46.6967,2024-04-01 09:52:39,0,,Pinheiros,0.0,0.0
20.45,88,1015,3.09,0.0,2,céu limpo,18.4,-23.6073,-46.6967,2024-04-02 07:03:55,0,,Pinheiros,0.0,0.14
22.77,91,1015,3.6,0.0,0,algumas nuvens,21.22,-23.6073,-46.6967,2024-04-03 18:33:10,0,,Pinheiros,0.0,0.0
21.57,90,1017,2.24,0.0,0,algumas nuvens,19.86,-23.6073,-46.6967,2024-04-04 23:57:56,0,,Pinheiros,0.0,0.0
21.47,90,1017,2.06,0.0,0,algumas nuvens,19.76,-23.6073,-46.6967,2024-04-05 00:09:42,0,,Pinheiros,0.0,0.0
23.8,81,1019,4.12,0.0,0,nublado,20.34,-23.6073,-46.6967,2024-04-06 11:27:40,0,,Pinheiros,0.0,0.0
23.25,85,1016,4.63,0.0,4,nuvens dispersas,20.59,-23.6073,-46.6967,2024-04-07 16:46:18,0,,Pinheiros,0.0,0.26
21.87,74,1017,3.09,0.0,0,nublado,17.03,-23.487212,-46.714751,2024-11-10 09:23:42,0,,Pirituba/Jaraguá,0.0,0.0
14.92,84,1014,1.03,0.0,0,nublado,12.24,-23.487212,-46.714751,2024-11-11 04:38:22,0,,Pirituba/Jaraguá,0.0,0.0
22.27,56,1009,2.06,0.0,0,céu limpo,13.08,-23.487212,-46.714751,2024-11-12 02:08:01,0,,Pirituba/Jaraguá,0.0,0.0
16.74,88,1014,4.12,0.0,4,nublado,14.74,-23.487212,-46.714751,2024-11-13 08:42:13,0,,Pirituba/Jaraguá,0.0,1.17
17.48,88,1017,4.63,0.0,0,nublado,15.47,-23.487212,-46.714751,2024-11-14 21:08:12,0,,Pirituba/Jaraguá,0.0,0.0
23.44,73,1017,2.06,0.16,0,chuva leve,18.33,-23.487212,-46.714751,2024-11-15 10:54:22,0,,Pirituba/Jaraguá,0.0,0.16
20.01,91,1017,3.6,0.0,4,nuvens dispersas,18.5,-23.487212,-46.714751,2024-11-16 20:45:07,0,,Pirituba/Jaraguá,0.0,0.11
26.74,66,1013,5.14,0.0,3,céu limpo,19.86,-23.487212,-46.714751,2024-11-17 16:23:08,0,,Pirituba/Jaraguá,0.0,0.3
19.0,90,1014,0.0,0.0,0,céu limpo,17.32,-23.487212,-46.714751,2024-11-18 04:51:36,0,,Pirituba/Jaraguá,0.0,0.0
26.93,69,1012,6.69,0.0,0,céu limpo,20.76,-23.487212,-46.714751,2024-11-19 14:37:01,0,,Pirituba/Jaraguá,0.0,0.0
30.73,57,1012,4.63,0.0,0,céu limpo,21.23,-23.487212,-46.714751,2024-11-20 13:08:51,0,,Pirituba/Jaraguá,0.0,0.0
20.42,75,1014,4.63,0.0,0,nuvens dispersas,15.84,-23.498451,-46.706975,2024-11-10 17:39:57,0,,Pirituba/Jaraguá,0.0,0.0
28.57,38,1009,5.14,0.0,0,céu limpo,12.88,-23.498451,-46.706975,2024-11-11 16:56:18,0,,Pirituba/Jaraguá,0.0,0.0
21.82,69,1010,1.54,0.0,0,céu limpo,15.88,-23.498451,-46.706975,2024-11-12 06:35:27,0,,Pirituba/Jaraguá,0.0,0.0
16.85,91,1013,4.63,0.21,4,chuva leve,15.37,-23.498451,-46.706975,2024-11-13 07:27:56,0,,Pirituba/Jaraguá,0.0,5.25
16.33,88,1016,4.12,0.0,0,nublado,14.34,-23.498451,-46.706975,2024-11-14 02:01:55,0,,Pirituba/Jaraguá,0.0,0.0
18.64,85,1017,4.12,0.0,0,nublado,16.07,-23.498451,-46.706975,2024-11-15 06:31:02,0,,Pirituba/Jaraguá,0.0,0.0
25.71,69,1015,2.06,0.33,4,chuva leve,19.6,-23.498451,-46.706975,2024-11-16 12:50:12,0,,Pirituba/Jaraguá,0.0,3.51
21.08,76,1017,2.57,0.0,0,nublado,16.69,-23.498451,-46.706975,2024-11-17 07:53:54,0,,Pirituba/Jaraguá,0.0,0.0
21.84,79,1014,1.03,0.0,0,céu limpo,18.04,-23.498451,-46.706975,2024-11-18 23:52:06,0,,Pirituba/Jaraguá,0.0,0.0
19.59,84,1013,2.06,0.0,0,céu limpo,16.81,-23.498451,-46.706975,2024-11-19 03:40:38,0,,Pirituba/Jaraguá,0.0,0.0
19.29,85,1014,3.09,0.0,0,céu limpo,16.71,-23.498451,-46.706975,2024-11-20 06:07:23,0,,Pirituba/Jaraguá,0.0,0.0
20.05,98,1017,3.73,0.0,0,nublado,19.72,-23.431523,-46.718818,2024-11-10 08:56:31,0,,Pirituba/Jaraguá,0.0,0.0
29.1,34,1010,5.66,0.0,0,céu limpo,11.65,-23.431523,-46.718818,2024-11-11 14:20:52,0,,Pirituba/Jaraguá,0.0,0.0
29.27,50,1009,4.63,0.0,0,céu limpo,17.78,-23.431523,-46.718818,2024-11-12 12:02:34,0,,Pirituba/Jaraguá,0.0,0.0
15.99,87,1014,4.12,0.0,4,nublado,13.83,-23.431523,-46.718818,2024-11-13 08:43:58,0,,Pirituba/Jaraguá,0.0,1.17
16.77,84,1016,4.12,0.0,0,nublado,14.05,-23.431523,-46.718818,2024-11-14 19:15:19,0,,Pirituba/Jaraguá,0.0,0.0
25.46,65,1014,3.09,0.22,4,chuva leve,18.4,-23.431523,-46.718818,2024-11-15 14:00:51,0,,Pirituba/Jaraguá,0.0,0.53
19.93,83,1017,3.09,0.0,0,nublado,16.96,-23.431523,-46.718818,2024-11-16 22:23:51,0,,Pirituba/Jaraguá,0.0,0.0
26.22,67,1013,2.77,0.0,4,nublado,19.61,-23.431523,-46.718818,2024-11-17 16:35:22,0,,Pirituba/Jaraguá,0.0,0.3
23.37,72,1011,3.6,0.0,0,céu limpo,18.04,-23.431523,-46.718818,2024-11-18 19:21:35,0,,Pirituba/Jaraguá,0.0,0.0
27.2,62,1012,4.56,0.0,0,nublado,19.29,-23.431523,-46.718818,2024-11-19 15:56:22,0,,Pirituba/Jaraguá,0.0,0.0
17.83,86,1014,2.57,0.0,0,nublado,15.46,-23.431523,-46.718818,2024-11-20 05:35:38,0,,Pirituba/Jaraguá,0.0,0.0
16.71,79,1015,3.6,0.0,0,nublado,13.05,-23.483996,-46.716305,2024-11-10 23:28:35,0,,Pirituba/Jaraguá,0.0,0.0
16.84,82,1014,3.09,0.0,0,céu limpo,13.75,-23.483996,-46.716305,2024-11-11 07:13:16,0,,Pirituba/Jaraguá,0.0,0.0
28.8,51,1010,3.6,0.0,0,céu limpo,17.66,-23.483996,-46.716305,2024-11-12 10:43:11,0,,Pirituba/Jaraguá,0.0,0.0
17.83,82,1013,5.66,0.0,0,nublado,14.72,-23.483996,-46.716305,2024-11-13 16:53:52,0,,Pirituba/Jaraguá,0.0,0.0
18.1,86,1015,5.14,0.0,0,nublado,15.72,-23.483996,-46.716305,2024-11-14 17:23:41,0,,Pirituba/Jaraguá,0.0,0.0
17.37,94,1016,3.09,0.0,0,nublado,16.4,-23.483996,-46.716305,2024-11-15 00:48:50,0,,Pirituba/Jaraguá,0.0,0.0
21.0,86,1017,3.09,0.0,0,nublado,18.57,-23.483996,-46.716305,2024-11-16 21:34:33,0,,Pirituba/Jaraguá,0.0,0.0
24.61,62,1016,2.06,0.19,2,chuva leve,16.85,-23.483996,-46.716305,2024-11-17 10:31:03,0,,Pirituba/Jaraguá,0.0,0.42
25.83,61,1014,2.57,0.0,0,céu limpo,17.74,-23.483996,-46.716305,2024-11-18 09:31:34,0,,Pirituba/Jaraguá,0.0,0.0
21.23,74,1013,0.0,0.0,0,céu limpo,16.41,-23.483996,-46.716305,2024-11-19 01:17:08,0,,Pirituba/Jaraguá,0.0,0.0
19.59,86,1014,1.81,0.0,0,nublado,17.19,-23.483996,-46.716305,2024-11-20 03:45:08,0,,Pirituba/Jaraguá,0.0,0.0
17.17,78,1016,4.12,0.0,0,nublado,13.31,-23.498396,-46.707066,2024-11-10 20:44:51,0,,Pirituba/Jaraguá,0.0,0.0
17.44,84,1014,1.54,0.0,0,nublado,14.71,-23.498396,-46.707066,2024-11-11 02:02:13,0,,Pirituba/Jaraguá,0.0,0.0
19.5,87,1013,5.66,0.0,0,nublado,17.28,-23.498396,-46.707066,2024-11-12 22:12:01,0,,Pirituba/Jaraguá,0.0,0.0
15.81,82,1017,3.6,0.0,0,nublado,12.75,-23.498396,-46.707066,2024-11-13 22:27:31,0,,Pirituba/Jaraguá,0.0,0.0
16.46,87,1017,4.12,0.0,0,nublado,14.29,-23.498396,-46.707066,2024-11-14 06:38:02,0,,Pirituba/Jaraguá,0.0,0.0
24.85,62,1015,3.09,0.0,3,algumas nuvens,17.08,-23.498396,-46.707066,2024-11-15 13:02:19,0,,Pirituba/Jaraguá,0.0,0.31
23.85,73,1015,5.66,0.65,4,chuva leve,18.72,-23.498396,-46.707066,2024-11-16 13:44:17,0,,Pirituba/Jaraguá,0.0,4.02
23.85,58,1016,2.06,0.19,2,chuva leve,15.09,-23.498396,-46.707066,2024-11-17 10:54:37,0,,Pirituba/Jaraguá,0.0,0.42
18.6,92,1014,2.57,0.0,0,nuvens dispersas,17.28,-23.498396,-46.707066,2024-11-18 05:42:55,0,,Pirituba/Jaraguá,0.0,0.0
21.78,77,1014,5.66,0.0,0,nublado,17.57,-23.498396,-46.707066,2024-11-19 19:01:01,0,,Pirituba/Jaraguá,0.0,0.0
19.6,86,1014,2.57,0.0,0,céu limpo,17.2,-23.498396,-46.707066,2024-11-20 01:42:37,0,,Pirituba/Jaraguá,0.0,0.0
21.14,87,1020,4.63,0.0,0,nublado,18.89,-23.487212,-46.714751,2024-02-01 23:10:51,0,,Pirituba/Jaraguá,0.0,0.0
19.72,92,1018,2.57,0.0,0,algumas nuvens,18.38,-23.487212,-46.714751,2024-02-02 04:26:48,0,,Pirituba/Jaraguá,0.0,0.0
23.2,85,1019,2.06,0.0,0,nublado,20.54,-23.487212,-46.714751,2024-02-03 21:34:22,0,,Pirituba/Jaraguá,0.0,0.0
19.04,86,1017,2.57,0.0,0,algumas nuvens,16.65,-23.498451,-46.706975,2024-02-01 03:51:59,0,,Pirituba/Jaraguá,0.0,0.0
20.39,87,1019,3.09,0.21,4,chuva leve,18.15,-23.498451,-46.706975,2024-02-02 19:04:37,0,,Pirituba/Jaraguá,0.0,7.25
22.9,85,1019,2.06,0.0,0,nublado,20.24,-23.498451,-46.706975,2024-02-03 22:13:41,0,,Pirituba/Jaraguá,0.0,0.0
16.52,88,1017,1.03,0.0,0,céu limpo,14.53,-23.431523,-46.718818,2024-02-01 06:25:35,0,,Pirituba/Jaraguá,0.0,0.0
20.25,83,1019,1.03,4.29,4,chuva forte,17.27,-23.431523,-46.718818,2024-02-02 17:07:36,0,,Pirituba/Jaraguá,0.0,13.64
25.99,67,1018,1.03,0.0,4,céu limpo,19.39,-23.431523,-46.718818,2024-02-03 16:48:05,0,,Pirituba/Jaraguá,0.0,2.03
20.78,87,1020,4.12,0.0,0,algumas nuvens,18.54,-23.483996,-46.716305,2024-02-01 22:20:33,0,,Pirituba/Jaraguá,0.0,0.0
20.34,89,1019,2.06,1.02,4,chuva moderada,18.47,-23.483996,-46.716305,2024-02-02 18:22:57,0,,Pirituba/Jaraguá,0.0,8.87
24.6,75,1019,2.57,0.0,0,céu limpo,19.88,-23.483996,-46.716305,2024-02-03 10:50:01,0,,Pirituba/Jaraguá,0.0,0.0
18.48,90,1017,0.0,0.0,0,céu limpo,16.81,-23.498396,-46.707066,2024-02-01 05:47:52,0,,Pirituba/Jaraguá,0.0,0.0
19.85,83,1019,1.54,1.83,4,trovoadas,16.88,-23.498396,-46.707066,2024-02-02 14:45:34,0,,Pirituba/Jaraguá,0.0,8.91
25.85,65,1019,1.54,0.0,0,céu limpo,18.77,-23.498396,-46.707066,2024-02-03 11:51:08,0,,Pirituba/Jaraguá,0.0,0.0
27.84,66,1019,4.12,0.17,4,chuva leve,20.9,-23.6581,-46.7024,2024-02-01 13:59:38,0,,Santo Amaro,0.0,8.36
19.08,95,1019,2.57,0.0,0,algumas nuvens,18.26,-23.6581,-46.7024,2024-02-02 03:37:04,0,,Santo Amaro,0.0,0.0
20.36,92,1018,3.09,0.0,0,nublado,19.02,-23.6581,-46.7024,2024-02-03 04:15:28,0,,Santo Amaro,0.0,0.0
19.39,84,1017,2.57,0.0,0,nuvens dispersas,16.62,-23.6754,-46.6997,2024-02-01 04:17:50,0,,Santo Amaro,0.0,0.0
23.46,82,1021,4.12,0.11,2,chuva leve,20.21,-23.6754,-46.6997,2024-02-02 09:38:25,0,,Santo Amaro,0.0,0.25
23.49,77,1019,2.57,0.0,0,céu limpo,19.23,-23.6754,-46.6997,2024-02-03 10:56:00,0,,Santo Amaro,0.0,0.0
22.47,85,1018,6.17,9.27,4,chuva forte,19.82,-23.6261,-46.6874,2024-02-01 15:05:31,0,,Santo Amaro,0.0,17.1
20.39,91,1019,3.6,0.0,0,algumas nuvens,18.87,-23.6261,-46.6874,2024-02-02 00:58:11,0,,Santo Amaro,0.0,0.0
22.51,89,1019,0.51,0.0,0,nublado,20.61,-23.6261,-46.6874,2024-02-03 22:59:09,0,,Santo Amaro,0.0,0.0
24.38,70,1019,3.6,0.53,2,chuva leve,18.56,-23.6838,-46.6926,2024-02-01 11:25:18,0,,Santo Amaro,0.0,0.63
19.38,94,1019,1.54,0.0,0,algumas nuvens,18.39,-23.6838,-46.6926,2024-02-02 05:44:27,0,,Santo Amaro,0.0,0.0
20.43,90,1019,4.12,0.0,0,nublado,18.73,-23.6838,-46.6926,2024-02-03 05:56:50,0,,Santo Amaro,0.0,0.0
20.77,79,1018,0.51,0.0,0,céu limpo,17.0,-23.6615,-46.6794,2024-02-01 06:40:06,0,,Santo Amaro,0.0,0.0
20.07,91,1019,3.6,0.0,0,algumas nuvens,18.56,-23.6615,-46.6794,2024-02-02 01:21:05,0,,Santo Amaro,0.0,0.0
26.43,72,1017,2.06,0.0,4,nublado,20.97,-23.6615,-46.6794,2024-02-03 17:24:23,0,,Santo Amaro,0.0,5.49
19.02,88,1017,0.0,0.0,0,céu limpo,16.99,-23.6632,-46.7077,2024-02-01 06:21:15,0,,Santo Amaro,0.0,0.0
22.89,77,1021,4.12,0.14,0,chuva leve,18.65,-23.6632,-46.7077,2024-02-02 08:49:41,0,,Santo Amaro,0.0,0.14
20.2,87,1018,3.09,0.0,0,algumas nuvens,17.97,-23.6632,-46.7077,2024-02-03 03:35:05,0,,Santo Amaro,0.0,0.0
21.09,73,1016,5.7,0.0,0,nublado,16.07,-23.506032,-46.456596,2024-01-01 08:53:56,0,,São Miguel Paulista,0.0,0.0
19.5,88,1014,4.12,0.0,0,nublado,17.46,-23.506032,-46.456596,2024-01-02 03:03:52,0,,São Miguel Paulista,0.0,0.0
26.36,65,1012,1.54,0.22,0,chuva leve,19.25,-23.506032,-46.456596,2024-01-03 10:19:23,0,,São Miguel Paulista,0.0,0.22
19.81,94,1012,1.03,0.0,0,nublado,18.82,-23.506032,-46.456596,2024-01-04 04:29:20,0,,São Miguel Paulista,0.0,0.0
21.02,92,1014,2.57,0.0,0,nublado,19.67,-23.506032,-46.456596,2024-01-05 07:14:49,0,,São Miguel Paulista,0.0,0.0
25.83,62,1014,3.09,0.18,0,chuva leve,18.0,-23.506032,-46.456596,2024-01-06 10:38:26,0,,São Miguel Paulista,0.0,0.18
26.16,62,1014,2.57,0.0,0,céu limpo,18.31,-23.506032,-46.456596,2024-01-07 10:23:03,0,,São Miguel Paulista,0.0,0.0
25.14,65,1014,4.63,0.0,0,nublado,18.1,-23.486212,-46.459752,2024-01-01 14:15:23,0,,São Miguel Paulista,0.0,0.0
19.08,88,1014,5.7,0.0,0,nublado,17.05,-23.486212,-46.459752,2024-01-02 04:55:20,0,,São Miguel Paulista,0.0,0.0
23.97,94,1010,4.63,5.13,4,chuva forte,22.94,-23.486212,-46.459752,2024-01-03 16:13:45,0,,São Miguel Paulista,0.0,12.02
20.83,94,1013,2.57,0.0,0,garoa de leve intensidade,19.83,-23.486212,-46.459752,2024-01-04 01:08:03,0,,São Miguel Paulista,0.0,0.0
26.46,62,1013,6.17,0.37,4,chuva leve,18.59,-23.486212,-46.459752,2024-01-05 14:41:21,0,,São Miguel Paulista,0.0,0.68
25.84,62,1014,3.09,0.18,0,chuva leve,18.01,-23.486212,-46.459752,2024-01-06 11:11:27,0,,São Miguel Paulista,0.0,0.18
26.24,66,1012,4.12,0.0,3,céu limpo,19.39,-23.486212,-46.459752,2024-01-07 17:45:59,0,,São Miguel Paulista,0.0,0.45
20.27,83,1015,4.12,0.0,0,nublado,17.29,-23.474823,-46.417531,2024-01-01 21:05:14,0,,São Miguel Paulista,0.0,0.0
19.52,83,1015,4.12,0.0,0,nublado,16.56,-23.474823,-46.417531,2024-01-02 01:29:48,0,,São Miguel Paulista,0.0,0.0
19.77,94,1012,2.57,0.0,0,nublado,18.78,-23.474823,-46.417531,2024-01-03 02:01:29,0,,São Miguel Paulista,0.0,0.0
24.5,73,1013,2.57,0.28,4,chuva leve,19.34,-23.474823,-46.417531,2024-01-04 12:19:38,0,,São Miguel Paulista,0.0,0.9
20.09,88,1015,2.57,0.0,0,nublado,18.04,-23.474823,-46.417531,2024-01-05 23:29:15,0,,São Miguel Paulista,0.0,0.0
20.91,83,1015,3.09,0.0,0,nublado,17.92,-23.474823,-46.417531,2024-01-06 07:03:09,0,,São Miguel Paulista,0.0,0.0
26.22,69,1012,2.57,0.0,3,céu limpo,20.08,-23.474823,-46.417531,2024-01-07 17:56:29,0,,São Miguel Paulista,0.0,0.45
18.79,77,1017,3.1,0.0,0,nublado,14.68,-23.485466,-46.407488,2024-01-01 01:15:24,0,,São Miguel Paulista,0.0,0.0
19.29,88,1014,4.12,0.0,0,nublado,17.25,-23.485466,-46.407488,2024-01-02 02:30:28,0,,São Miguel Paulista,0.0,0.0
19.79,94,1012,3.6,0.0,0,nublado,18.8,-23.485466,-46.407488,2024-01-03 05:32:12,0,,São Miguel Paulista,0.0,0.0
23.34,83,1014,2.06,0.19,4,chuva leve,20.29,-23.485466,-46.407488,2024-01-04 09:57:14,0,,São Miguel Paulista,0.0,0.49
19.56,94,1013,1.03,0.0,0,nublado,18.57,-23.485466,-46.407488,2024-01-05 04:11:16,0,,São Miguel Paulista,0.0,0.0
27.5,61,1013,4.12,0.22,4,chuva leve,19.31,-23.485466,-46.407488,2024-01-06 15:24:56,0,,São Miguel Paulista,0.0,0.51
24.9,69,1012,2.57,0.0,4,céu limpo,18.82,-23.485466,-46.407488,2024-01-07 19:02:02,0,,São Miguel Paulista,0.0,0.45
21.4,78,1013,4.12,0.0,0,nublado,17.41,-23.488974,-46.404744,2024-01-01 19:23:35,0,,São Miguel Paulista,0.0,0.0
24.73,65,1013,2.6,0.0,0,nuvens dispersas,17.71,-23.488974,-46.404744,2024-01-02 10:09:34,0,,São Miguel Paulista,0.0,0.0
19.89,94,1012,3.6,0.0,0,nublado,18.9,-23.488974,-46.404744,2024-01-03 04:56:17,0,,São Miguel Paulista,0.0,0.0
24.62,73,1012,2.57,0.0,4,chuva leve,19.46,-23.488974,-46.404744,2024-01-04 13:54:06,0,,São Miguel Paulista,0.0,0.81
26.01,65,1012,4.12,0.37,2,chuva leve,18.92,-23.488974,-46.404744,2024-01-05 16:23:56,0,,São Miguel Paulista,0.0,0.74
20.6,83,1016,2.57,0.0,0,nublado,17.61,-23.488974,-46.404744,2024-01-06 22:31:19,0,,São Miguel Paulista,0.0,0.0
28.43,61,1014,1.54,0.14,0,chuva leve,20.18,-23.488974,-46.404744,2024-01-07 10:36:40,0,,São Miguel Paulista,0.0,0.14
20.42,78,1016,4.12,0.0,0,nublado,16.46,-23.491512,-46.405495,2024-01-01 23:05:40,0,,São Miguel Paulista,0.0,0.0
20.33,94,1013,3.09,0.0,0,nublado,19.33,-23.491512,-46.405495,2024-01-02 23:07:23,0,,São Miguel Paulista,0.0,0.0
21.04,88,1013,2.06,0.0,0,nublado,18.98,-23.491512,-46.405495,2024-01-03 23:21:39,0,,São Miguel Paulista,0.0,0.0
20.67,100,1014,1.54,0.0,0,chuva leve,20.67,-23.491512,-46.405495,2024-01-04 21:21:02,0,,São Miguel Paulista,0.0,0.0
19.75,100,1013,1.54,0.0,0,nublado,19.75,-23.491512,-46.405495,2024-01-05 02:45:46,0,,São Miguel Paulista,0.0,0.0
19.07,94,1014,1.54,0.0,0,nublado,18.08,-23.491512,-46.405495,2024-01-06 04:37:36,0,,São Miguel Paulista,0.0,0.0
24.5,73,1015,3.09,0.0,0,algumas nuvens,19.34,-23.491512,-46.405495,2024-01-07 09:01:55,0,,São Miguel Paulista,0.0,0.0
26.12,59,1016,2.57,0.0,0,nuvens dispersas,17.49,-23.507709,-46.690589,2023-05-01 12:56:21,0,,Freguesia do Ó,0.0,0.0
25.05,58,1014,4.63,0.13,4,chuva leve,16.22,-23.507709,-46.690589,2023-05-02 14:44:06,0,,Freguesia do Ó,0.0,0.74
21.56,85,1017,3.6,0.0,0,nuvens dispersas,18.93,-23.507709,-46.690589,2023-05-03 19:52:21,0,,Freguesia do Ó,0.0,0.0
21.4,83,1017,1.54,0.0,0,nuvens dispersas,18.39,-23.507709,-46.690589,2023-05-04 00:15:07,0,,Freguesia do Ó,0.0,0.0
20.3,85,1019,1.03,0.0,0,nublado,17.7,-23.507709,-46.690589,2023-05-05 02:33:56,0,,Freguesia do Ó,0.0,0.0
21.44,85,1020,2.16,0.0,0,nublado,18.81,-23.507709,-46.690589,2023-05-06 03:15:57,0,,Freguesia do Ó,0.0,0.0
26.9,50,1016,1.54,0.0,0,nuvens dispersas,15.61,-23.507709,-46.690589,2023-05-07 15:27:05,0,,Freguesia do Ó,0.0,0.0
20.3,89,1018,1.54,0.0,0,céu limpo,18.43,-23.507709,-46.690589,2023-05-08 02:40:41,0,,Freguesia do Ó,0.0,0.0
21.57,89,1020,4.12,0.0,0,chuva leve,19.68,-23.507709,-46.690589,2023-05-09 22:17:50,0,,Freguesia do Ó,0.0,0.0
19.12,91,1017,4.12,0.87,4,chuva leve,17.62,-23.507709,-46.690589,2023-05-10 19:26:55,0,,Freguesia do Ó,0.0,1.9
18.56,89,1017,2.06,0.0,0,nublado,16.71,-23.498796,-46.706667,2023-05-01 03:35:49,0,,Freguesia do Ó,0.0,0.0
20.7,81,1017,2.06,0.0,0,céu limpo,17.32,-23.498796,-46.706667,2023-05-02 01:11:54,0,,Freguesia do Ó,0.0,0.0
21.07,88,1017,3.09,0.0,0,nuvens dispersas,19.01,-23.498796,-46.706667,2023-05-03 20:52:34,0,,Freguesia do Ó,0.0,0.0
20.15,86,1017,2.57,0.0,0,nublado,17.74,-23.498796,-46.706667,2023-05-04 05:29:26,0,,Freguesia do Ó,0.0,0.0
20.15,84,1019,0.51,0.0,0,nuvens dispersas,17.36,-23.498796,-46.706667,2023-05-05 02:04:42,0,,Freguesia do Ó,0.0,0.0
19.66,90,1021,3.6,0.0,0,nublado,17.97,-23.498796,-46.706667,2023-05-06 06:48:56,0,,Freguesia do Ó,0.0,0.0
20.14,83,1018,1.54,0.0,0,algumas nuvens,17.16,-23.498796,-46.706667,2023-05-07 02:46:34,0,,Freguesia do Ó,0.0,0.0
20.15,89,1019,1.54,0.0,0,nublado,18.28,-23.498796,-46.706667,2023-05-08 01:45:04,0,,Freguesia do Ó,0.0,0.0
24.85,68,1019,1.03,0.0,0,algumas nuvens,18.54,-23.498796,-46.706667,2023-05-09 10:49:39,0,,Freguesia do Ó,0.0,0.0
18.98,91,1017,4.12,0.87,4,chuva leve,17.48,-23.498796,-46.706667,2023-05-10 18:49:45,0,,Freguesia do Ó,0.0,1.9
21.4,85,1015,3.6,0.0,4,nublado,18.77,-23.501223,-46.683717,2023-05-01 19:27:26,0,,Freguesia do Ó,0.0,0.41
19.93,89,1015,4.12,0.0,4,chuva leve,18.06,-23.501223,-46.683717,2023-05-02 17:32:28,0,,Freguesia do Ó,0.0,0.47
20.75,84,1016,2.06,0.0,0,algumas nuvens,17.95,-23.501223,-46.683717,2023-05-03 00:42:47,0,,Freguesia do Ó,0.0,0.0
19.56,93,1019,2.57,0.0,0,névoa,18.4,-23.501223,-46.683717,2023-05-04 07:19:01,0,,Freguesia do Ó,0.0,0.0
20.19,89,1021,3.6,0.0,0,algumas nuvens,18.32,-23.501223,-46.683717,2023-05-05 06:59:32,0,,Freguesia do Ó,0.0,0.0
21.32,83,1020,2.06,0.0,0,nublado,18.32,-23.501223,-46.683717,2023-05-06 23:43:30,0,,Freguesia do Ó,0.0,0.0
20.89,79,1018,2.57,0.0,0,névoa,17.11,-23.501223,-46.683717,2023-05-07 19:45:35,0,,Freguesia do Ó,0.0,0.0
20.2,87,1018,2.06,0.0,0,céu limpo,17.97,-23.501223,-46.683717,2023-05-08 04:06:33,0,,Freguesia do Ó,0.0,0.0
26.97,63,1017,2.57,0.0,0,nublado,19.33,-23.501223,-46.683717,2023-05-09 13:53:04,0,,Freguesia do Ó,0.0,0.0
18.23,95,1017,3.6,0.0,4,névoa,17.42,-23.501223,-46.683717,2023-05-10 22:01:13,0,,Freguesia do Ó,0.0,1.0
21.97,84,1014,5.66,0.41,0,chuva leve,19.14,-23.50471,-46.675745,2023-05-01 15:58:25,0,,Freguesia do Ó,0.0,0.41
23.96,68,1015,2.57,0.11,2,chuva leve,17.69,-23.50471,-46.675745,2023-05-02 11:59:46,0,,Freguesia do Ó,0.0,0.23
24.4,86,1017,2.06,0.0,0,nuvens dispersas,21.91,-23.50471,-46.675745,2023-05-03 11:13:47,0,,Freguesia do Ó,0.0,0.0
21.93,77,1020,1.03,0.0,0,céu limpo,17.72,-23.50471,-46.675745,2023-05-04 23:03:36,0,,Freguesia do Ó,0.0,0.0
26.96,53,1017,4.63,0.0,0,algumas nuvens,16.57,-23.50471,-46.675745,2023-05-05 15:12:39,0,,Freguesia do Ó,0.0,0.0
25.62,56,1017,4.12,0.0,0,algumas nuvens,16.2,-23.50471,-46.675745,2023-05-06 16:21:11,0,,Freguesia do Ó,0.0,0.0
26.14,60,1017,2.57,0.0,0,céu limpo,17.77,-23.50471,-46.675745,2023-05-07 13:03:39,0,,Freguesia do Ó,0.0,0.0
20.26,88,1018,1.54,0.0,0,céu limpo,18.21,-23.50471,-46.675745,2023-05-08 02:41:14,0,,Freguesia do Ó,0.0,0.0
21.41,88,1020,4.12,0.0,0,chuva leve,19.34,-23.50471,-46.675745,2023-05-09 21:52:04,0,,Freguesia do Ó,0.0,0.0
20.82,85,1018,3.09,0.0,0,nublado,18.21,-23.50471,-46.675745,2023-05-10 01:43:37,0,,Freguesia do Ó,0.0,0.0
21.88,68,1019,2.06,0.0,0,céu limpo,15.71,-23.481944,-46.676904,2023-05-01 10:25:09,0,,Freguesia do Ó,0.0,0.0
18.6,94,1016,2.57,0.0,0,névoa,17.62,-23.481944,-46.676904,2023-05-02 06:07:43,0,,Freguesia do Ó,0.0,0.0
26.52,51,1014,3.09,0.0,0,nuvens dispersas,15.57,-23.481944,-46.676904,2023-05-03 14:17:53,0,,Freguesia do Ó,0.0,0.0
22.1,80,1019,1.54,0.0,0,céu limpo,18.49,-23.481944,-46.676904,2023-05-04 21:37:33,0,,Freguesia do Ó,0.0,0.0
19.07,90,1019,3.09,0.0,0,névoa,17.39,-23.481944,-46.676904,2023-05-05 05:36:14,0,,Freguesia do Ó,0.0,0.0
25.7,59,1017,2.57,0.0,0,céu limpo,17.09,-23.481944,-46.676904,2023-05-06 15:13:41,0,,Freguesia do Ó,0.0,0.0
26.84,56,1016,1.54,0.0,0,algumas nuvens,17.33,-23.481944,-46.676904,2023-05-07 14:25:31,0,,Freguesia do Ó,0.0,0.0
23.6,62,1017,4.12,0.0,0,nuvens dispersas,15.9,-23.481944,-46.676904,2023-05-08 18:34:12,0,,Freguesia do Ó,0.0,0.0
19.61,87,1018,0.51,0.0,0,nublado,17.39,-23.481944,-46.676904,2023-05-09 07:00:37,0,,Freguesia do Ó,0.0,0.0
20.73,85,1018,3.09,0.0,0,nublado,18.12,-23.481944,-46.676904,2023-05-10 01:43:44,0,,Freguesia do Ó,0.0,0.0
20.94,87,1016,4.12,0.0,0,nublado,18.7,-23.501357,-46.690638,2023-05-01 19:40:48,0,,Freguesia do Ó,0.0,0.0
20.3,82,1017,2.57,0.0,0,névoa,17.13,-23.501357,-46.690638,2023-05-02 23:29:47,0,,Freguesia do Ó,0.0,0.0
24.55,72,1016,2.06,0.0,0,céu limpo,19.17,-23.501357,-46.690638,2023-05-03 11:31:47,0,,Freguesia do Ó,0.0,0.0
22.13,81,1019,1.54,0.0,0,céu limpo,18.72,-23.501357,-46.690638,2023-05-04 22:29:19,0,,Freguesia do Ó,0.0,0.0
21.67,88,1021,3.6,0.0,0,nublado,19.6,-23.501357,-46.690638,2023-05-05 20:35:47,0,,Freguesia do Ó,0.0,0.0
21.36,81,1019,3.09,0.0,0,nublado,17.97,-23.501357,-46.690638,2023-05-06 18:56:12,0,,Freguesia do Ó,0.0,0.0
20.82,83,1020,2.57,0.0,0,algumas nuvens,17.83,-23.501357,-46.690638,2023-05-07 10:21:38,0,,Freguesia do Ó,0.0,0.0
26.36,52,1016,3.09,0.0,0,céu limpo,15.72,-23.501357,-46.690638,2023-05-08 17:06:43,0,,Freguesia do Ó,0.0,0.0
21.23,81,1018,0.51,0.0,0,nublado,17.84,-23.501357,-46.690638,2023-05-09 01:21:43,0,,Freguesia do Ó,0.0,0.0
21.67,86,1016,3.6,0.0,2,nublado,19.23,-23.501357,-46.690638,2023-05-10 15:02:14,0,,Freguesia do Ó,0.0,0.14
20.42,88,1017,4.12,0.0,0,nublado,18.37,-23.5725,-46.6071,2023-05-01 21:10:09,0,,Ipiranga,0.0,0.0
23.04,76,1014,5.81,0.0,4,nublado,18.58,-23.5725,-46.6071,2023-05-02 16:07:02,0,,Ipiranga,0.0,0.58
23.02,72,1017,2.06,0.0,0,algumas nuvens,17.7,-23.5725,-46.6071,2023-05-03 11:08:02,0,,Ipiranga,0.0,0.0
23.67,67,1018,4.12,0.0,0,céu limpo,17.18,-23.5725,-46.6071,2023-05-04 18:52:35,0,,Ipiranga,0.0,0.0
21.43,84,1022,1.54,0.0,0,nublado,18.61,-23.5725,-46.6071,2023-05-05 08:50:33,0,,Ipiranga,0.0,0.0
21.6,82,1021,3.09,0.0,0,nublado,18.4,-23.5725,-46.6071,2023-05-06 11:10:19,0,,Ipiranga,0.0,0.0
18.99,88,1020,4.12,0.0,0,névoa,16.96,-23.5725,-46.6071,2023-05-07 07:53:53,0,,Ipiranga,0.0,0.0
22.57,79,1018,1.03,0.0,0,céu limpo,18.75,-23.5725,-46.6071,2023-05-08 21:58:34,0,,Ipiranga,0.0,0.0
20.43,87,1018,1.03,0.0,0,nublado,18.19,-23.5725,-46.6071,2023-05-09 05:20:35,0,,Ipiranga,0.0,0.0
19.53,95,1018,3.6,0.0,0,nublado,18.71,-23.5725,-46.6071,2023-05-10 03:23:57,0,,Ipiranga,0.0,0.0
24.7,63,1014,6.17,0.0,4,nublado,17.19,-23.583,-46.6046,2023-05-01 15:27:36,0,,Ipiranga,0.0,0.11
19.57,89,1017,2.06,0.0,0,céu limpo,17.71,-23.583,-46.6046,2023-05-02 01:23:27,0,,Ipiranga,0.0,0.0
19.57,88,1016,1.54,0.0,0,céu limpo,17.53,-23.583,-46.6046,2023-05-03 01:46:24,0,,Ipiranga,0.0,0.0
26.98,49,1017,3.6,0.0,0,nuvens dispersas,15.36,-23.583,-46.6046,2023-05-04 13:06:13,0,,Ipiranga,0.0,0.0
19.91,87,1019,1.54,0.0,0,nublado,17.68,-23.583,-46.6046,2023-05-05 04:22:15,0,,Ipiranga,0.0,0.0
22.78,74,1020,3.6,0.0,0,nublado,17.91,-23.583,-46.6046,2023-05-06 11:55:55,0,,Ipiranga,0.0,0.0
20.25,88,1018,2.57,0.0,0,névoa,18.2,-23.583,-46.6046,2023-05-07 21:07:55,0,,Ipiranga,0.0,0.0
20.3,86,1018,2.06,0.0,0,céu limpo,17.88,-23.583,-46.6046,2023-05-08 03:36:06,0,,Ipiranga,0.0,0.0
22.07,80,1017,5.14,0.0,0,nublado,18.46,-23.583,-46.6046,2023-05-09 15:56:45,0,,Ipiranga,0.0,0.0
19.19,93,1019,3.6,2.79,4,chuva moderada,18.03,-23.583,-46.6046,2023-05-10 07:12:35,0,,Ipiranga,0.0,6.44
25.65,59,1017,2.68,0.11,0,chuva leve,17.05,-23.5878,-46.6028,2023-05-01 12:14:58,0,,Ipiranga,0.0,0.11
19.49,90,1017,4.12,0.0,0,névoa,17.81,-23.5878,-46.6028,2023-05-02 21:20:40,0,,Ipiranga,0.0,0.0
20.27,89,1017,2.06,0.0,0,nublado,18.4,-23.5878,-46.6028,2023-05-03 22:04:54,0,,Ipiranga,0.0,0.0
19.54,89,1017,2.57,0.0,0,nublado,17.68,-23.5878,-46.6028,2023-05-04 04:58:16,0,,Ipiranga,0.0,0.0
20.93,84,1022,1.54,0.0,0,nublado,18.13,-23.5878,-46.6028,2023-05-05 08:30:36,0,,Ipiranga,0.0,0.0
20.5,84,1020,3.6,0.0,0,nublado,17.7,-23.5878,-46.6028,2023-05-06 20:42:57,0,,Ipiranga,0.0,0.0
18.87,86,1018,2.57,0.0,0,nublado,16.48,-23.5878,-46.6028,2023-05-07 04:41:00,0,,Ipiranga,0.0,0.0
20.27,85,1018,1.54,0.0,0,céu limpo,17.67,-23.5878,-46.6028,2023-05-08 02:38:21,0,,Ipiranga,0.0,0.0
20.61,84,1018,0.51,0.0,0,algumas nuvens,17.81,-23.5878,-46.6028,2023-05-09 03:11:15,0,,Ipiranga,0.0,0.0
17.43,94,1017,2.06,0.29,3,chuva leve,16.45,-23.5878,-46.6028,2023-05-10 20:22:14,0,,Ipiranga,0.0,1.41
19.68,89,1017,1.54,0.0,0,nublado,17.82,-23.5769,-46.6064,2023-05-01 01:53:21,0,,Ipiranga,0.0,0.0
19.68,89,1017,2.06,0.0,0,céu limpo,17.82,-23.5769,-46.6064,2023-05-02 01:13:04,0,,Ipiranga,0.0,0.0
22.92,73,1015,4.63,0.0,0,nuvens dispersas,17.83,-23.5769,-46.6064,2023-05-03 17:28:06,0,,Ipiranga,0.0,0.0
21.7,83,1019,3.6,0.0,0,céu limpo,18.69,-23.5769,-46.6064,2023-05-04 21:23:50,0,,Ipiranga,0.0,0.0
19.33,89,1021,2.57,0.0,0,algumas nuvens,17.47,-23.5769,-46.6064,2023-05-05 08:04:40,0,,Ipiranga,0.0,0.0
20.56,86,1020,2.06,0.0,0,nublado,18.14,-23.5769,-46.6064,2023-05-06 23:38:50,0,,Ipiranga,0.0,0.0
21.97,87,1018,3.6,0.0,0,céu limpo,19.71,-23.5769,-46.6064,2023-05-07 18:30:46,0,,Ipiranga,0.0,0.0
26.97,53,1017,4.12,0.0,0,nuvens dispersas,16.58,-23.5769,-46.6064,2023-05-08 13:13:27,0,,Ipiranga,0.0,0.0
20.6,84,1019,2.06,0.0,0,algumas nuvens,17.8,-23.5769,-46.6064,2023-05-09 07:49:33,0,,Ipiranga,0.0,0.0
17.56,95,1017,3.6,0.0,4,névoa,16.75,-23.5769,-46.6064,2023-05-10 22:01:32,0,,Ipiranga,0.0,1.3
19.75,86,1017,2.06,0.0,0,algumas nuvens,17.34,-23.5918,-46.5988,2023-05-01 23:40:17,0,,Ipiranga,0.0,0.0
19.76,89,1016,4.63,0.0,0,névoa,17.9,-23.5918,-46.5988,2023-05-02 20:07:26,0,,Ipiranga,0.0,0.0
22.48,83,1015,6.26,0.0,0,nuvens dispersas,19.45,-23.5918,-46.5988,2023-05-03 16:35:59,0,,Ipiranga,0.0,0.0
27.18,44,1016,2.06,0.0,0,céu limpo,13.88,-23.5918,-46.5988,2023-05-04 16:45:28,0,,Ipiranga,0.0,0.0
20.68,84,1019,1.03,0.0,0,nublado,17.88,-23.5918,-46.5988,2023-05-05 03:02:59,0,,Ipiranga,0.0,0.0
19.6,92,1020,2.24,0.0,0,nuvens dispersas,18.26,-23.5918,-46.5988,2023-05-06 05:10:26,0,,Ipiranga,0.0,0.0
20.31,88,1018,2.57,0.0,0,névoa,18.26,-23.5918,-46.5988,2023-05-07 21:20:18,0,,Ipiranga,0.0,0.0
21.74,81,1018,0.51,0.0,0,nublado,18.34,-23.5918,-46.5988,2023-05-08 23:51:20,0,,Ipiranga,0.0,0.0
20.8,86,1018,3.6,0.0,0,nublado,18.37,-23.5918,-46.5988,2023-05-09 17:47:38,0,,Ipiranga,0.0,0.0
17.18,95,1017,3.6,0.0,4,névoa,16.37,-23.5918,-46.5988,2023-05-10 21:50:13,0,,Ipiranga,0.0,1.3
24.06,64,1018,1.54,0.0,0,algumas nuvens,16.83,-23.5676,-46.6067,2023-05-01 11:15:35,0,,Ipiranga,0.0,0.0
26.33,55,1014,2.24,0.21,2,chuva leve,16.57,-23.5676,-46.6067,2023-05-02 13:56:57,0,,Ipiranga,0.0,0.44
26.12,57,1015,2.06,0.0,0,nuvens dispersas,16.94,-23.5676,-46.6067,2023-05-03 13:09:54,0,,Ipiranga,0.0,0.0
23.7,67,1018,4.12,0.0,0,céu limpo,17.21,-23.5676,-46.6067,2023-05-04 18:54:12,0,,Ipiranga,0.0,0.0
27.73,50,1018,2.57,0.0,0,céu limpo,16.37,-23.5676,-46.6067,2023-05-05 13:37:04,0,,Ipiranga,0.0,0.0
20.88,83,1020,3.6,0.0,0,nublado,17.89,-23.5676,-46.6067,2023-05-06 21:27:19,0,,Ipiranga,0.0,0.0
20.95,82,1020,2.57,0.0,0,algumas nuvens,17.76,-23.5676,-46.6067,2023-05-07 10:03:34,0,,Ipiranga,0.0,0.0
23.31,70,1017,4.12,0.0,0,nuvens dispersas,17.53,-23.5676,-46.6067,2023-05-08 18:44:32,0,,Ipiranga,0.0,0.0
21.26,89,1018,5.14,0.0,0,nublado,19.37,-23.5676,-46.6067,2023-05-09 16:52:08,0,,Ipiranga,0.0,0.0
19.16,92,1018,2.57,0.35,4,garoa de leve intensidade,17.83,-23.5676,-46.6067,2023-05-10 05:59:05,0,,Ipiranga,0.0,2.58
29.9,23,1017,7.72,0.0,0,céu limpo,6.54,-23.499071,-46.68373,2024-09-01 13:10:16,0,,Casa Verde,0.0,0.0
17.97,86,1017,2.57,0.0,0,névoa,15.6,-23.499071,-46.68373,2024-09-02 23:59:08,0,,Casa Verde,0.0,0.0
27.9,33,1015,3.6,0.0,0,céu limpo,10.16,-23.499071,-46.68373,2024-09-03 18:19:59,0,,Casa Verde,0.0,0.0
31.1,22,1015,4.63,0.0,0,céu limpo,6.9,-23.499071,-46.68373,2024-09-04 16:03:44,0,,Casa Verde,0.0,0.0
26.66,47,1016,6.17,0.0,0,céu limpo,14.43,-23.499071,-46.68373,2024-09-05 15:05:30,0,,Casa Verde,0.0,0.0
17.72,85,1020,3.6,0.0,0,névoa,15.17,-23.499071,-46.68373,2024-09-06 20:25:51,0,,Casa Verde,0.0,0.0
17.97,90,1019,0.51,0.0,0,algumas nuvens,16.31,-23.499071,-46.68373,2024-09-07 02:42:25,0,,Casa Verde,0.0,0.0
21.87,81,1019,1.54,0.0,0,céu limpo,18.46,-23.499071,-46.68373,2024-09-08 04:56:21,0,,Casa Verde,0.0,0.0
27.39,23,1017,2.57,0.0,0,céu limpo,4.45,-23.499071,-46.68373,2024-09-09 19:17:24,0,,Casa Verde,0.0,0.0
30.9,28,1015,5.14,0.0,0,nuvens dispersas,10.29,-23.499071,-46.68373,2024-09-10 12:58:14,0,,Casa Verde,0.0,0.0
24.19,51,1015,1.54,0.0,0,céu limpo,13.42,-23.499071,-46.68373,2024-09-11 21:23:01,0,,Casa Verde,0.0,0.0
26.35,34,1016,1.54,0.0,0,céu limpo,9.25,-23.499071,-46.68373,2024-09-12 00:14:18,0,,Casa Verde,0.0,0.0
21.86,50,1016,1.03,0.0,0,neblina,10.98,-23.499071,-46.68373,2024-09-13 06:07:33,0,,Casa Verde,0.0,0.0
21.87,48,1014,0.51,0.0,0,céu limpo,10.38,-23.499071,-46.68373,2024-09-14 03:21:36,0,,Casa Verde,0.0,0.0
19.64,83,1020,5.66,0.0,0,nublado,16.67,-23.499071,-46.68373,2024-09-15 01:34:39,0,,Casa Verde,0.0,0.0
16.38,92,1022,5.14,1.54,4,chuva moderada,15.08,-23.499071,-46.68373,2024-09-16 11:21:10,0,,Casa Verde,0.0,6.95
15.92,80,1021,6.17,0.0,0,nublado,12.48,-23.499071,-46.68373,2024-09-17 14:42:04,0,,Casa Verde,0.0,0.0
16.92,79,1022,2.57,0.0,0,nublado,13.26,-23.499071,-46.68373,2024-09-18 11:46:55,0,,Casa Verde,0.0,0.0
16.88,91,1017,3.09,0.0,0,nublado,15.4,-23.499071,-46.68373,2024-09-19 04:36:50,0,,Casa Verde,0.0,0.0
30.83,38,1011,4.12,0.0,3,céu limpo,14.88,-23.499071,-46.68373,2024-09-20 17:01:59,0,,Casa Verde,0.0,1.26
15.28,76,1018,1.54,0.0,0,céu limpo,11.08,-23.511279,-46.668402,2024-09-01 05:27:07,0,,Casa Verde,0.0,0.0
17.67,82,1016,3.09,0.0,0,névoa,14.56,-23.511279,-46.668402,2024-09-02 19:53:37,0,,Casa Verde,0.0,0.0
17.49,87,1017,2.06,0.0,0,nublado,15.3,-23.511279,-46.668402,2024-09-03 00:38:34,0,,Casa Verde,0.0,0.0
26.63,31,1017,3.09,0.0,0,céu limpo,8.13,-23.511279,-46.668402,2024-09-04 20:08:43,0,,Casa Verde,0.0,0.0
20.01,68,1020,5.66,0.0,0,nuvens dispersas,13.93,-23.511279,-46.668402,2024-09-05 11:04:11,0,,Casa Verde,0.0,0.0
21.15,68,1020,6.17,0.0,0,nublado,15.02,-23.511279,-46.668402,2024-09-06 11:34:16,0,,Casa Verde,0.0,0.0
25.67,50,1017,0.0,0.0,0,nuvens dispersas,14.48,-23.511279,-46.668402,2024-09-07 18:41:58,0,,Casa Verde,0.0,0.0
22.5,77,1018,1.54,0.0,0,céu limpo,18.27,-23.511279,-46.668402,2024-09-08 02:51:16,0,,Casa Verde,0.0,0.0
21.39,73,1019,1.03,0.0,0,céu limpo,16.35,-23.511279,-46.668402,2024-09-09 01:06:46,0,,Casa Verde,0.0,0.0
31.98,19,1013,4.12,0.0,0,nuvens dispersas,5.5,-23.511279,-46.668402,2024-09-10 14:45:15,0,,Casa Verde,0.0,0.0
24.98,41,1018,2.06,0.0,0,nublado,10.83,-23.511279,-46.668402,2024-09-11 09:06:20,0,,Casa Verde,0.0,0.0
23.43,43,1016,1.54,0.0,0,céu limpo,10.15,-23.511279,-46.668402,2024-09-12 01:59:42,0,,Casa Verde,0.0,0.0
24.43,35,1016,1.03,0.0,0,céu limpo,7.99,-23.511279,-46.668402,2024-09-13 01:13:37,0,,Casa Verde,0.0,0.0
24.29,49,1017,5.66,0.0,0,céu limpo,12.9,-23.511279,-46.668402,2024-09-14 19:02:22,0,,Casa Verde,0.0,0.0
19.77,74,1021,5.14,0.1,3,chuva leve,15.01,-23.511279,-46.668402,2024-09-15 11:19:19,0,,Casa Verde,0.0,0.32
16.39,90,1021,3.6,0.23,4,chuva leve,14.75,-23.511279,-46.668402,2024-09-16 13:50:06,0,,Casa Verde,0.0,2.62
16.15,79,1022,7.2,0.0,0,nublado,12.51,-23.511279,-46.668402,2024-09-17 17:28:15,0,,Casa Verde,0.0,0.0
15.83,86,1023,4.12,0.0,0,nublado,13.49,-23.511279,-46.668402,2024-09-18 01:11:08,0,,Casa Verde,0.0,0.0
18.72,89,1017,1.54,0.0,0,névoa,16.87,-23.511279,-46.668402,2024-09-19 19:04:11,0,,Casa Verde,0.0,0.0
22.5,73,1015,2.57,0.0,0,céu limpo,17.42,-23.511279,-46.668402,2024-09-20 09:26:57,0,,Casa Verde,0.0,0.0
20.99,54,1016,1.54,0.0,0,céu limpo,11.34,-23.502448,-46.685965,2024-09-01 22:11:43,0,,Casa Verde,0.0,0.0
24.99,53,1013,4.63,0.0,0,nublado,14.75,-23.502448,-46.685965,2024-09-02 14:58:04,0,,Casa Verde,0.0,0.0
22.04,64,1018,1.03,0.0,0,céu limpo,14.92,-23.502448,-46.685965,2024-09-03 22:48:21,0,,Casa Verde,0.0,0.0
21.44,73,1016,2.06,0.0,0,céu limpo,16.4,-23.502448,-46.685965,2024-09-04 02:49:39,0,,Casa Verde,0.0,0.0
21.4,60,1015,2.06,0.0,0,neblina,13.32,-23.502448,-46.685965,2024-09-05 06:22:49,0,,Casa Verde,0.0,0.0
18.03,83,1019,3.6,0.0,0,nublado,15.1,-23.502448,-46.685965,2024-09-06 19:16:34,0,,Casa Verde,0.0,0.0
31.99,33,1016,3.6,0.0,0,céu limpo,13.72,-23.502448,-46.685965,2024-09-07 13:32:27,0,,Casa Verde,0.0,0.0
31.01,37,1020,2.06,0.0,0,nuvens dispersas,14.62,-23.502448,-46.685965,2024-09-08 11:45:38,0,,Casa Verde,0.0,0.0
24.17,65,1020,1.03,0.0,0,neblina,17.18,-23.502448,-46.685965,2024-09-09 07:48:12,0,,Casa Verde,0.0,0.0
32.57,25,1013,4.63,0.0,0,nuvens dispersas,10.01,-23.502448,-46.685965,2024-09-10 15:55:20,0,,Casa Verde,0.0,0.0
18.32,56,1014,1.54,0.0,0,nublado,9.4,-23.502448,-46.685965,2024-09-11 04:27:47,0,,Casa Verde,0.0,0.0
20.85,61,1018,1.54,0.0,0,céu limpo,13.06,-23.502448,-46.685965,2024-09-12 06:59:43,0,,Casa Verde,0.0,0.0
31.02,29,1016,4.12,0.0,0,céu limpo,10.91,-23.502448,-46.685965,2024-09-13 12:20:52,0,,Casa Verde,0.0,0.0
29.51,37,1014,2.57,0.0,0,céu limpo,13.3,-23.502448,-46.685965,2024-09-14 14:33:33,0,,Casa Verde,0.0,0.0
18.03,85,1018,6.69,0.0,2,nublado,15.47,-23.502448,-46.685965,2024-09-15 16:20:15,0,,Casa Verde,0.0,0.1
15.74,91,1022,5.14,0.21,4,chuva leve,14.28,-23.502448,-46.685965,2024-09-16 17:20:28,0,,Casa Verde,0.0,0.96
15.44,85,1023,6.17,0.0,0,nublado,12.93,-23.502448,-46.685965,2024-09-17 21:23:28,0,,Casa Verde,0.0,0.0
20.85,75,1021,2.57,0.0,0,nublado,16.26,-23.502448,-46.685965,2024-09-18 13:29:09,0,,Casa Verde,0.0,0.0
17.51,90,1019,3.09,0.0,0,nublado,15.85,-23.502448,-46.685965,2024-09-19 00:05:28,0,,Casa Verde,0.0,0.0
18.06,96,1017,1.54,0.0,0,algumas nuvens,17.41,-23.502448,-46.685965,2024-09-20 00:47:31,0,,Casa Verde,0.0,0.0
20.86,53,1016,1.54,0.0,0,céu limpo,10.94,-23.505935,-46.676012,2024-09-01 22:11:32,0,,Casa Verde,0.0,0.0
23.97,55,1016,1.54,0.0,0,nublado,14.38,-23.505935,-46.676012,2024-09-02 11:19:43,0,,Casa Verde,0.0,0.0
27.96,31,1015,3.6,0.0,0,céu limpo,9.28,-23.505935,-46.676012,2024-09-03 18:16:49,0,,Casa Verde,0.0,0.0
30.97,22,1016,5.66,0.0,0,céu limpo,6.79,-23.505935,-46.676012,2024-09-04 13:29:18,0,,Casa Verde,0.0,0.0
20.52,71,1019,8.23,0.0,0,neblina,15.09,-23.505935,-46.676012,2024-09-05 09:00:59,0,,Casa Verde,0.0,0.0
18.26,82,1020,3.6,0.0,0,nublado,15.14,-23.505935,-46.676012,2024-09-06 22:09:25,0,,Casa Verde,0.0,0.0
23.61,76,1019,3.09,0.0,0,algumas nuvens,19.13,-23.505935,-46.676012,2024-09-07 22:32:36,0,,Casa Verde,0.0,0.0
26.93,66,1022,2.06,0.0,0,neblina,20.04,-23.505935,-46.676012,2024-09-08 09:07:04,0,,Casa Verde,0.0,0.0
21.37,73,1019,1.54,0.0,0,neblina,16.33,-23.505935,-46.676012,2024-09-09 06:54:15,0,,Casa Verde,0.0,0.0
30.37,26,1013,3.6,0.0,0,algumas nuvens,8.73,-23.505935,-46.676012,2024-09-10 16:56:50,0,,Casa Verde,0.0,0.0
32.21,25,1013,3.09,0.0,0,céu limpo,9.7,-23.505935,-46.676012,2024-09-11 15:30:44,0,,Casa Verde,0.0,0.0
19.16,64,1017,1.03,0.0,0,céu limpo,12.19,-23.505935,-46.676012,2024-09-12 05:49:17,0,,Casa Verde,0.0,0.0
20.82,56,1016,0.0,0.0,0,céu limpo,11.73,-23.505935,-46.676012,2024-09-13 02:39:51,0,,Casa Verde,0.0,0.0
22.48,49,1016,2.06,0.0,0,céu limpo,11.25,-23.505935,-46.676012,2024-09-14 06:37:31,0,,Casa Verde,0.0,0.0
20.25,82,1020,4.63,0.0,0,nublado,17.08,-23.505935,-46.676012,2024-09-15 04:14:21,0,,Casa Verde,0.0,0.0
16.93,93,1019,4.63,0.42,4,chuva leve,15.79,-23.505935,-46.676012,2024-09-16 02:05:23,0,,Casa Verde,0.0,2.68
15.37,84,1023,5.66,0.0,0,nublado,12.68,-23.505935,-46.676012,2024-09-17 19:47:59,0,,Casa Verde,0.0,0.0
17.47,88,1020,2.57,0.0,0,névoa,15.46,-23.505935,-46.676012,2024-09-18 21:44:55,0,,Casa Verde,0.0,0.0
18.26,91,1018,4.12,0.0,0,névoa,16.77,-23.505935,-46.676012,2024-09-19 22:38:16,0,,Casa Verde,0.0,0.0
18.04,94,1016,1.03,0.0,0,nublado,17.06,-23.505935,-46.676012,2024-09-20 02:00:01,0,,Casa Verde,0.0,0.0
25.8,48,1019,2.57,0.0,0,nublado,13.97,-23.515056,-46.653688,2024-09-01 09:30:28,0,,Casa Verde,0.0,0.0
23.74,40,1016,2.57,0.0,0,céu limpo,9.35,-23.515056,-46.653688,2024-09-02 00:08:00,0,,Casa Verde,0.0,0.0
16.41,89,1016,1.54,0.0,0,névoa,14.59,-23.515056,-46.653688,2024-09-03 04:01:15,0,,Casa Verde,0.0,0.0
21.76,69,1017,0.51,0.0,0,céu limpo,15.83,-23.515056,-46.653688,2024-09-04 01:46:05,0,,Casa Verde,0.0,0.0
21.97,58,1017,6.17,0.0,0,céu limpo,13.34,-23.515056,-46.653688,2024-09-05 17:05:07,0,,Casa Verde,0.0,0.0
18.94,76,1018,5.14,0.0,0,nublado,14.62,-23.515056,-46.653688,2024-09-06 17:21:56,0,,Casa Verde,0.0,0.0
18.08,91,1019,0.51,0.0,0,algumas nuvens,16.59,-23.515056,-46.653688,2024-09-07 03:01:30,0,,Casa Verde,0.0,0.0
29.04,45,1021,2.06,0.0,0,nuvens dispersas,15.91,-23.515056,-46.653688,2024-09-08 11:29:50,0,,Casa Verde,0.0,0.0
21.97,67,1018,1.03,0.0,0,céu limpo,15.57,-23.515056,-46.653688,2024-09-09 05:22:58,0,,Casa Verde,0.0,0.0
29.06,25,1013,3.09,0.0,0,nuvens dispersas,7.05,-23.515056,-46.653688,2024-09-10 18:11:04,0,,Casa Verde,0.0,0.0
23.45,53,1015,1.54,0.0,0,nublado,13.33,-23.515056,-46.653688,2024-09-11 01:39:41,0,,Casa Verde,0.0,0.0
30.01,23,1017,6.17,0.0,0,céu limpo,6.64,-23.515056,-46.653688,2024-09-12 11:10:03,0,,Casa Verde,0.0,0.0
32.02,20,1013,3.09,0.0,0,céu limpo,6.27,-23.515056,-46.653688,2024-09-13 14:26:05,0,,Casa Verde,0.0,0.0
28.01,46,1014,4.12,0.0,0,céu limpo,15.32,-23.515056,-46.653688,2024-09-14 16:16:25,0,,Casa Verde,0.0,0.0
20.22,78,1020,6.17,0.0,0,algumas nuvens,16.26,-23.515056,-46.653688,2024-09-15 00:16:53,0,,Casa Verde,0.0,0.0
15.28,90,1024,5.14,0.0,4,nublado,13.65,-23.515056,-46.653688,2024-09-16 21:08:11,0,,Casa Verde,0.0,0.11
16.11,80,1022,7.2,0.0,0,nublado,12.66,-23.515056,-46.653688,2024-09-17 17:29:23,0,,Casa Verde,0.0,0.0
15.83,86,1021,4.12,0.0,0,algumas nuvens,13.49,-23.515056,-46.653688,2024-09-18 04:01:09,0,,Casa Verde,0.0,0.0
16.34,89,1018,3.6,0.0,0,névoa,14.52,-23.515056,-46.653688,2024-09-19 06:39:46,0,,Casa Verde,0.0,0.0
18.08,94,1016,1.03,0.0,0,nublado,17.1,-23.515056,-46.653688,2024-09-20 01:42:17,0,,Casa Verde,0.0,0.0
18.0,68,1020,2.06,0.0,0,céu limpo,12.01,-23.515056,-46.653688,2024-09-01 08:10:43,0,,Casa Verde,0.0,0.0
18.94,76,1017,3.6,0.0,0,céu limpo,14.62,-23.515056,-46.653688,2024-09-02 07:27:53,0,,Casa Verde,0.0,0.0
27.85,32,1015,3.6,0.0,0,céu limpo,9.65,-23.515056,-46.653688,2024-09-03 18:00:15,0,,Casa Verde,0.0,0.0
19.24,83,1016,0.51,0.0,0,céu limpo,16.28,-23.515056,-46.653688,2024-09-04 05:12:12,0,,Casa Verde,0.0,0.0
24.27,42,1016,5.66,0.0,0,céu limpo,10.55,-23.515056,-46.653688,2024-09-05 00:12:55,0,,Casa Verde,0.0,0.0
16.48,83,1021,4.12,0.0,0,nublado,13.59,-23.515056,-46.653688,2024-09-06 08:24:21,0,,Casa Verde,0.0,0.0
26.05,44,1017,0.0,0.0,0,nuvens dispersas,12.86,-23.515056,-46.653688,2024-09-07 19:04:42,0,,Casa Verde,0.0,0.0
33.05,26,1018,1.54,0.0,0,nuvens dispersas,11.0,-23.515056,-46.653688,2024-09-08 13:43:14,0,,Casa Verde,0.0,0.0
27.0,47,1020,1.54,0.0,0,neblina,14.74,-23.515056,-46.653688,2024-09-09 09:41:12,0,,Casa Verde,0.0,0.0
24.74,48,1015,1.54,0.0,0,nublado,13.0,-23.515056,-46.653688,2024-09-10 20:37:32,0,,Casa Verde,0.0,0.0
20.86,63,1014,1.54,0.0,0,nublado,13.56,-23.515056,-46.653688,2024-09-11 03:31:39,0,,Casa Verde,0.0,0.0
31.29,21,1014,2.57,0.0,0,céu limpo,6.38,-23.515056,-46.653688,2024-09-12 18:22:11,0,,Casa Verde,0.0,0.0
28.08,32,1017,4.12,0.0,0,neblina,9.85,-23.515056,-46.653688,2024-09-13 10:21:35,0,,Casa Verde,0.0,0.0
27.8,44,1017,2.57,0.0,0,céu limpo,14.44,-23.515056,-46.653688,2024-09-14 10:50:03,0,,Casa Verde,0.0,0.0
18.39,87,1018,6.69,0.0,3,nublado,16.19,-23.515056,-46.653688,2024-09-15 17:11:19,0,,Casa Verde,0.0,0.1
16.32,90,1021,3.6,0.23,4,chuva leve,14.68,-23.515056,-46.653688,2024-09-16 13:37:37,0,,Casa Verde,0.0,2.62
15.28,84,1023,5.66,0.0,0,nublado,12.6,-23.515056,-46.653688,2024-09-17 19:35:34,0,,Casa Verde,0.0,0.0
15.81,87,1023,4.12,0.0,0,nublado,13.65,-23.515056,-46.653688,2024-09-18 01:22:09,0,,Casa Verde,0.0,0.0
20.85,72,1018,2.06,0.0,0,algumas nuvens,15.62,-23.515056,-46.653688,2024-09-19 11:13:57,0,,Casa Verde,0.0,0.0
32.0,37,1011,5.66,0.0,0,céu limpo,15.5,-23.515056,-46.653688,2024-09-20 14:08:37,0,,Casa Verde,0.0,0.0
