X,Y,id,temperatura,umidade,pressao,velocidade_vento,precipitacao_chuva,tempo_chuva,intensidade_chuva,ponto_orvalho,latitude,longitude,data_hora,historico_alagamento,solo_elevacao,bairro,precipitacao_diaria,precipitacao_acumulada,declive_graus1
-46.594733,-23.526789,1,26.81,65,1010,,0,2,nuvens dispersas,19.68,-23.526789,-46.594733,2025-01-02 19:00:00,verdadeiro,722.48,Vila Maria/ Vila Guilherme,22.8,0.11,3.66370439529419
-46.607741,-23.485011,2,18.71,100,1012,,0,0,trovoada com chuva fraca,18.71,-23.485011,-46.607741,2023-11-15 19:36:00,verdadeiro,749.44,Vila Maria/Vila Guilherme,39.1,0,6.02824258804321
-46.603548,-23.50703,3,19.02,98,1012,,0,0,trovoada com chuva fraca,18.7,-23.50703,-46.603548,2023-11-15 19:47:00,verdadeiro,725.7,Vila Maria/Vila Guilherme,39.1,0,0.464048534631729
-46.569995,-23.475137,4,18.92,100,1012,,0,0,trovoada com chuva fraca,18.92,-23.475137,-46.569995,2023-11-15 20:02:00,verdadeiro,730.82,Vila Maria/Vila Guilherme,39.1,0,2.07442665100098
-46.611794,-23.508373,5,22.02,91,1014,,19.81,1,névoa,20.48,-23.508373,-46.611794,2023-11-28 20:46:00,verdadeiro,722.37,Vila Maria/Vila Guilherme,30.7,19.81,4.56079053878784
-46.571746,-23.472208,6,19.54,98,1013,,0,3,trovoada com chuva fraca,19.22,-23.472208,-46.571746,2023-12-23 17:48:00,verdadeiro,731.54,Vila Maria/Vila Guilherme,40.4,4.06,1.35270059108734
-46.723131,-23.428385,7,20.12,96,1017,,1.67,4,chuva moderada,19.46,-23.428385,-46.723131,2023-11-27 17:58:00,verdadeiro,831.03,Pirituba/Jaraguá,12,11.94,3.10994267463684
-46.625659,-23.553304,8,24.95,52,1012,,0,3,algumas nuvens,14.42,-23.553304,-46.625659,2023-11-15 19:30:00,verdadeiro,726.88,Santana,34.9,0.15,1.46716165542603
-46.598701,-23.526522,9,21.04,93,1015,,3.6,4,chuva moderada,19.86,-23.526522,-46.598701,2023-11-19 12:45:00,verdadeiro,714.58,Santana,22.2,6.15,5.12249660491943
-46.598701,-23.526522,10,20.16,92,1015,,1.39,3,trovoada com chuva fraca,18.82,-23.526522,-46.598701,2023-11-28 23:00:00,verdadeiro,714.58,Santana,24.1,2.92,5.12249660491943
-46.621147,-23.504268,11,22,91,1014,,19.81,1,chuva muito forte,20.46,-23.504268,-46.621147,2023-11-28 20:46:00,verdadeiro,724.24,Santana,24.1,19.81,1.91265225410461
-46.650982,-23.537206,12,25.68,70,1016,,0,0,céu limpo,19.8,-23.537206,-46.650982,2023-12-08 07:56:00,verdadeiro,747.22,Santana,5.8,0,5.27611875534058
-46.621262,-23.503148,13,28.16,61,1013,,0,3,chuva leve,19.93,-23.503148,-46.621262,2023-12-17 14:03:00,verdadeiro,724.49,Santana,9,1.44,1.46716165542603
-46.622389,-23.511408,14,22.66,90,1013,,2.23,4,chuva moderada,20.94,-23.511408,-46.622389,2023-12-23 17:27:00,verdadeiro,722.07,Santana,28.9,4.76,4.65347290039062
-46.690589,-23.507709,15,22.31,97,1014,,5.84,1,chuva forte,21.81,-23.507709,-46.690589,2023-11-23 07:46:00,verdadeiro,720.55,Freguesia do Ó,8.8,5.84,4.27048397064209
-46.706667,-23.498796,16,24.49,84,1013,,0,3,nublado,21.61,-23.498796,-46.706667,2023-12-16 16:15:00,verdadeiro,723.13,Freguesia do Ó,23.1,0.18,2.36490035057068
-46.738,-23.5959,17,24.96,1,1007,,5.63,4,chuva forte,23.39,-23.5959,-46.738,2023-11-03 16:57:00,verdadeiro,735.24,Butantã,10.9,13.66,3.95860838890076
-46.6969,-23.6073,18,21.08,1,1007,,5.63,4,chuva forte,20.92,-23.6073,-46.6969,2023-11-03 16:37:00,verdadeiro,723.34,Pinheiros,9.2,10.62,10.4740800857544
-46.7413,-23.5971,19,31.39,1,1008,,0.15,3,chuva leve,27.94,-23.5971,-46.7413,2023-11-15 20:07:00,verdadeiro,739.71,Butantã,45.6,0.3,2.64366388320923
-46.7284,-23.5888,20,22.41,1,1014,,0,4,chuva leve,21.91,-23.5888,-46.7284,2023-11-15 21:10:00,verdadeiro,736.32,Butantã,45.6,0.15,2.70389485359192
-46.6862,-23.5321,21,23.11,1,1012,,0,3,trovoadas,18.01,-23.5321,-46.6862,2023-11-15 19:41:00,verdadeiro,757.77,Lapa,44.7,0.15,6.02824258804321
-46.6938,-23.5938,22,22.32,1,1013,,2.79,4,chuva moderada,20.6,-23.5938,-46.6938,2023-11-19 06:03:00,verdadeiro,715.36,Butantã,33.9,32.16,4.05208683013916
-46.686,-23.5829,23,20.59,1,1015,,2.79,4,chuva moderada,19.59,-23.5829,-46.686,2023-11-19 16:14:00,verdadeiro,721.12,Pinheiros,28.3,15.6,2.07442665100098
-46.6867,-23.5849,24,20.65,1,1015,,1.91,4,chuva moderada,19.65,-23.5849,-46.6867,2023-11-19 16:21:00,verdadeiro,722.53,Pinheiros,28.3,14.22,4.72177028656006
-46.6865,-23.5875,25,24.4,1,1011,,0,4,trovoada com chuva fraca,20.32,-23.5875,-46.6865,2023-11-19 22:27:00,verdadeiro,722.35,Pinheiros,28.3,2.98,7.16651964187622
-46.7102,-23.5704,26,21.91,1,1017,,0,4,chuva forte,21.24,-23.5704,-46.7102,2023-11-27 18:22:00,verdadeiro,725,Butantã,23.3,10.27,3.6195912361145
-46.6748,-23.5189,27,25.98,1,1016,,3.91,4,chuva moderada,19.85,-23.5189,-46.6748,2023-11-27 18:14:00,verdadeiro,720.04,Lapa,15,14.18,1.46716165542603
-46.5944,-23.5268,28,20.94,1,1015,,0.56,4,chuva moderada,19.94,-23.5268,-46.5944,2023-10-01 13:12:00,verdadeiro,722.97,Butantã,49.9,2.84,4.19471979141235
-46.5944,-23.5268,29,23.29,1,1012,,2.94,4,chuva moderada,20.43,-23.5268,-46.5944,2023-10-01 18:09:00,verdadeiro,722.97,Butantã,49.9,6.17,4.19471979141235
-46.6798,-23.5654,30,19.59,1,1016,,0.95,4,chuva leve,18.93,-23.5654,-46.6798,2023-10-01 03:08:00,verdadeiro,740.72,Pinheiros,51.6,3.32,1.03755331039429
-46.6967,-23.6073,31,22.15,1,1015,,0.34,4,chuva forte,21.48,-23.6073,-46.6967,2023-10-01 13:54:00,verdadeiro,723.31,Pinheiros,51.6,9.82,10.5670099258423
-46.6893,-23.5099,32,19.74,1,1010,,2.04,4,chuva moderada,19.41,-23.5099,-46.6893,2023-10-05 08:12:00,verdadeiro,720.1,Lapa,29.3,6.05,2.36490035057068
-46.6701,-23.541,33,18.95,1,1010,,1.34,4,chuva moderada,18.79,-23.541,-46.6701,2023-10-05 09:03:00,verdadeiro,804.08,Lapa,29.3,3.31,2.38750553131104
-46.6863,-23.5849,34,22.8,1,1011,,0,0,algumas nuvens,20.34,-23.5849,-46.6863,2023-10-05 11:09:00,verdadeiro,726.7,Pinheiros,32.8,0,7.56682729721069
-46.7501,-23.6007,35,23.5,1,1012,,0.32,4,chuva leve,21.4,-23.6007,-46.7501,2023-10-07 19:00:00,verdadeiro,733.47,Butantã,33,0.76,4.72177028656006
-46.6584,-23.5627,36,20.31,1,1011,,0,3,trovoadas,19.48,-23.5627,-46.6584,2023-10-12 21:29:00,verdadeiro,809.63,Pinheiros,17.7,1.99,7.88643884658813
-46.6881,-23.5113,37,19.73,1,1018,,0.47,4,chuva leve,18.39,-23.5113,-46.6881,2023-10-17 06:58:00,verdadeiro,719.68,Lapa,11.4,1.07,2.96876573562622
-46.696,-23.6073,38,18.72,1,1011,,1.02,4,chuva moderada,18.4,-23.6073,-46.696,2023-10-27 21:19:00,verdadeiro,724.46,Pinheiros,23.2,2.18,9.25758934020996
-46.6658,-23.5687,39,22.25,1,1010,,1.78,4,chuva moderada,21.75,-23.5687,-46.6658,2023-10-29 19:53:00,verdadeiro,748.94,Pinheiros,17.1,8.64,11.1711111068726
-46.6967,-23.5973,40,21.72,1,1011,,1.02,4,chuva moderada,20.01,-23.5973,-46.6967,2023-10-31 14:39:00,verdadeiro,725.26,Butantã,15.6,3.12,3.6195912361145
-46.6656,-23.5711,41,22.92,1,1011,,26.54,4,chuva muito forte,21.37,-23.5711,-46.6656,2023-10-31 14:35:00,verdadeiro,743.94,Pinheiros,12.6,54.16,1.46716165542603
-46.6681,-23.588,42,21.76,1,1011,,26.54,4,chuva muito forte,20.23,-23.588,-46.6681,2023-10-31 14:36:00,verdadeiro,744.04,Pinheiros,12.6,54.16,3.82105112075806
-46.6689,-23.6044,43,25.03,1,1010,,0.52,4,chuva leve,20.72,-23.6044,-46.6689,2023-10-31 17:05:00,verdadeiro,741.73,Pinheiros,12.6,3.02,5.96631669998169
-46.6686,-23.588,44,21.77,1,1011,,26.54,4,chuva muito forte,20.24,-23.588,-46.6686,2023-10-31 14:36:00,verdadeiro,742.19,Pinheiros,12.6,54.16,4.40595388412476
-46.6972,-23.6072,45,19.86,90,1010,,15.24,4,Chuva Forte ,18.17,-23.6072,-46.6972,2023-01-04 16:41:00,verdadeiro,722.62,Santo Amaro ,29.4,16.76,8.22488880157471
-46.6972,-23.6072,46,22.8,86,1014,,4.41,4,Chuva Forte ,20.34,-23.6072,-46.6972,2023-01-10 15:35:00,verdadeiro,722.62,Santo Amaro ,9.8,8.7,8.22488880157471
-46.7186,-23.6008,47,20.51,89,1014,,20.45,4,Chuva Muito Forte,18.63,-23.6008,-46.7186,2023-01-10 16:11:00,verdadeiro,747.1,Santo Amaro ,9.8,26.99,1.67271196842194
-46.6972,-23.6072,48,20.38,89,1012,,0.25,4,Chuva leve ,18.51,-23.6072,-46.6972,2023-01-14 02:22:00,verdadeiro,722.62,Santo Amaro ,4.1,19.56,8.22488880157471
-46.7344,-23.6756,49,25.32,80,1014,,2.17,4,Chuva Moderada ,21.62,-23.6756,-46.7344,2023-01-15 17:11:00,verdadeiro,749.78,M'Boi Mirim ,19.8,2.86,16.3147220611572
-46.6942,-23.6243,50,21.42,88,1013,,1.87,3,Chuva Moderada ,19.35,-23.6243,-46.6942,2023-01-15 17:23:00,verdadeiro,726.12,Santo Amaro ,37.7,6.3,2.56114077568054
-46.6972,-23.6072,51,21.24,89,1014,,2.82,4,Chuva Moderada ,19.35,-23.6072,-46.6972,2023-01-15 18:04:00,verdadeiro,722.62,Santo Amaro ,37.7,9.12,8.22488880157471
-46.6905,-23.6826,52,23.95,94,1010,,0.13,4,Chuva leve ,22.92,-23.6826,-46.6905,2023-01-29 17:15:00,verdadeiro,725.31,Santo Amaro ,20.1,0.39,1.96805989742279
-46.6972,-23.6072,53,22.45,80,1011,,0.21,4,Chuva leve ,18.83,-23.6072,-46.6972,2023-01-29 17:29:00,verdadeiro,722.62,Santo Amaro ,20.1,0.75,8.22488880157471
-46.7196,-23.665,54,21.5,90,1014,,1.02,4,Trovoada com Chuva Forte,19.79,-23.665,-46.7196,2023-01-31 20:27:00,verdadeiro,724.06,Capela do Socorro ,16.4,2.7,4.2579517364502
-46.7297,-23.6441,55,26.27,66,1012,,0.55,4,Chuva leve ,19.41,-23.6441,-46.7297,2023-01-31 17:08:00,verdadeiro,730.79,M'Boi Mirim ,20.2,0.65,6.94215965270996
-46.6972,-23.6072,56,27.25,69,1012,,0.12,4,Chuva leve ,21.07,-23.6072,-46.6972,2023-01-31 16:59:00,verdadeiro,722.62,Santo Amaro ,23.4,0.57,8.22488880157471
-46.6804,-23.7712,57,24.39,83,1015,,0.52,4,Chuva leve ,21.32,-23.7712,-46.6804,2023-12-08 15:31:00,verdadeiro,790.62,Capela do Socorro ,3.1,18.41,5.62735319137573
-46.6926,-23.6835,58,18.58,98,1015,,11.94,2,Chuva Forte ,18.26,-23.6835,-46.6926,2023-12-10 22:32:00,verdadeiro,723.75,Santo Amaro ,44.9,12.05,2.64366388320923
-46.6786,-23.6639,59,22.27,78,1013,,0.47,4,Chuva leve ,18.25,-23.6639,-46.6786,2023-12-23 16:49:00,verdadeiro,738.8,Santo Amaro ,46.4,8.51,2.82047843933105
-46.6926,-23.6836,60,23.35,78,1013,,0.47,4,Trovoada com Chuva Forte,19.3,-23.6836,-46.6926,2023-12-23 16:50:00,verdadeiro,723.73,Santo Amaro ,46.4,8.51,2.64366388320923
-46.701,-23.6731,61,22.03,96,1013,,0.16,4,Chuva leve ,21.36,-23.6731,-46.701,2023-12-23 17:52:00,verdadeiro,723.71,Santo Amaro ,46.4,7.27,4.65347290039062
-46.628,-23.6189,62,20.25,94,1012,,42.42,4,Chuva Muito Forte ,19.25,-23.6189,-46.628,2023-12-23 17:26:00,verdadeiro,746.86,Vila Mariana ,24.6,50.59,3.66370439529419
-46.7062,-23.6573,63,20.98,96,1007,,2.66,4,trovoada com chuva,20.32,-23.6573,-46.7062,2023-11-03 16:45:00,verdadeiro,735.01,Santo Amaro,16.1,7.73,0.928036212921143
-46.7794,-23.6982,64,21.78,97,1015,,0.15,4,Chuva Moderada ,21.28,-23.6982,-46.7794,2023-11-19 13:54:00,verdadeiro,839.98,M' Boi Mirin ,17.9,5.13,17.9509811401367
-46.6995,-23.6735,65,20.5,93,1016,,4.06,4,Chuva Forte ,19.33,-23.6735,-46.6995,2023-11-19 14:37:00,verdadeiro,724.84,Santo Amaro,26.2,8.49,2.31902623176575
-46.6811,-23.7531,66,24.07,82,1013,,10.35,3,Chuva Forte ,20.81,-23.7531,-46.6811,2023-11-23 16:07:00,verdadeiro,771.2,Capela do Socorro ,13.5,16.84,3.66370439529419
-46.7344,-23.6444,67,23.38,91,1014,,3.24,4,Chuva Moderada ,21.83,-23.6444,-46.7344,2023-11-23 16:40:00,verdadeiro,737.7,M' Boi Mirin ,7.7,20.08,7.88643884658813
-46.7489,-23.6759,68,25.66,89,1013,,10.35,3,Chuva Forte ,23.71,-23.6759,-46.7489,2023-11-23 15:47:00,verdadeiro,750.29,M' Boi Mirin ,7.7,16.84,2.31902623176575
-46.7485,-23.6753,69,26.03,92,1013,,10.35,3,Chuva Forte ,24.63,-23.6753,-46.7485,2023-11-23 15:40:00,verdadeiro,749.82,M' Boi Mirin ,7.7,16.84,2.80138683319092
-46.6875,-23.6265,70,21.5,94,1014,,5.84,1,Trovoada com Chuva ,20.49,-23.6265,-46.6875,2023-11-23 07:56:00,verdadeiro,727.82,Santo Amaro,16.3,5.84,0.464048534631729
-46.7024,-23.6581,71,27.52,80,1012,,6.27,2,Chuva Forte ,23.76,-23.6581,-46.7024,2023-11-23 15:22:00,verdadeiro,735.34,Santo Amaro,16.3,6.49,0.733701109886169
-46.6997,-23.6754,72,27.51,80,1012,,6.27,2,Chuva Forte ,23.75,-23.6754,-46.6997,2023-11-23 15:22:00,verdadeiro,723.26,Santo Amaro,16.3,6.49,1.03755331039429
-46.6608,-23.6019,73,21.87,92,1014,,29.59,1,Chuva Muito Forte ,20.51,-23.6019,-46.6608,2023-11-23 07:37:00,verdadeiro,751.04,Vila Mariana ,11.6,29.59,8.17378044128418
-46.6643,-23.6055,74,21.34,94,1014,,10.67,1,Chuva Forte ,20.33,-23.6055,-46.6643,2023-11-23 07:39:00,verdadeiro,746.64,Vila Mariana ,11.6,10.67,4.86640167236328
-46.6535,-23.5844,75,21.24,89,1017,,5.67,4,Chuva Forte ,19.53,-23.5844,-46.6535,2023-11-27 16:44:00,verdadeiro,751.7,Vila Mariana ,15.3,11.39,3.48386597633362
-46.6874,-23.6261,76,20.19,90,1014,,10.92,1,Trovoada com Chuva ,18.5,-23.6261,-46.6874,2023-11-28 21:10:00,verdadeiro,727.86,Santo Amaro,19,10.92,2.64366388320923
-46.6926,-23.6838,77,27.28,67,1010,,0.22,4,Chuva leve ,20.62,-23.6838,-46.6926,2023-11-29 15:41:00,verdadeiro,724.09,Santo Amaro,15.7,3.13,3.6195912361145
-46.6794,-23.6615,78,22.39,90,1012,,1.77,1,Chuva Moderada ,20.67,-23.6615,-46.6794,2023-11-29 18:55:00,verdadeiro,743.19,Santo Amaro,15.7,1.77,8.14809894561768
-46.7077,-23.6632,79,22.52,90,1012,,1.77,1,Chuva Moderada ,20.8,-23.6632,-46.7077,2023-11-29 18:00:00,verdadeiro,723.94,Santo Amaro,15.7,1.77,1.18295407295227
-46.7016,-23.6732,80,22.54,90,1012,,1.77,1,Chuva Moderada ,20.82,-23.6732,-46.7016,2023-11-29 19:19:00,verdadeiro,724.55,Santo Amaro,15.7,1.77,0.928036212921143
-46.628,23.6189,81,26.21,72,1012,,2.22,3,Chuva Moderada ,20.76,23.6189,-46.628,2023-11-29 15:04:00,verdadeiro,-4277.14,jabaquara ,18.2,2.35,
-46.6352,-23.6294,82,26.3,69,1011,,2.77,2,Chava Moderada,20.16,-23.6294,-46.6352,2023-11-29 14:26:00,verdadeiro,758.75,      Vila Mariana,5.1,2.91,8.76636219024658
-46.456781,-23.53685,83,22.46,90,1015,,0.31,4,chuva fraca,20.74,-23.53685,-46.456781,2024-11-02 15:39:00,verdadeiro,744.08,Itaquera,37.9,0.89,1.7665228843689
-46.456596,-23.506032,84,22.71,83,1016,,1.11,4,chuva moderada,19.67,-23.506032,-46.456596,2024-11-04 12:26:00,verdadeiro,734.24,São Miguel Paulista,11.1,3.49,3.2449369430542
-46.53832,-23.541286,85,21.17,94,1012,,5.35,4,trovoada com chuva,20.17,-23.541286,-46.53832,2024-11-06 17:47:00,verdadeiro,728.39,Aricanduva/ Vila Formosa,15.8,9.17,2.07442665100098
-46.444783,-23.525248,86,23.49,84,1012,,0.23,4,trovoada com chuva fraca,20.63,-23.525248,-46.444783,2024-11-06 15:52:00,verdadeiro,778.5,Itaquera,24.3,11.46,3.48386597633362
-46.446351,-23.553454,87,21.99,94,1012,,5.35,4,trovoada com chuva fraca,20.98,-23.553454,-46.446351,2024-11-06 18:01:00,verdadeiro,753.8,Itaquera,24.3,9.17,2.93240189552307
-46.419701,-23.494024,88,24.34,78,1012,,2.82,4,chuva moderada,20.26,-23.494024,-46.419701,2024-11-06 14:55:00,verdadeiro,740.02,Itaim Paulista,32.3,11.83,1.64024698734283
-46.577669,-23.551485,89,21.35,91,1011,,0.77,4,trovoada com chuva,19.82,-23.551485,-46.577669,2024-11-06 16:50:00,verdadeiro,732.05,Mooca,21.4,8.6,2.10017395019531
-46.521886,-23.532766,90,21.42,94,1012,,5.35,4,trovoada com chuva fraca,20.41,-23.532766,-46.521886,2024-11-06 17:51:00,verdadeiro,738.9,Penha,24.3,9.17,3.66370439529419
-46.557221,-23.524518,91,18.1,94,1009,,4.18,4,chuva de intensidade forte,17.12,-23.524518,-46.557221,2024-11-08 15:42:00,verdadeiro,722.78,Aricanduva/ Vila Formosa,27.5,24.01,1.39190220832825
-46.557221,-23.524518,92,18,94,1013,,0.32,4,chuva fraca,17.02,-23.524518,-46.557221,2024-11-08 20:37:00,verdadeiro,722.78,Aricanduva/ Vila Formosa,27.5,2.88,1.39190220832825
-46.418858,-23.56509,93,21.49,83,1009,,0.57,4,chuva fraca,18.48,-23.56509,-46.418858,2024-11-08 07:27:00,verdadeiro,777.2,Cidade Tiradentes,35,4.04,9.16159152984619
-46.442022,-23.56621,94,22.11,88,1009,,0.46,4,chuva fraca,20.03,-23.56621,-46.442022,2024-11-08 07:45:00,verdadeiro,769.43,Itaquera,38.1,3.66,2.10017395019531
-46.577326,-23.552479,95,18.36,95,1009,,4.18,4,chuva de intensidade forte,17.55,-23.552479,-46.577326,2024-11-08 16:24:00,verdadeiro,732.05,Mooca,37.2,24.01,2.2001416683197
-46.553178,-23.527923,96,17.98,94,1012,,0.73,4,chuva fraca,17,-23.527923,-46.553178,2024-11-08 20:03:00,verdadeiro,728.7,Penha,31.4,4.87,6.28653144836426
-46.553741,-23.530647,97,22.79,89,1012,,2.76,4,névoa,20.88,-23.530647,-46.553741,2024-12-05 18:11:00,verdadeiro,725.89,Aricanduva/ Vila Formosa,3.4,6.13,0.656249403953552
-46.594274,-23.636592,98,21.02,98,1015,,1.02,4,chuva moderada,20.69,-23.636592,-46.594274,2024-12-05 20:42:00,verdadeiro,752.98,Itaquera,5.6,34.15,2.31902623176575
-46.555941,-23.526742,99,23.45,85,1012,,2.76,4,chuva moderada,20.78,-23.526742,-46.555941,2024-12-05 17:47:00,verdadeiro,723.06,Mooca,12.6,6.13,2.29574394226074
-46.444189,-23.593851,100,21.63,88,1012,,0.56,4,chuva fraca,19.56,-23.593851,-46.444189,2024-12-10 07:26:00,verdadeiro,775.44,São Mateus,15.2,1.84,8.37624073028564
-46.444234,-23.594033,101,21.63,88,1012,,0.56,4,chuva fraca,19.56,-23.594033,-46.444234,2024-12-10 07:26:00,verdadeiro,777.39,São Mateus,15.2,1.84,5.96631669998169
-46.516767,-23.556251,102,19.97,90,1011,,3.18,4,chuva moderada,18.28,-23.556251,-46.516767,2024-12-20 18:10:00,verdadeiro,734.31,Aricanduva/ Vila Formosa,24.1,17.23,2.93240189552307
-46.458748,-23.54266,103,23.47,83,1011,,4.81,4,trovoada com chuva fraca,20.42,-23.54266,-46.458748,2024-12-20 17:05:00,verdadeiro,747.32,Itaquera,54,14.31,3.09265065193176
-46.446381,-23.553475,104,23.44,83,1011,,4.81,4,trovoada com chuva fraca,20.39,-23.553475,-46.446381,2024-12-20 17:28:00,verdadeiro,754.12,Itaquera,54,14.31,5.27611875534058
-46.456832,-23.537374,105,22.15,83,1011,,3.18,4,trovoada com chuva fraca,19.13,-23.537374,-46.456832,2024-12-20 17:30:00,verdadeiro,745.26,Itaquera,54,17.23,2.82047843933105
-46.454939,-23.515998,106,22.23,88,1011,,3.18,4,trovoada com chuva fraca,20.15,-23.515998,-46.454939,2024-12-20 17:41:00,verdadeiro,737.38,Itaquera,54,17.23,5.56083726882935
-46.476211,-23.517381,107,21.97,88,1011,,3.18,4,chuva moderada,19.89,-23.517381,-46.476211,2024-12-20 17:42:00,verdadeiro,787.29,Itaquera,54,17.23,3.48386597633362
-46.452239,-23.534071,108,22.21,88,1011,,3.18,4,trovoada com chuva fraca,20.13,-23.534071,-46.452239,2024-12-20 17:43:00,verdadeiro,746.48,Itaquera,54,17.23,3.27780985832214
-46.473338,-23.543282,109,21.58,88,1011,,3.18,4,chuva moderada,19.51,-23.543282,-46.473338,2024-12-20 17:47:00,verdadeiro,768.97,Itaquera,54,17.23,0.733701109886169
-46.606665,-23.542755,110,19.9,88,1011,,3.18,4,chuva moderada,17.85,-23.542755,-46.606665,2024-12-20 17:50:00,verdadeiro,732.14,Itaquera,54,17.23,1.35270059108734
-46.436918,-23.535309,111,21.97,88,1011,,3.18,4,trovoada com chuva fraca,19.89,-23.535309,-46.436918,2024-12-20 17:55:00,verdadeiro,774.23,Itaquera,54,17.23,8.52475452423096
-46.489899,-23.581537,112,20.25,92,1011,,3.18,4,chuva moderada,18.91,-23.581537,-46.489899,2024-12-20 18:05:00,verdadeiro,744.95,Itaquera,54,17.23,5.56083726882935
-46.456802,-23.530765,113,22.2,88,1011,,3.18,4,trovoada com chuva fraca,20.12,-23.530765,-46.456802,2024-12-20 18:05:00,verdadeiro,742.93,Itaquera,54,17.23,3.02248573303223
-46.466454,-23.556169,114,21.75,88,1011,,3.18,4,trovoada com chuva fraca,19.67,-23.556169,-46.466454,2024-12-20 18:05:00,verdadeiro,760.54,Itaquera,54,17.23,2.38750553131104
-46.4543,-23.532438,115,22.21,88,1011,,3.18,4,trovoada com chuva fraca,20.13,-23.532438,-46.4543,2024-12-20 18:05:00,verdadeiro,742.15,Itaquera,54,17.23,2.82047843933105
-46.419895,-23.493926,116,27.22,66,1008,,0.26,3,chuva fraca,20.32,-23.493926,-46.419895,2024-12-20 14:08:00,verdadeiro,739.88,Itaim Paulista,43.2,0.66,2.70389485359192
-46.59478,-23.544727,117,20.52,86,1011,,4.81,4,trovoada com chuva forte,18.1,-23.544727,-46.59478,2024-12-20 17:08:00,verdadeiro,740.23,Mooca,28,14.31,1.03755331039429
-46.483652,-23.544177,118,19.57,85,1011,,4.81,4,trovoada com chuva forte,16.98,-23.544177,-46.483652,2024-12-20 17:29:00,verdadeiro,784.82,Penha,37.1,14.31,0.928036212921143
-46.520574,-23.533231,119,19.9,90,1011,,3.18,4,chuva moderada,18.21,-23.533231,-46.520574,2024-12-20 17:39:00,verdadeiro,738.98,Penha,37.1,17.23,2.62327790260315
-46.486283,-23.507148,120,22.04,88,1011,,3.18,4,chuva moderada,19.96,-23.507148,-46.486283,2024-12-20 17:59:00,verdadeiro,776.04,Penha,37.1,17.23,3.54483652114868
-46.435525,-23.546181,121,21.91,88,1011,,3.18,4,trovoada com chuva fraca,19.83,-23.546181,-46.435525,2024-12-20 18:05:00,verdadeiro,782.08,Penha,37.1,17.23,10.0827884674072
-46.519502,-23.515447,122,19.82,89,1011,,3.18,4,chuva moderada,17.95,-23.515447,-46.519502,2024-12-20 18:05:00,verdadeiro,740.33,Penha,37.1,17.23,3.94507098197937
-46.568953,-23.558941,123,19.88,89,1011,,3.18,4,chuva moderada,18.01,-23.558941,-46.568953,2024-12-20 18:05:00,verdadeiro,736.53,Penha,37.1,17.23,1.46716165542603
-46.492293,-23.535806,124,20.65,87,1012,,3.42,4,chuva moderada,18.41,-23.535806,-46.492293,2024-12-20 18:38:00,verdadeiro,785.92,Penha,37.1,17.48,2.29574394226074
-46.430584,-23.525904,125,24.96,73,1012,,7.89,4,chuva de intensidade forte,19.79,-23.525904,-46.430584,2024-12-21 14:30:00,verdadeiro,743.77,Guaianases,37.6,16.34,3.37449097633362
-46.429626,-23.523758,126,24.96,73,1012,,7.89,4,chuva de intensidade forte,19.79,-23.523758,-46.429626,2024-12-21 14:30:00,verdadeiro,741,Guaianases,37.6,16.34,1.35270059108734
-46.458095,-23.541983,127,25.68,70,1011,,5.69,4,chuva de intensidade forte,19.8,-23.541983,-46.458095,2024-12-21 14:25:00,verdadeiro,748.46,"Itaquera
",60.1,9.09,3.02248573303223
-46.45691,-23.537071,128,25.67,70,1011,,5.69,4,chuva de intensidade forte,19.79,-23.537071,-46.45691,2024-12-21 14:28:00,verdadeiro,744.55,"Itaquera
",60.1,9.09,1.35270059108734
-46.445875,-23.573335,129,24.57,73,1012,,7.89,4,chuva de intensidade forte,19.41,-23.573335,-46.445875,2024-12-21 14:30:00,verdadeiro,778.99,"Itaquera
",60.1,16.34,3.95860838890076
-46.43809,-23.536188,130,24.72,73,1012,,7.89,4,chuva de intensidade forte,19.56,-23.536188,-46.43809,2024-12-21 14:30:00,verdadeiro,769.94,"Itaquera
",60.1,16.34,3.09265065193176
-46.593829,-23.544544,131,21.85,91,1011,,2.46,4,chuva moderada,20.31,-23.544544,-46.593829,2024-12-21 16:18:00,verdadeiro,740.59,Mooca,59.5,17.96,5.3263201713562
-46.625227,-23.522339,132,21.44,93,1014,,1.78,4,chuva moderada,20.26,-23.522339,-46.625227,2024-12-21 18:49:00,verdadeiro,721.75,Mooca,59.5,42.56,3.09265065193176
-46.529636,-23.515585,133,25.88,70,1012,,7.89,4,chuva de intensidade forte,19.99,-23.515585,-46.529636,2024-12-21 14:30:00,verdadeiro,747.81,"Penha
",83.4,16.34,3.83503150939941
-46.515448,-23.528966,134,25.88,71,1012,,7.89,4,chuva de intensidade forte,20.22,-23.528966,-46.515448,2024-12-21 14:30:00,verdadeiro,743,"Penha
",83.4,16.34,5.71170616149902
-46.52078,-23.514667,135,20.32,97,1012,,7.89,4,névoa,19.83,-23.514667,-46.52078,2024-12-21 15:15:00,verdadeiro,739.31,"Penha
",83.4,16.34,3.48386597633362
-46.584349,-23.577111,136,25,76,1012,,7.89,4,chuva de intensidade forte,20.48,-23.577111,-46.584349,2024-12-21 14:30:00,verdadeiro,744.05,Vila Prudente,14.1,16.34,2.10017395019531
-46.482715,-23.542508,137,21.93,90,1011,,0.1,4,trovoada,20.21,-23.542508,-46.482715,2024-12-25 19:25:00,verdadeiro,782.39,Ermelino Matarazzo,25.7,3.74,3.95860838890076
-46.474712,-23.551994,138,22.76,88,1010,,0.63,4,trovoada com chuva fraca,20.67,-23.551994,-46.474712,2024-12-25 18:03:00,verdadeiro,812.96,Itaquera,24.9,4.05,5.64620971679688
-46.456835,-23.536919,139,22.15,91,1011,,0.1,4,trovoada,20.61,-23.536919,-46.456835,2024-12-25 18:42:00,verdadeiro,744.27,Itaquera,24.9,3.74,1.35270059108734
-46.490966,-23.581688,140,20.98,91,1011,,0.1,4,trovoada,19.45,-23.581688,-46.490966,2024-12-25 18:50:00,verdadeiro,745.24,Itaquera,24.9,3.74,6.7960786819458
-46.59426,-23.544624,141,22.32,93,1010,,0.63,4,trovoada com chuva forte,21.13,-23.544624,-46.59426,2024-12-25 17:43:00,verdadeiro,740.8,Mooca,25.8,4.05,3.22837400436401
-46.593312,-23.543179,142,19.94,94,1010,,0.63,4,trovoada com chuva fraca,18.95,-23.543179,-46.593312,2024-12-25 17:45:00,verdadeiro,743.2,Mooca,25.8,4.05,1.03755331039429
-46.560618,-23.547077,143,19.71,94,1010,,0.63,4,trovoada com chuva fraca,18.72,-23.547077,-46.560618,2024-12-25 18:00:00,verdadeiro,758.45,Mooca,25.8,4.05,3.10994267463684
-46.560904,-23.546691,144,19.71,94,1010,,0.63,4,trovoada com chuva fraca,18.72,-23.546691,-46.560904,2024-12-25 18:00:00,verdadeiro,759.56,Mooca,25.8,4.05,3.27780985832214
-46.553178,-23.528046,145,23.14,83,1010,,0.63,4,trovoada com chuva fraca,20.09,-23.528046,-46.553178,2024-12-25 17:38:00,verdadeiro,729.87,Penha,29.2,4.05,6.28653144836426
-46.511185,-23.527891,146,19.73,94,1010,,0.63,4,trovoada com chuva fraca,18.74,-23.527891,-46.511185,2024-12-25 17:59:00,verdadeiro,748.02,Penha,29.2,4.05,4.27048397064209
-46.520862,-23.53148,147,19.84,94,1010,,0.63,4,trovoada com chuva fraca,18.85,-23.53148,-46.520862,2024-12-25 18:07:00,verdadeiro,738.21,Penha,29.2,4.05,2.56114077568054
-46.520703,-23.51472,148,19.81,94,1010,,0.63,4,trovoada com chuva fraca,18.82,-23.51472,-46.520703,2024-12-25 18:12:00,verdadeiro,739.44,Penha,29.2,4.05,3.48386597633362
-46.54893,-23.535388,149,22.97,85,1011,,1.2,4,chuva moderada,20.31,-23.535388,-46.54893,2024-12-26 12:02:00,verdadeiro,728.17,Aricanduva/ Vila Formosa,41.2,9.26,4.63047933578491
-46.434341,-23.534432,150,21.09,94,1011,,0.79,4,chuva fraca,20.09,-23.534432,-46.434341,2024-12-26 07:16:00,verdadeiro,759.43,Itaquera,44.3,3.66,8.68862152099609
-46.457623,-23.541531,151,21.15,94,1011,,0.79,4,chuva fraca,20.15,-23.541531,-46.457623,2024-12-26 07:24:00,verdadeiro,746.84,Itaquera,44.3,3.66,0.464048534631729
-46.557067,-23.525109,152,20.08,94,1011,,0.61,4,névoa,19.08,-23.525109,-46.557067,2024-12-26 05:56:00,verdadeiro,721.84,Mooca,45.9,5.26,1.99518501758575
-46.617697,-23.5373,153,21.01,96,1011,,0.9,4,chuva fraca,20.35,-23.5373,-46.617697,2024-12-26 07:52:00,verdadeiro,726.14,Mooca,45.9,7.06,6.24424839019775
-46.613956,-23.537245,154,20.99,95,1011,,1.78,4,chuva moderada,20.16,-23.537245,-46.613956,2024-12-26 08:06:00,verdadeiro,728.78,Mooca,45.9,8.95,1.7665228843689
-46.611278,-23.539952,155,21.8,90,1013,,0.12,4,chuva fraca,20.09,-23.539952,-46.611278,2024-12-27 08:01:00,verdadeiro,729.16,Mooca,11.8,0.51,1.46716165542603
-46.553179,-23.52855,156,21.95,89,1013,,0.12,4,chuva fraca,20.05,-23.52855,-46.553179,2024-12-27 07:44:00,verdadeiro,729.45,Penha,31.5,0.51,3.7360565662384
-46.552578,-23.525734,157,21.96,89,1013,,0.12,4,chuva fraca,20.06,-23.525734,-46.552578,2024-12-27 07:53:00,verdadeiro,730.66,Penha,31.5,0.51,7.83970355987549
-46.553554,-23.529452,158,22.89,86,1013,,0.21,4,chuva fraca,20.42,-23.529452,-46.553554,2024-12-27 08:40:00,verdadeiro,725.94,Penha,31.5,0.45,2.56114077568054
-46.603548,-23.50703,159,20.99,83,1012,,0.13,4,trovoada com chuva fraca,17.99,-23.50703,-46.603548,2024-01-09 17:33:00,verdadeiro,725.7,Vila Maria/Vila Guilherme,28.8,2.03,0.464048534631729
-46.603548,-23.50703,160,21.87,96,1019,,0.22,4,chuva forte,21.2,-23.50703,-46.603548,2024-02-14 00:05:00,verdadeiro,725.7,Vila Maria/Vila Guilherme,18.9,2.41,0.464048534631729
-46.611794,-23.508373,161,21.38,95,1013,,12.45,4,chuva forte,20.55,-23.508373,-46.611794,2024-01-12 18:40:00,verdadeiro,722.37,Vila Maria/Vila Guilherme,59.6,13.12,4.56079053878784
-46.571746,-23.472208,162,21.96,95,1016,,0,0,chuva leve,21.12,-23.472208,-46.571746,2024-01-10 21:55:00,verdadeiro,731.54,Vila Maria/Vila Guilherme,32,0,1.35270059108734
-46.571596,-23.472711,163,21.47,96,1013,,0.14,4,chuva leve,20.81,-23.472711,-46.571596,2024-01-12 19:07:00,verdadeiro,731.83,Vila Maria/Vila Guilherme,59.6,0.81,0.656249403953552
-46.571596,-23.472711,164,21.7,90,1019,,0.64,3,trovoada com chuva forte,19.99,-23.472711,-46.571596,2024-02-13 23:03:00,verdadeiro,731.83,Vila Maria/Vila Guilherme,42.2,2.19,0.656249403953552
-46.714751,-23.487212,165,24.22,92,1013,,39.37,3,trovoada com chuva fraca,22.84,-23.487212,-46.714751,2024-01-10 18:45:00,verdadeiro,731.85,Pirituba/Jaraguá,25.5,41.45,3.9314866065979
-46.706975,-23.498451,166,22.86,93,1013,,0,3,trovoada com chuva fraca,21.67,-23.498451,-46.706975,2024-01-10 18:56:00,verdadeiro,724.27,Pirituba/Jaraguá,25.5,2.08,1.7665228843689
-46.718818,-23.431523,167,17.83,94,1017,,1.15,4,chuva moderada,16.85,-23.431523,-46.718818,2024-01-23 10:02:00,verdadeiro,824.76,Pirituba/Jaraguá,22.2,5.42,8.549241065979
-46.624474,-23.50412,168,18.97,88,1020,,0.36,3,chuva leve,16.94,-23.50412,-46.624474,2024-02-02 13:47:00,verdadeiro,724.13,Santana,11.8,1.64,1.18295407295227
-46.598701,-23.526522,169,21.81,95,1017,,0.11,4,chuva leve,20.97,-23.526522,-46.598701,2024-02-14 02:30:00,verdadeiro,714.58,Santana,25.4,0.52,5.12249660491943
-46.622389,-23.511408,170,21.66,95,1016,,11.94,1,trovoada com chuva,20.82,-23.511408,-46.622389,2024-01-10 21:57:00,verdadeiro,722.07,Santana,36.8,11.94,4.65347290039062
-46.622389,-23.511408,171,21.48,95,1013,,17.78,4,chuva muito forte,20.65,-23.511408,-46.622389,2024-01-12 18:35:00,verdadeiro,722.07,Santana,62.2,18.45,4.65347290039062
-46.629275,-23.513356,172,27.64,78,1010,,1.75,3,chuva moderada,23.45,-23.513356,-46.629275,2024-01-08 16:25:00,verdadeiro,723.04,Santana,19.3,3.29,5.27611875534058
-46.641167,-23.514953,173,21.17,83,1010,,0.21,4,névoa,18.17,-23.514953,-46.641167,2024-01-08 16:35:00,verdadeiro,720.03,Santana,19.3,3.5,3.66370439529419
-46.641167,-23.514953,174,22.44,95,1016,,0,2,trovoada com chuva,21.6,-23.514953,-46.641167,2024-01-10 22:30:00,verdadeiro,720.03,Santana,36.8,30.48,3.66370439529419
-46.648866,-23.503748,175,21.89,94,1016,,0,0,trovoada com chuva forte,20.88,-23.503748,-46.648866,2024-01-10 21:37:00,verdadeiro,748.9,Santana,36.8,0,12.1451139450073
-46.683717,-23.501223,176,21.31,94,1016,,0,0,trovoada com chuva forte,20.3,-23.501223,-46.683717,2024-01-10 21:40:00,verdadeiro,722.4,Freguesia do Ó,23.7,0,1.64024698734283
-46.675745,-23.50471,177,18.96,94,1011,,1.17,4,chuva moderada,17.97,-23.50471,-46.675745,2024-02-18 16:22:00,verdadeiro,721.6,Freguesia do Ó,7.6,6.59,0.328135460615158
-46.68373,-23.499071,178,28.77,66,1010,,1.75,3,chuva moderada,21.79,-23.499071,-46.68373,2024-01-08 16:19:00,verdadeiro,732.84,Casa Verde,25.9,3.29,4.30785942077637
-46.68373,-23.499071,179,24.05,92,1013,,39.37,3,trovoada com chuva fraca,22.67,-23.499071,-46.68373,2024-01-10 18:46:00,verdadeiro,732.84,Casa Verde,26.5,41.45,4.30785942077637
-46.68373,-23.499071,180,21.1,95,1009,,16.76,4,chuva muito forte,20.27,-23.499071,-46.68373,2024-02-21 18:02:00,verdadeiro,732.84,Casa Verde,18.6,60.17,4.30785942077637
-46.668402,-23.511279,181,26.04,83,1010,,0.21,4,chuva leve,22.93,-23.511279,-46.668402,2024-01-08 16:34:00,verdadeiro,723.58,Casa Verde,25.9,3.5,2.38750553131104
-46.685965,-23.502448,182,22.99,94,1013,,0,3,trovoada com chuva fraca,21.97,-23.502448,-46.685965,2024-01-10 19:09:00,verdadeiro,721.33,Casa Verde,26.5,2.08,1.18295407295227
-46.685965,-23.502448,183,21.96,95,1019,,5.84,4,chuva forte,21.12,-23.502448,-46.685965,2024-02-14 00:21:00,verdadeiro,721.33,Casa Verde,28.5,11.42,1.18295407295227
-46.676012,-23.505935,184,21.93,94,1016,,0,0,trovoada com chuva forte,20.92,-23.505935,-46.676012,2024-01-10 21:37:00,verdadeiro,719.93,Casa Verde,26.5,0,3.10994267463684
-46.653688,-23.515056,185,21.41,95,1016,,0,4,trovoada com chuva,20.58,-23.515056,-46.653688,2024-01-10 21:45:00,verdadeiro,723.4,Casa Verde,26.5,39.37,8.88455104827881
-46.653688,-23.515056,186,21.41,97,1013,,0,0,algumas nuvens,20.91,-23.515056,-46.653688,2024-01-11 05:25:00,verdadeiro,723.4,Casa Verde,0.8,0,8.88455104827881
-46.675718,-23.504779,187,21.37,96,1016,,10.67,1,trovoada com chuva,20.71,-23.504779,-46.675718,2024-01-10 22:02:00,verdadeiro,721.35,Casa Verde,26.5,10.67,0.328135460615158
-46.666175,-23.508762,188,22.47,95,1016,,0,2,trovoada com chuva,21.63,-23.508762,-46.666175,2024-01-10 22:29:00,verdadeiro,721.11,Casa Verde,26.5,5.84,0.328135460615158
-46.652132,-23.515824,189,24,73,1014,,0,0,céu limpo,18.86,-23.515824,-46.652132,2024-01-11 06:59:00,verdadeiro,720.76,Casa Verde,0.8,0,5.62735319137573
-46.716305,-23.483996,190,23.16,94,1015,,3.21,3,chuva forte,22.14,-23.483996,-46.716305,2024-11-02 14:52:00,verdadeiro,735.56,Pirituba/Jaraguá,37.5,3.77,0.984320282936096
-46.707066,-23.498396,191,23.11,94,1015,,3.21,3,chuva forte,22.09,-23.498396,-46.707066,2024-11-02 14:56:00,verdadeiro,725.16,Pirituba/Jaraguá,37.5,3.77,1.7665228843689
-46.610915,-23.495352,192,20.1,95,1016,,0.68,4,chuva leve,19.27,-23.495352,-46.610915,2024-11-03 09:12:00,verdadeiro,737.39,Santana,8.5,2.97,2.56114077568054
-46.683761,-23.498921,193,22.93,86,1011,,0.25,4,chuva leve,20.46,-23.498921,-46.683761,2024-11-06 16:25:00,verdadeiro,734.79,Casa Verde,19.5,4.33,8.45084285736084
-46.683083,-23.50386,194,23.02,87,1011,,2.91,4,chuva moderada,20.74,-23.50386,-46.683083,2024-11-06 16:30:00,verdadeiro,727.8,Casa Verde,19.5,7.25,6.98763132095337
-46.676904,-23.481944,195,22.91,86,1011,,0.25,4,chuva leve,20.44,-23.481944,-46.676904,2024-11-06 16:28:00,verdadeiro,730.72,Freguesia do Ó,24.8,4.33,1.18295407295227
-46.690638,-23.501357,196,21.36,92,1011,,2.91,4,chuva moderada,20.01,-23.501357,-46.690638,2024-11-06 16:46:00,verdadeiro,744.8,Freguesia do Ó,24.8,8.25,11.4956245422363
-46.603736,-23.460909,197,22.84,84,1011,,0.77,4,chuva leve,19.99,-23.460909,-46.603736,2024-11-06 16:30:00,verdadeiro,749.74,Jaçanã/ Tremembé,11.7,11.42,0.733701109886169
-46.573829,-23.473534,198,21.29,92,1011,,0.77,4,chuva leve,19.94,-23.473534,-46.573829,2024-11-06 17:12:00,verdadeiro,733.65,Vila Maria/ Vila Guilherme,25.3,11.42,2.56114077568054
-46.747051,-23.497819,199,21.97,92,1011,,2.91,4,chuva moderada,20.61,-23.497819,-46.747051,2024-11-06 16:34:00,verdadeiro,731.8,Pirituba/Jaraguá,44,6.72,3.22837400436401
-46.735021,-23.470465,200,21.45,96,1012,,2.79,3,chuva moderada,20.79,-23.470465,-46.735021,2024-11-06 18:04:00,verdadeiro,745.63,Pirituba/Jaraguá,44,16.76,8.796067237854
-46.760371,-23.406803,201,24.86,87,1011,,0.25,4,chuva leve,22.55,-23.406803,-46.760371,2024-11-06 15:52:00,verdadeiro,748.87,Perus,55.6,5.11,5.17422199249268
-46.800613,-23.431901,202,22.77,94,1011,,0.25,4,chuva leve,21.75,-23.431901,-46.800613,2024-11-06 16:25:00,verdadeiro,746.35,Perus,55.6,5.11,8.30723285675049
-46.750923,-23.40677,203,24.84,86,1011,,0.25,4,chuva leve,22.34,-23.40677,-46.750923,2024-11-06 16:25:00,verdadeiro,736.89,Perus,55.6,5.11,3.37449097633362
-46.764516,-23.405731,204,24.43,96,1011,,2.91,4,chuva moderada,23.75,-23.405731,-46.764516,2024-11-06 16:46:00,verdadeiro,730.72,Perus,55.6,7.5,3.29412221908569
-46.751341,-23.405545,205,23.01,97,1012,,0.4,4,chuva leve,22.51,-23.405545,-46.751341,2024-11-06 17:53:00,verdadeiro,737.67,Perus,55.6,4.34,1.7665228843689
-46.721633,-23.46031,206,21.64,92,1010,,5.84,4,chuva forte,20.28,-23.46031,-46.721633,2024-11-08 11:16:00,verdadeiro,831.44,Pirituba/Jaraguá,57,7.22,12.3435955047607
-46.618385,-23.557177,207,21.93,94,1010,,0.15,4,chuva leve,20.92,-23.557177,-46.618385,2024-11-08 09:47:00,verdadeiro,725.63,Santana,44.6,1.37,4.86640167236328
-46.750923,-23.4068,208,25.6,68,1013,,0.12,4,chuva leve,19.26,-23.4068,-46.750923,2024-11-15 14:47:00,verdadeiro,736.91,Perus,9.5,0.49,3.37449097633362
-46.683771,-23.498901,209,22.96,93,1012,,1.02,4,chuva moderada,21.77,-23.498901,-46.683771,2024-12-05 17:44:00,verdadeiro,735.27,Casa Verde,28,9.94,8.45084285736084
-46.683729,-23.501133,210,21.7,94,1013,,28.7,4,chuva muito forte,20.69,-23.501133,-46.683729,2024-12-05 19:22:00,verdadeiro,722.58,Casa Verde,28,39.05,1.64024698734283
-46.684895,-23.449506,211,20.71,94,1012,,3.21,3,chuva moderada,19.71,-23.449506,-46.684895,2024-12-05 16:42:00,verdadeiro,760.32,Freguesia do Ó,25,8.92,9.38026237487793
-46.610991,-23.508873,212,22.42,92,1012,,2.79,4,chuva moderada,21.06,-23.508873,-46.610991,2024-12-05 17:36:00,verdadeiro,720.43,Vila Maria/ Vila Guilherme,24.4,6.16,3.22837400436401
-46.603716,-23.506862,213,23.26,87,1012,,2.76,4,chuva moderada,20.97,-23.506862,-46.603716,2024-12-05 17:48:00,verdadeiro,726.27,Vila Maria/ Vila Guilherme,24.4,6.13,0.464048534631729
-46.683729,-23.499039,214,20.33,91,1011,,23.88,4,chuva muito forte,18.81,-23.499039,-46.683729,2024-12-20 17:40:00,verdadeiro,733.13,Casa Verde,26.2,38.61,4.30785942077637
-46.573807,-23.473593,215,20.96,85,1012,,3.42,4,chuva moderada,18.34,-23.473593,-46.573807,2024-12-20 18:32:00,verdadeiro,733.59,Jaçanã/ Tremembé,37.3,17.48,2.56114077568054
-46.603652,-23.50695,216,25.95,68,1012,,7.89,4,chuvas,19.59,-23.50695,-46.603652,2024-12-21 14:30:00,verdadeiro,725.87,Vila Maria/ Vila Guilherme,49.5,16.34,0.464048534631729
-46.631289,-23.519337,217,19.59,99,1010,,2.79,4,chuva moderada,19.43,-23.519337,-46.631289,2024-12-27 02:31:00,verdadeiro,719.97,Santana,25.6,13.1,0.928036212921143
-46.646317,-23.534527,218,20.78,96,1012,,0,4,nublado,20.12,-23.534527,-46.646317,2024-12-27 06:35:00,verdadeiro,743.48,Santana,25.6,0.38,1.03755331039429
-46.7342,-23.5463,219,24.14,73,1015,,0.18,2,chuva leve,19,-23.5463,-46.7342,2024-11-02 14:24:00,verdadeiro,716.59,Butantã,28.7,0.56,4.10453462600708
-46.6714,-23.522,220,19.98,88,1015,,3.21,3,chuva moderada,17.93,-23.522,-46.6714,2024-11-02 14:59:00,verdadeiro,723.48,Lapa,34.3,3.77,0.733701109886169
-46.7054,-23.5106,221,21.88,91,1015,,3.21,3,chuva moderada,20.34,-23.5106,-46.7054,2024-11-02 15:10:00,verdadeiro,722.37,Lapa,34.3,3.77,3.37449097633362
-46.7342,-23.5463,222,24.14,73,1015,,0.18,2,chuva leve,19,-23.5463,-46.7342,2024-11-02 14:24:00,verdadeiro,716.59,Butantã,28.7,0.56,4.10453462600708
-46.6714,-23.522,223,19.98,88,1015,,3.21,3,chuva moderada,17.93,-23.522,-46.6714,2024-11-02 14:59:00,verdadeiro,723.48,Lapa,34.3,3.77,0.733701109886169
-46.7054,-23.5106,224,21.88,91,1015,,3.21,3,chuva moderada,20.34,-23.5106,-46.7054,2024-11-02 15:10:00,verdadeiro,722.37,Lapa,34.3,3.77,3.37449097633362
-46.7342,-23.5463,225,24.14,73,1015,,0.18,2,chuva leve,19,-23.5463,-46.7342,2024-11-02 14:24:00,verdadeiro,716.59,Butantã,28.7,0.56,4.10453462600708
-46.6714,-23.522,226,19.98,88,1015,,3.21,3,chuva moderada,17.93,-23.522,-46.6714,2024-11-02 14:59:00,verdadeiro,723.48,Lapa,34.3,3.77,0.733701109886169
-46.7054,-23.5106,227,21.88,91,1015,,3.21,3,chuva moderada,20.34,-23.5106,-46.7054,2024-11-02 15:10:00,verdadeiro,722.37,Lapa,34.3,3.77,3.37449097633362
-47.498,-21.8137,228,23.77,91,1014,,0.55,3,chuva leve,22.21,-21.8137,-47.498,2024-11-02 17:48:00,verdadeiro,547.16,Lapa,34.3,1.73,
-46.6741,-23.5193,229,21.83,90,1015,,3.21,3,chuva moderada,20.12,-23.5193,-46.6741,2024-11-02 15:23:00,verdadeiro,720.38,Lapa,34.3,3.77,1.91265225410461
-46.7106,-23.5704,230,21.89,96,1011,,25.02,4,chuva muito forte,21.22,-23.5704,-46.7106,2024-11-06 17:29:00,verdadeiro,724.98,Butantã,27,28.83,5.24576234817505
-46.6899,-23.5098,231,21.25,96,1013,,0.38,4,chuva leve,20.59,-23.5098,-46.6899,2024-11-07 06:35:00,verdadeiro,719.94,Lapa,3.4,1.16,6.94215965270996
-46.7116,-23.5701,232,23.25,86,1009,,3.36,4,chuva moderada,20.78,-23.5701,-46.7116,2024-11-08 13:17:00,verdadeiro,721.61,Butantã,72.6,27.56,3.22837400436401
-46.7101,-23.5684,233,23.39,84,1009,,3.36,4,chuva moderada,20.53,-23.5684,-46.7101,2024-11-08 13:22:00,verdadeiro,722.62,Butantã,72.6,21.46,4.10453462600708
-46.6898,-23.5112,234,20.16,96,1008,,2.79,4,chuva moderada,19.5,-23.5112,-46.6898,2024-11-08 05:45:00,verdadeiro,720.35,Lapa,64.9,8.7,1.99518501758575
-46.6985,-23.5147,235,20.88,94,1009,,0.77,4,chuva leve,19.88,-23.5147,-46.6985,2024-11-08 07:13:00,verdadeiro,720.94,Lapa,64.9,5.16,4.16915416717529
-46.6985,-23.5147,236,21.97,94,1010,,0.2,4,chuva leve,20.96,-23.5147,-46.6985,2024-11-08 10:13:00,verdadeiro,720.94,Lapa,64.9,1.6,4.16915416717529
-46.6972,-23.6073,237,19.13,96,1009,,11.94,4,chuva forte,18.48,-23.6073,-46.6972,2024-11-08 16:02:00,verdadeiro,723.07,Pinheiros ,61.3,27.69,8.22488880157471
-46.7186,-23.6006,238,26.29,98,1011,,0.25,4,chuva leve,25.95,-23.6006,-46.7186,2024-11-28 17:20:00,verdadeiro,748.62,Butantã,20.5,2.05,3.27780985832214
-46.6719,-23.6121,239,21.6,93,1013,,7.62,4,chuva forte,20.42,-23.6121,-46.6719,2024-11-28 20:08:00,verdadeiro,744.19,Pinheiros ,14.9,10.89,0.733701109886169
-46.559414,-23.562848,240,21.7,81,1012,,0.11,3,trovoada com chuva fraca,18.3,-23.562848,-46.559414,2025-01-02 20:17:00,verdadeiro,752.17,Aricanduva/ Vila Formosa,17.2,0.22,14.2065982818604
-46.460679,-23.544714,241,23.92,69,1012,,0.11,3,trovoada,17.89,-23.544714,-46.460679,2025-01-02 20:18:00,verdadeiro,755.45,Itaquera,13.5,0.22,6.86567735671997
-46.459992,-23.544429,242,21.82,83,1012,,0.18,4,chuva fraca,18.8,-23.544429,-46.459992,2025-01-02 21:16:00,verdadeiro,760.86,Itaquera,13.5,0.4,5.96631669998169
-46.381974,-23.486744,243,21.92,85,1012,,0.11,3,chuva fraca,19.28,-23.486744,-46.381974,2025-01-02 20:14:00,verdadeiro,751.33,Itaim Paulista,51.6,0.22,3.42179822921753
-46.607011,-23.542711,244,21.88,80,1012,,1.02,3,trovoada com chuva fraca,18.28,-23.542711,-46.607011,2025-01-02 20:07:00,verdadeiro,732.49,Mooca,27.7,1.13,3.54483652114868
-46.59397,-23.544683,245,21.85,78,1012,,0.11,3,trovoada com chuva fraca,17.84,-23.544683,-46.59397,2025-01-02 20:16:00,verdadeiro,740.61,Mooca,27.7,0.22,3.70728707313538
-46.553144,-23.528871,246,26.94,62,1010,,0,2,nuvens dispersas,19.04,-23.528871,-46.553144,2025-01-02 19:00:00,verdadeiro,727.72,Penha,19.5,0.11,3.10994267463684
-46.533248,-23.531929,247,21.78,79,1012,,0.11,3,trovoada com chuva fraca,17.98,-23.531929,-46.533248,2025-01-02 20:25:00,verdadeiro,739.79,Penha,19.5,0.22,12.5747203826904
-46.573522,-23.582993,248,26,69,1010,,0,2,nuvens dispersas,19.87,-23.582993,-46.573522,2025-01-02 19:00:00,verdadeiro,736.13,Vila Prudente,21.6,0.11,2.78216338157654
-46.568247,-23.582762,249,26,69,1010,,0,2,nuvens dispersas,19.87,-23.582762,-46.568247,2025-01-02 19:00:00,verdadeiro,737.77,Vila Prudente,21.6,0.11,1.03755331039429
-46.517922,-23.55583,250,28.1,60,1011,,0.13,4,chuva fraca,19.61,-23.55583,-46.517922,2025-01-03 12:11:00,verdadeiro,734.8,Aricanduva/ Vila Formosa,5.8,0.85,0.733701109886169
-46.558573,-23.523508,251,29.97,51,1009,,4.49,4,chuva forte,18.74,-23.523508,-46.558573,2025-01-03 14:13:00,verdadeiro,720.35,Mooca,13.7,4.94,4.45417881011963
-46.558573,-23.523508,252,27.02,68,1011,,0.15,4,chuva leve,20.61,-23.523508,-46.558573,2025-01-03 11:29:00,verdadeiro,720.35,Mooca,13.7,2.13,4.45417881011963
-46.553178,-23.528227,253,29.02,51,1008,,1.42,4,chuva moderada,17.86,-23.528227,-46.553178,2025-01-03 14:57:00,verdadeiro,730.73,Penha,6.7,6.21,2.64366388320923
-46.476606,-23.574703,254,28.22,59,1011,,0.13,4,chuva fraca,19.45,-23.574703,-46.476606,2025-01-03 12:20:00,verdadeiro,800.38,São Mateus,2.8,0.85,5.71170616149902
-46.553168,-23.52779,255,27.95,58,1010,,2.38,3,chuva moderada,18.92,-23.52779,-46.553168,2025-01-04 13:42:00,verdadeiro,728.68,Penha,1.5,2.88,7.12963676452637
-46.484809,-23.554805,256,20.64,84,1011,,0.13,4,trovoada,17.84,-23.554805,-46.484809,2025-01-05 01:18:00,verdadeiro,808.07,Itaquera,2.1,3.76,11.4556169509888
-46.456742,-23.536789,257,20.09,88,1011,,0.13,4,trovoada com chuva,18.04,-23.536789,-46.456742,2025-01-05 01:29:00,verdadeiro,743.82,Itaquera,2.1,3.76,0.328135460615158
-46.459885,-23.544468,258,19.15,94,1010,,0,4,trovoada com chuva,18.16,-23.544468,-46.459885,2025-01-05 02:09:00,verdadeiro,762.36,Itaquera,2.1,2.78,5.96631669998169
-46.56119,-23.562466,259,22.26,88,1011,,0.96,2,chuva fraca,20.18,-23.562466,-46.56119,2025-01-07 13:53:00,verdadeiro,754.98,Aricanduva/ Vila Formosa,13.4,1.27,4.56079053878784
-46.470611,-23.556618,260,22.77,83,1011,,0.28,4,chuva fraca,19.73,-23.556618,-46.470611,2025-01-07 14:40:00,verdadeiro,768.6,Itaquera,26.3,1.84,1.39190220832825
-46.464144,-23.554378,261,22.86,83,1011,,0.28,4,chuva fraca,19.82,-23.554378,-46.464144,2025-01-07 14:40:00,verdadeiro,757.12,Itaquera,26.3,1.84,3.10994267463684
-46.466175,-23.55553,262,22.77,83,1011,,0.28,4,chuva fraca,19.73,-23.55553,-46.466175,2025-01-07 14:40:00,verdadeiro,761.98,Itaquera,26.3,1.84,1.64024698734283
-46.457397,-23.541324,263,22.98,83,1011,,0.28,4,chuva fraca,19.94,-23.541324,-46.457397,2025-01-07 14:40:00,verdadeiro,746.46,Itaquera,26.3,1.84,1.35270059108734
-46.456802,-23.536805,264,22.98,83,1011,,0.28,4,chuva fraca,19.94,-23.536805,-46.456802,2025-01-07 14:40:00,verdadeiro,744.24,Itaquera,26.3,1.84,0.328135460615158
-46.55335,-23.529314,265,19.96,88,1013,,0,0,nublado,17.91,-23.529314,-46.55335,2025-01-08 07:18:00,verdadeiro,727.13,Penha,4.3,0,2.38750553131104
-46.610134,-23.539675,266,21.93,95,1015,,0,4,trovoada com chuva,21.09,-23.539675,-46.610134,2025-01-16 21:29:00,verdadeiro,730.08,Ermelino Matarazzo,17.1,3.93,5.96631669998169
-46.553176,-23.528832,267,21.95,95,1015,,0,4,trovoada com chuva,21.11,-23.528832,-46.553176,2025-01-16 21:27:00,verdadeiro,727.94,Penha,21.2,0.37,3.10994267463684
-46.517633,-23.554869,268,30.54,53,1014,,0,0,nublado,19.88,-23.554869,-46.517633,2025-01-18 12:48:00,verdadeiro,733.2,Aricanduva/ Vila Formosa,0.1,0,1.31232666969299
-46.457419,-23.541324,269,26.79,74,1013,,0,0,nuvens dispersas,21.77,-23.541324,-46.457419,2025-01-19 12:00:00,verdadeiro,746.44,Itaquera,2.8,0,1.35270059108734
-46.451982,-23.539388,270,28.98,61,1015,,0,4,nublado,20.7,-23.539388,-46.451982,2025-01-22 17:20:00,verdadeiro,758.21,Itaquera,2.8,0.73,8.30723285675049
-46.457376,-23.541285,271,23.98,78,1015,,0,4,trovoada com chuva,19.91,-23.541285,-46.457376,2025-01-22 18:23:00,verdadeiro,746.51,Itaquera,2.8,0.51,1.35270059108734
-46.557867,-23.562457,272,19.47,94,1015,,0.28,4,trovoada com chuva fraca,18.48,-23.562457,-46.557867,2025-01-24 16:44:00,verdadeiro,756.72,Aricanduva/ Vila Formosa,31.2,1.32,5.56083726882935
-46.553603,-23.536106,273,18.95,94,1015,,0.28,4,trovoada com chuva fraca,17.96,-23.536106,-46.553603,2025-01-24 17:12:00,verdadeiro,727.75,Aricanduva/ Vila Formosa,31.2,1.32,3.27780985832214
-46.457405,-23.541342,274,19.98,100,1014,,0.34,4,trovoada com chuva fraca,19.98,-23.541342,-46.457405,2025-01-24 16:08:00,verdadeiro,746.41,Itaquera,33.1,1.18,1.35270059108734
-46.453431,-23.536233,275,19.95,100,1015,,0.28,4,chuva fraca,19.95,-23.536233,-46.453431,2025-01-24 16:30:00,verdadeiro,747.18,Itaquera,33.1,1.32,3.6195912361145
-46.456781,-23.536933,276,19.97,100,1015,,0.28,4,chuva fraca,19.97,-23.536933,-46.456781,2025-01-24 16:44:00,verdadeiro,744.13,Itaquera,33.1,1.32,1.7665228843689
-46.593787,-23.544594,277,20.58,83,1014,,0.34,4,trovoada com chuva forte,17.59,-23.544594,-46.593787,2025-01-24 16:07:00,verdadeiro,740.52,Mooca,52.4,1.18,3.70728707313538
-46.602503,-23.54771,278,21.01,82,1014,,0.34,4,trovoada com chuva forte,17.82,-23.54771,-46.602503,2025-01-24 16:08:00,verdadeiro,735.51,Mooca,52.4,1.18,2.82047843933105
-46.590087,-23.55856,279,19.73,94,1015,,0.28,4,trovoada com chuva fraca,18.74,-23.55856,-46.590087,2025-01-24 16:51:00,verdadeiro,762.51,Mooca,52.4,1.32,4.86640167236328
-46.577671,-23.551864,280,21.27,90,1015,,0,4,chuva fraca,19.56,-23.551864,-46.577671,2025-01-24 19:12:00,verdadeiro,731.77,Mooca,52.4,0.62,1.18295407295227
-46.517706,-23.513545,281,19.36,96,1015,,0.28,4,chuva fraca,18.71,-23.513545,-46.517706,2025-01-24 16:54:00,verdadeiro,749.53,Penha,62.7,1.32,15.6849279403687
-46.568723,-23.58281,282,20.25,94,1015,,0.28,4,trovoada com chuva,19.25,-23.58281,-46.568723,2025-01-24 16:35:00,verdadeiro,737.52,Vila Prudente,16.2,1.32,1.99518501758575
-46.456867,-23.536904,283,21.97,94,1014,,5.17,4,trovoada com chuva,20.96,-23.536904,-46.456867,2025-01-26 14:10:00,verdadeiro,744.59,Itaquera,18.9,7.52,1.35270059108734
-46.457408,-23.541305,284,24.56,83,1013,,3.73,4,trovoada com chuva,21.48,-23.541305,-46.457408,2025-01-26 14:32:00,verdadeiro,746.48,Itaquera,18.9,11.12,1.35270059108734
-46.555811,-23.527875,285,21.96,94,1014,,1.01,4,trovoada com chuva fraca,20.95,-23.527875,-46.555811,2025-01-26 15:48:00,verdadeiro,724.47,Penha,34.2,11.37,1.03755331039429
-46.553157,-23.528862,286,21.95,94,1014,,1.01,4,trovoada com chuva fraca,20.94,-23.528862,-46.553157,2025-01-26 15:57:00,verdadeiro,727.77,Penha,34.2,11.37,3.10994267463684
-46.553157,-23.528862,287,21.91,89,1014,,0.83,4,chuva fraca,20.01,-23.528862,-46.553157,2025-01-26 19:46:00,verdadeiro,727.77,Penha,34.2,6.05,3.10994267463684
-46.457472,-23.541354,288,27.79,57,1012,,1.14,4,chuva moderada,18.5,-23.541354,-46.457472,2025-01-28 14:04:00,verdadeiro,746.48,Itaquera,17.9,1.84,1.35270059108734
-46.457098,-23.537475,289,27.78,57,1012,,1.14,4,chuva moderada,18.49,-23.537475,-46.457098,2025-01-28 14:14:00,verdadeiro,744.09,Itaquera,17.9,1.84,0.656249403953552
-46.485227,-23.576339,290,25.78,69,1012,,1.14,4,chuva moderada,19.66,-23.576339,-46.485227,2025-01-28 14:20:00,verdadeiro,760.08,Itaquera,17.9,1.84,4.76674842834473
-46.490669,-23.553799,291,27.35,63,1012,,1.14,4,chuva moderada,19.69,-23.553799,-46.490669,2025-01-28 14:20:00,verdadeiro,764.29,Itaquera,17.9,1.84,3.7360565662384
-46.457494,-23.541393,292,23.98,83,1013,,0.13,4,trovoada com chuva fraca,20.91,-23.541393,-46.457494,2025-01-29 12:01:00,verdadeiro,746.56,Itaquera,12.4,0.56,1.35270059108734
-46.399825,-23.497135,293,22.83,94,1011,,2.95,4,trovoada com chuva,21.81,-23.497135,-46.399825,2025-01-30 18:10:00,verdadeiro,740.61,Itaim Paulista,31.4,11.84,3.42179822921753
-46.558271,-23.562548,294,19.95,95,1012,,0,0,trovoada com chuva fraca,19.13,-23.562548,-46.558271,2025-01-31 23:10:00,verdadeiro,753.25,Aricanduva/ Vila Formosa,26.7,0,2.82047843933105
-46.60204,-23.5504,295,19.86,94,1012,,2.79,1,trovoada com chuva fraca,18.87,-23.5504,-46.60204,2025-01-31 23:27:00,verdadeiro,737.88,Mooca,31.8,2.79,1.35270059108734
-46.601429,-23.550758,296,19.86,94,1012,,2.79,1,trovoada com chuva fraca,18.87,-23.550758,-46.601429,2025-01-31 23:27:00,verdadeiro,738.73,Mooca,31.8,2.79,2.10017395019531
-46.597817,-23.545565,297,20.85,99,1011,,0,0,chuva moderada,20.69,-23.545565,-46.597817,2025-01-31 23:46:00,verdadeiro,737.18,Mooca,31.8,0,4.76674842834473
-46.459752,-23.486212,298,20.81,94,1011,,0,4,nublado,19.81,-23.486212,-46.459752,2025-01-31 01:30:00,verdadeiro,729.39,São Miguel Paulista,15.8,0.98,2.36490035057068
-46.486465,-23.506863,299,21.03,88,1011,,0,0,trovoada com chuva fraca,18.97,-23.506863,-46.486465,2025-02-01 00:07:00,verdadeiro,779.37,Ermelino Matarazzo,69.4,0,3.02248573303223
-46.51739,-23.55519,300,20.67,98,1011,,0.16,1,trovoada com chuva fraca,20.34,-23.55519,-46.51739,2025-02-01 00:41:00,verdadeiro,733.47,Aricanduva/Vila Formosa,45.4,0.16,1.99518501758575
-46.515336,-23.528624,301,20.92,96,1011,,0.16,1,trovoada com chuva fraca,20.26,-23.528624,-46.515336,2025-02-01 00:50:00,verdadeiro,744.31,Penha,58.3,0.16,1.67271196842194
-46.4622,-23.5426,302,21.08,94,1011,,0.16,1,trovoada com chuva fraca,20.08,-23.5426,-46.4622,2025-02-01 01:06:00,verdadeiro,752.84,Itaquera,43.1,0.16,12.7656917572021
-46.429206,-23.534303,303,20.87,94,1011,,0.42,2,trovoada com chuva forte,19.87,-23.534303,-46.429206,2025-02-01 02:00:00,verdadeiro,748.1,Guaianases,63.2,0.58,3.27780985832214
-46.417531,-23.474823,304,20.77,94,1011,,0.42,2,trovoada com chuva forte,19.77,-23.474823,-46.417531,2025-02-01 02:00:00,verdadeiro,728.86,São Miguel Paulista,67.6,0.58,1.31232666969299
-46.407488,-23.485466,305,20.77,94,1011,,0.42,2,trovoada com chuva forte,19.77,-23.485466,-46.407488,2025-02-01 02:00:00,verdadeiro,731.57,São Miguel Paulista,67.6,0.58,0.733701109886169
-46.404744,-23.488974,306,20.75,94,1011,,0.42,2,trovoada com chuva forte,19.75,-23.488974,-46.404744,2025-02-01 02:00:00,verdadeiro,729.82,São Miguel Paulista,67.6,0.58,5.27611875534058
-46.405495,-23.491512,307,20.77,94,1011,,0.42,2,trovoada com chuva forte,19.77,-23.491512,-46.405495,2025-02-01 02:00:00,verdadeiro,731.08,São Miguel Paulista,67.6,0.58,0.656249403953552
-46.459728,-23.48609,308,20.77,94,1011,,0.42,2,trovoada com chuva forte,19.77,-23.48609,-46.459728,2025-02-01 02:00:00,verdadeiro,729.98,São Miguel Paulista,67.6,0.58,2.36490035057068
-46.457292,-23.488529,309,20.77,94,1011,,0.42,2,trovoada com chuva forte,19.77,-23.488529,-46.457292,2025-02-01 02:00:00,verdadeiro,727.63,São Miguel Paulista,67.6,0.58,0.733701109886169
-46.456616,-23.489134,310,20.77,94,1011,,0.42,2,trovoada com chuva forte,19.77,-23.489134,-46.456616,2025-02-01 02:00:00,verdadeiro,727.51,São Miguel Paulista,67.6,0.58,0.656249403953552
-46.45614,-23.488936,311,20.77,94,1011,,0.42,2,trovoada com chuva forte,19.77,-23.488936,-46.45614,2025-02-01 02:00:00,verdadeiro,726.87,São Miguel Paulista,67.6,0.58,2.36490035057068
-46.459511,-23.487881,312,20.77,94,1011,,0.42,2,trovoada com chuva forte,19.77,-23.487881,-46.459511,2025-02-01 02:00:00,verdadeiro,728.93,São Miguel Paulista,67.6,0.58,1.64024698734283
-46.4567,-23.5366,313,20.65,93,1010,,0.78,3,chuva leve,19.48,-23.5366,-46.4567,2025-02-01 03:00:00,verdadeiro,743.97,Itaquera,43.1,1.36,0.328135460615158
-46.606797,-23.542416,314,20.33,99,1010,,5.84,4,chuva forte,20.17,-23.542416,-46.606797,2025-02-01 03:30:00,verdadeiro,733.11,Mooca,47.9,13.21,1.46716165542603
-46.574847,-23.526689,315,19.99,95,1011,,2.06,4,chuva moderada,19.16,-23.526689,-46.574847,2025-02-01 07:00:00,verdadeiro,720.7,Mooca,47.9,5.99,4.63047933578491
-46.577449,-23.555856,316,21,94,1011,,0.9,3,chuva leve,20,-23.555856,-46.577449,2025-02-01 09:20:00,verdadeiro,735.47,Mooca,47.9,4.23,5.64620971679688
-46.543817,-23.59014,317,20.39,95,1010,,1.27,4,chuva moderada,19.08,-23.59014,-46.543817,2025-02-01 19:46:00,verdadeiro,752.94,Vila Prudente,59.2,4.3,2.10017395019531
-46.561914,-23.581499,318,21.38,92,1010,,21.59,4,chuva muito forte,20.03,-23.581499,-46.561914,2025-02-01 20:09:00,verdadeiro,742.4,Vila Prudente,59.2,24.62,1.18295407295227
-46.543817,-23.59014,319,21.14,95,1010,,1.27,4,chuva moderada,19.79,-23.59014,-46.543817,2025-02-01 20:21:00,verdadeiro,752.94,Vila Prudente,59.2,4.3,2.10017395019531
-46.417531,-23.474823,320,21.11,100,1010,,0,4,nublado,21.11,-23.474823,-46.417531,2025-02-02 02:00:00,verdadeiro,728.86,São Miguel Paulista,7.9,0.16,1.31232666969299
-46.616688,-23.518263,321,21.06,95,1012,,16.76,1,chuva muito forte,20.23,-23.518263,-46.616688,2025-02-02 09:50:00,verdadeiro,722.72,Mooca,18.8,16.76,4.2579517364502
-46.4558,-23.515,322,25.05,73,1009,,1.67,4,chuva moderada,19.87,-23.515,-46.4558,2025-02-02 16:30:00,verdadeiro,735.62,Itaquera,7.7,4.27,1.96805989742279
-46.606797,-23.542416,323,24.04,84,1009,,1.67,4,chuva moderada,21.17,-23.542416,-46.606797,2025-02-02 17:25:00,verdadeiro,733.11,Mooca,18.8,21.19,1.46716165542603
-46.417531,-23.474823,324,21.1,94,1011,,0,4,chuva leve,20.1,-23.474823,-46.417531,2025-02-03 02:00:00,verdadeiro,728.86,São Miguel Paulista,12.5,1.21,1.31232666969299
-46.570201,-23.581517,325,21.11,96,1011,,0.39,4,chuva leve,20.45,-23.581517,-46.570201,2025-02-03 04:28:00,verdadeiro,743.69,Vila Prudente,15.5,7.25,7.82629632949829
-46.45648,-23.505532,326,22.1,83,1013,,0.22,4,chuva leve,19.08,-23.505532,-46.45648,2025-02-03 07:33:00,verdadeiro,734.08,São Miguel Paulista,12.5,1.41,1.99518501758575
-46.449955,-23.542524,327,20.93,94,1012,,0.31,4,chuva leve,19.93,-23.542524,-46.449955,2025-02-03 17:30:00,verdadeiro,762.24,Itaquera,16.3,0.93,7.21052026748657
-46.417531,-23.474823,328,21.2,83,1014,,0,0,nublado,18.2,-23.474823,-46.417531,2025-02-04 02:00:00,verdadeiro,728.86,São Miguel Paulista,17.9,0,1.31232666969299
-46.439601,-23.540472,329,24.33,77,1013,,0.38,4,chuva leve,20.04,-23.540472,-46.439601,2025-02-04 16:45:00,verdadeiro,787.14,Itaquera,14,1.23,3.37449097633362
-46.421923,-23.556945,330,24.43,77,1013,,0.38,4,chuva leve,20.14,-23.556945,-46.421923,2025-02-04 17:20:00,verdadeiro,770.15,Guaianases,20.7,1.23,3.22837400436401
-46.48984,-23.553679,331,24.12,73,1014,,0,0,trovoadas,18.98,-23.553679,-46.48984,2025-02-06 19:00:00,verdadeiro,768.18,Itaquera,21.3,0,1.85558569431305
-46.490304,-23.507419,332,24.88,65,1014,,0,0,trovoadas,17.85,-23.507419,-46.490304,2025-02-06 19:09:00,verdadeiro,760.54,Penha,27.2,0,5.96631669998169
-46.559211,-23.562766,333,23.83,80,1014,,0,0,trovoada com chuva,20.17,-23.562766,-46.559211,2025-02-06 19:11:00,verdadeiro,751.46,Mooca,15,0,12.7853984832764
-46.52824,-23.499501,334,21.9,88,1015,,0,4,garoa de leve intensidade,19.82,-23.499501,-46.52824,2025-02-10 19:09:00,verdadeiro,729.36,Penha,24.2,0.73,3.9314866065979
-46.566551,-23.539405,335,19.94,99,1012,,4.97,4,chuva forte,19.78,-23.539405,-46.566551,2025-02-14 14:41:00,verdadeiro,742.24,Mooca,28.9,7.72,0.656249403953552
-46.558245,-23.536757,336,19.88,100,1012,,4.97,4,chuva forte,19.88,-23.536757,-46.558245,2025-02-14 14:41:00,verdadeiro,735.59,Mooca,28.9,7.72,5.44487190246582
-46.569468,-23.543494,337,19.98,98,1012,,4.97,4,chuva forte,19.65,-23.543494,-46.569468,2025-02-14 14:43:00,verdadeiro,747.32,Mooca,28.9,7.72,2.56114077568054
-46.548607,-23.564017,338,23.3,77,1012,,1.5,2,trovoada com chuva,19.04,-23.564017,-46.548607,2025-02-18 15:06:00,verdadeiro,794.4,Aricanduva/Vila Formosa,36.5,1.89,1.64024698734283
-46.606797,-23.542416,339,23.02,80,1012,,1.5,2,trovoada com chuva,19.38,-23.542416,-46.606797,2025-02-18 15:10:00,verdadeiro,733.11,Mooca,33.9,1.89,1.46716165542603
-46.594733,-23.526789,340,26.81,65,1010,,0,2,nuvens dispersas,19.68,-23.526789,-46.594733,2025-01-02 19:00:00,verdadeiro,722.48,Vila Maria/ Vila Guilherme,22.8,0.11,3.66370439529419
-46.577637,-23.513242,341,23.92,78,1010,,0,4,céu limpo,19.85,-23.513242,-46.577637,2025-01-03 19:37:00,verdadeiro,726.57,Vila Maria/ Vila Guilherme,14.4,0.92,4.86640167236328
-46.61193,-23.508047,342,23.62,85,1011,,0,4,névoa,20.95,-23.508047,-46.61193,2025-01-08 15:22:00,verdadeiro,722.15,Vila Maria/ Vila Guilherme,12.2,4.23,2.31902623176575
-46.59212,-23.521329,343,22.02,95,1015,,0,4,trovoada com chuva,21.18,-23.521329,-46.59212,2025-01-16 21:12:00,verdadeiro,722.33,Vila Maria/ Vila Guilherme,33.9,0.37,1.64024698734283
-46.596047,-23.509093,344,22.02,95,1015,,0,4,trovoada com chuva,21.18,-23.509093,-46.596047,2025-01-16 21:15:00,verdadeiro,728.8,Vila Maria/ Vila Guilherme,33.9,0.37,3.98554301261902
-46.611915,-23.507988,345,21.97,95,1015,,0,4,trovoada com chuva,21.13,-23.507988,-46.611915,2025-01-16 20:00:00,verdadeiro,722.13,Vila Maria/ Vila Guilherme,33.9,2.8,2.31902623176575
-46.570035,-23.474965,346,21.2,98,1015,,0.22,1,chuva leve,20.87,-23.474965,-46.570035,2025-01-16 22:01:00,verdadeiro,731.06,Vila Maria/ Vila Guilherme,33.9,0.22,2.07442665100098
-46.611744,-23.508007,347,22.98,75,1016,,0,4,céu limpo,18.31,-23.508007,-46.611744,2025-01-17 08:12:00,verdadeiro,722.26,Vila Maria/ Vila Guilherme,1.2,0.28,2.96876573562622
-46.611643,-23.517062,348,23.4,70,1018,,0,0,céu limpo,17.62,-23.517062,-46.611643,2025-01-23 09:07:00,verdadeiro,722.5,Vila Maria/ Vila Guilherme,0.1,0,2.56114077568054
-46.666894,-23.515036,349,26.42,74,1014,,3.97,4,chuva moderada,21.41,-23.515036,-46.666894,2025-01-24 15:56:00,verdadeiro,713.78,Casa Verde,45.9,4.44,8.09647941589355
-46.673584,-23.50872,350,26.68,80,1014,,3.97,4,chuva moderada,22.94,-23.50872,-46.673584,2025-01-24 16:07:00,verdadeiro,723.02,Casa Verde,45.9,4.44,1.64024698734283
-46.642696,-23.505805,351,19.15,92,1015,,2.86,4,chuva moderada,17.82,-23.505805,-46.642696,2025-01-24 16:31:00,verdadeiro,733.02,Casa Verde,45.9,7.16,15.5257692337036
-46.642696,-23.505805,352,19.44,94,1015,,25.65,4,chuva muito forte,18.45,-23.505805,-46.642696,2025-01-24 16:34:00,verdadeiro,733.02,Casa Verde,45.9,27.76,15.5257692337036
-46.683771,-23.49898,353,20.37,91,1015,,1.78,4,chuva moderada,18.85,-23.49898,-46.683771,2025-01-24 17:33:00,verdadeiro,733.64,Casa Verde,45.9,29.31,8.45084285736084
-46.666841,-23.515056,354,21.1,91,1015,,0,4,chuva leve,19.57,-23.515056,-46.666841,2025-01-24 18:53:00,verdadeiro,713.77,Casa Verde,45.9,11.4,8.09647941589355
-46.615824,-23.49929,355,26.2,75,1014,,0.34,4,chuva leve,21.42,-23.49929,-46.615824,2025-01-24 15:57:00,verdadeiro,744.03,Vila Maria/ Vila Guilherme,87.8,1.18,4.16915416717529
-46.611851,-23.50812,356,21.06,85,1015,,0,4,algumas nuvens,18.63,-23.50812,-46.611851,2025-01-24 19:54:00,verdadeiro,722.25,Vila Maria/ Vila Guilherme,87.8,4.85,2.31902623176575
-46.625813,-23.497722,357,25.97,75,1014,,3.97,4,chuva moderada,21.2,-23.497722,-46.625813,2025-01-24 15:55:00,verdadeiro,770.32,Santana,70.4,4.44,11.6672372817993
-46.649453,-23.517793,358,20.31,90,1015,,2.79,4,chuva moderada,18.62,-23.517793,-46.649453,2025-01-24 18:20:00,verdadeiro,719.08,Santana,70.4,8.64,1.91265225410461
-46.683739,-23.498891,359,20.55,98,1014,,12.45,4,chuva forte,20.22,-23.498891,-46.683739,2025-01-26 16:46:00,verdadeiro,735.42,Casa Verde,41.6,20.56,7.21052026748657
-46.729916,-23.435344,360,22.23,93,1013,,0.9,4,chuva leve,21.04,-23.435344,-46.729916,2025-01-26 15:07:00,verdadeiro,819.14,Pirituba/Jaraguá,34.6,3.68,7.1885552406311
-46.732718,-23.441411,361,22.91,95,1014,,5.72,4,chuva forte,22.07,-23.441411,-46.732718,2025-01-26 15:34:00,verdadeiro,829.54,Pirituba/Jaraguá,34.6,9.29,6.73358678817749
-46.728773,-23.439125,362,22.42,94,1014,,5.72,4,chuva forte,21.41,-23.439125,-46.728773,2025-01-26 15:48:00,verdadeiro,817.25,Pirituba/Jaraguá,34.6,9.29,2.64366388320923
-46.629354,-23.513315,363,20.5,98,1014,,27.43,4,chuva muito forte,20.17,-23.513315,-46.629354,2025-01-26 17:38:00,verdadeiro,722.87,Santana,44.9,47.88,4.65347290039062
-46.666808,-23.515016,364,19.98,88,1013,,0.14,4,chuva moderada,17.93,-23.515016,-46.666808,2025-01-29 13:06:00,verdadeiro,714.77,Casa Verde,31.2,0.25,8.09647941589355
-46.683729,-23.49896,365,19.89,88,1013,,0.14,4,chuva moderada,17.84,-23.49896,-46.683729,2025-01-29 13:13:00,verdadeiro,734.05,Casa Verde,31.2,0.25,7.21052026748657
-46.666894,-23.515095,366,19.98,88,1013,,0.14,4,chuva moderada,17.93,-23.515095,-46.666894,2025-01-29 13:14:00,verdadeiro,713.7,Casa Verde,31.2,0.25,8.09647941589355
-46.666894,-23.515095,367,19.98,88,1013,,0.14,4,chuva moderada,17.93,-23.515095,-46.666894,2025-01-29 13:22:00,verdadeiro,713.7,Casa Verde,31.2,0.25,8.09647941589355
-46.719494,-23.432514,368,21.23,94,1011,,1.73,4,chuva moderada,20.23,-23.432514,-46.719494,2025-01-29 15:49:00,verdadeiro,827.03,Pirituba/Jaraguá,12,4.24,7.9592981338501
-46.721655,-23.460339,369,21.45,93,1012,,2.14,4,chuva moderada,20.27,-23.460339,-46.721655,2025-01-29 18:41:00,verdadeiro,831.94,Pirituba/Jaraguá,12,10.54,12.3435955047607
-46.649421,-23.517763,370,21,94,1013,,1.27,2,chuva moderada,20,-23.517763,-46.649421,2025-01-29 13:53:00,verdadeiro,717.73,Santana,27.1,1.41,1.91265225410461
-46.573818,-23.473248,371,19.98,94,1012,,0,0,trovoada com chuva fraca,18.99,-23.473248,-46.573818,2025-01-31 23:27:00,verdadeiro,733.34,Vila Maria/ Vila Guilherme,24.6,0,3.48386597633362
-46.649528,-23.517704,372,20.31,98,1011,,2.79,4,chuva forte,19.98,-23.517704,-46.649528,2025-02-01 01:50:00,verdadeiro,715.74,Casa Verde,43.8,13.71,1.91265225410461
-46.66693,-23.515056,373,20.29,99,1010,,13.72,4,chuva forte,20.13,-23.515056,-46.66693,2025-02-01 04:15:00,verdadeiro,713.72,Casa Verde,43.8,21.08,8.09647941589355
-46.66621,-23.508631,374,21.1,91,1012,,2.79,3,chuva moderada,19.57,-23.508631,-46.66621,2025-02-01 09:10:00,verdadeiro,721.85,Casa Verde,43.8,5.73,1.7665228843689
-46.60082,-23.463455,375,19.58,99,1011,,0.42,2,chuva moderada,19.42,-23.463455,-46.60082,2025-02-01 02:18:00,verdadeiro,754.42,Jaçanã/ Tremembé,72.7,0.58,3.7360565662384
-46.649485,-23.517813,376,25,73,1011,,0,4,neblina,19.82,-23.517813,-46.649485,2025-02-01 11:45:00,verdadeiro,719.99,Vila Maria/ Vila Guilherme,49,1.16,1.91265225410461
-46.721606,-23.460433,377,19.15,95,1011,,1.75,4,chuva moderada,18.33,-23.460433,-46.721606,2025-02-01 06:59:00,verdadeiro,832,Pirituba/Jaraguá,44.7,11.66,12.429310798645
-46.649399,-23.517724,378,20.31,98,1011,,4.57,4,chuva forte,19.98,-23.517724,-46.649399,2025-02-01 01:45:00,verdadeiro,716.05,Santana,49.4,22.6,1.91265225410461
-46.60082,-23.463504,379,19.58,99,1011,,0.42,2,chuva moderada,19.42,-23.463504,-46.60082,2025-02-01 02:13:00,verdadeiro,754.37,Santana,49.4,0.58,2.31902623176575
-46.639418,-23.517594,380,20.36,99,1010,,4.06,4,chuva forte,20.2,-23.517594,-46.639418,2025-02-01 03:09:00,verdadeiro,721,Santana,49.4,14.21,2.64366388320923
-46.618276,-23.509499,381,20.27,97,1010,,8.89,4,chuva forte,19.78,-23.509499,-46.618276,2025-02-01 04:06:00,verdadeiro,724.79,Santana,49.4,19.8,2.36490035057068
-46.641295,-23.514914,382,20.08,96,1011,,1.75,4,chuva moderada,19.42,-23.514914,-46.641295,2025-02-01 06:39:00,verdadeiro,720.6,Santana,49.4,10.38,0.656249403953552
-46.641295,-23.514914,383,20.08,96,1011,,1.75,4,chuva moderada,19.42,-23.514914,-46.641295,2025-02-01 06:55:00,verdadeiro,720.6,Santana,49.4,13.43,0.656249403953552
-46.683697,-23.501153,384,22.64,93,1010,,8.89,4,chuva forte,21.45,-23.501153,-46.683697,2025-02-02 17:42:00,verdadeiro,722.63,Casa Verde,14.1,10.86,1.64024698734283
-46.625258,-23.51523,385,24,83,1009,,1.18,4,chuva moderada,20.93,-23.51523,-46.625258,2025-02-02 16:32:00,verdadeiro,721.63,Santana,19.2,9.45,2.36490035057068
-46.586151,-23.511829,386,22.96,80,1013,,0,4,chuva leve,19.33,-23.511829,-46.586151,2025-02-03 19:00:00,verdadeiro,730.62,Vila Maria/ Vila Guilherme,21,0.33,5.56083726882935
-46.686261,-23.508512,387,21.99,86,1014,,0.73,4,chuva leve,19.54,-23.508512,-46.686261,2025-02-03 09:32:00,verdadeiro,721.55,Pirituba/Jaraguá,15.3,2.5,5.17422199249268
-46.649399,-23.517675,388,20.87,99,1011,,0.7,4,chuva leve,20.71,-23.517675,-46.649399,2025-02-03 03:40:00,verdadeiro,714.56,Santana,19.2,17.21,1.91265225410461
-46.627207,-23.493038,389,20.74,93,1014,,0,4,céu limpo,19.57,-23.493038,-46.627207,2025-02-04 19:49:00,verdadeiro,787.68,Santana,11.3,0.97,5.82222652435303
-46.683696,-23.498921,390,22.92,82,1014,,27.43,1,chuva muito forte,19.68,-23.498921,-46.683696,2025-02-06 19:27:00,verdadeiro,734.84,Casa Verde,7.5,27.43,7.21052026748657
-46.686042,-23.502368,391,20.98,91,1015,,0,0,trovoada com chuva,19.45,-23.502368,-46.686042,2025-02-06 19:43:00,verdadeiro,721.57,Freguesia do Ó,2.2,0,1.46716165542603
-46.570078,-23.475014,392,25.24,70,1014,,0,0,trovoadas,19.38,-23.475014,-46.570078,2025-02-06 19:15:00,verdadeiro,730.89,Jaçanã/ Tremembé,7,0,2.07442665100098
-46.570078,-23.475014,393,23.39,76,1014,,0,0,trovoada com chuva,18.92,-23.475014,-46.570078,2025-02-06 19:17:00,verdadeiro,730.89,Vila Maria/ Vila Guilherme,22,0,2.07442665100098
-46.644106,-23.518344,394,22.38,89,1015,,0,0,trovoada com chuva,20.48,-23.518344,-46.644106,2025-02-06 19:32:00,verdadeiro,714.61,Santana,15.4,0,2.29574394226074
-46.629699,-23.516424,395,21.26,90,1015,,0,0,trovoada com chuva fraca,19.55,-23.516424,-46.629699,2025-02-06 19:41:00,verdadeiro,724.3,Santana,15.4,0,2.96876573562622
-46.609128,-23.510197,396,23.2,84,1015,,0.59,4,chuva leve,20.35,-23.510197,-46.609128,2025-02-10 16:49:00,verdadeiro,723.13,Vila Maria/ Vila Guilherme,34.9,0.99,4.2579517364502
-46.611787,-23.508204,397,22.97,85,1015,,0.59,4,chuva leve,20.31,-23.508204,-46.611787,2025-02-10 16:51:00,verdadeiro,722.28,Vila Maria/ Vila Guilherme,34.9,0.99,4.56079053878784
-46.610367,-23.490241,398,20.56,87,1015,,0.59,4,chuva leve,18.32,-23.490241,-46.610367,2025-02-10 16:54:00,verdadeiro,737.22,Vila Maria/ Vila Guilherme,34.9,0.99,5.58944368362427
-46.716262,-23.484015,399,25.85,93,1015,,0.16,4,chuva leve,24.63,-23.484015,-46.716262,2025-02-10 16:32:00,verdadeiro,736.02,Pirituba/Jaraguá,35.8,0.67,0.984320282936096
-46.712253,-23.488265,400,22.35,83,1015,,0.16,4,chuva leve,19.32,-23.488265,-46.712253,2025-02-10 16:38:00,verdadeiro,730.69,Pirituba/Jaraguá,35.8,0.67,4.63047933578491
-46.641198,-23.514923,401,21.97,89,1015,,0.16,4,chuva forte,20.07,-23.514923,-46.641198,2025-02-10 17:24:00,verdadeiro,720.27,Santana,28,0.67,3.66370439529419
-46.608899,-23.513565,402,20.04,99,1012,,4.97,4,chuva forte,19.88,-23.513565,-46.608899,2025-02-14 14:34:00,verdadeiro,721.94,Vila Maria/ Vila Guilherme,41.9,7.72,2.29574394226074
46.64122,-23.514943,403,22.17,94,1015,,0,3,nublado,21.16,-23.514943,46.64122,2025-02-14 14:41:00,verdadeiro,897.43,Santana,28.5,0.45,
-46.612979,-23.49492,404,19.88,100,1012,,4.97,4,chuva forte,19.88,-23.49492,-46.612979,2025-02-14 15:01:00,verdadeiro,734.25,Santana,28.5,7.72,4.92087650299072
-46.683771,-23.49898,405,20.24,93,1016,,0,0,trovoada com chuva fraca,19.07,-23.49898,-46.683771,2025-02-18 20:32:00,verdadeiro,733.64,Casa Verde,27.2,0,8.45084285736084
-46.666798,-23.515095,406,19.19,90,1016,,40.64,1,trovoada com chuva,17.51,-23.515095,-46.666798,2025-02-18 20:41:00,verdadeiro,713.7,Casa Verde,27.2,40.64,1.85558569431305
-46.707044,-23.498357,407,19.19,90,1016,,13.72,1,chuva forte,17.51,-23.498357,-46.707044,2025-02-18 20:47:00,verdadeiro,725.01,Freguesia do Ó,38.1,13.72,1.7665228843689
-46.707044,-23.498357,408,19.19,90,1016,,13.72,1,chuva forte,17.51,-23.498357,-46.707044,2025-02-18 20:47:00,verdadeiro,725.01,Freguesia do Ó,38.1,13.72,1.7665228843689
-46.572288,-23.472967,409,19.02,94,1017,,0,0,nublado,18.03,-23.472967,-46.572288,2025-02-18 21:43:00,verdadeiro,731.85,Vila Maria/ Vila Guilherme,27.5,0,0.464048534631729
-46.750694,-23.415032,410,24.93,83,1016,,0,4,trovoadas,21.84,-23.415032,-46.750694,2025-02-18 19:55:00,verdadeiro,782.81,Perus,38.3,0.24,10.7358989715576
-46.750923,-23.40678,411,25.11,83,1016,,0,4,trovoadas,22.02,-23.40678,-46.750923,2025-02-18 19:55:00,verdadeiro,736.89,Perus,38.3,0.24,3.37449097633362
-46.624025,-23.513677,412,24.01,84,1016,,0,4,trovoadas,21.14,-23.513677,-46.624025,2025-02-18 19:36:00,verdadeiro,720.78,Santana,31.4,0.25,1.99518501758575
-46.641274,-23.514963,413,19.51,88,1016,,0,0,trovoada com chuva fraca,17.47,-23.514963,-46.641274,2025-02-18 20:39:00,verdadeiro,720.22,Santana,31.4,0,0.656249403953552
-46.683782,-23.498862,414,28.21,85,1015,,0,0,nuvens dispersas,25.45,-23.498862,-46.683782,2025-02-26 16:48:00,verdadeiro,736.17,Casa Verde,20.3,0,8.45084285736084
-4.66071,-2.35725,415,22.11,93,1013,,1.02,1,chuva moderada ,20.92,-2.35725,-4.66071,2023-02-01 20:32:00,verdadeiro,-4771.62,Ipiranga ,15.7,1.02,
-46.6972,-23.6072,416,22.46,87,1013,,2.55,1,chuva moderada ,20.19,-23.6072,-46.6972,2023-02-06 16:56:00,verdadeiro,722.62,Santo Amaro ,13.6,2.55,8.22488880157471
-46.6792,-23.6216,417,22.27,89,1013,,2.55,1,chuva moderada ,20.37,-23.6216,-46.6792,2023-02-06 17:05:00,verdadeiro,732.07,Santo Amaro ,13.6,2.55,2.2001416683197
-46.6989,-23.6207,418,23.27,90,1013,,2.55,1,chuva moderada ,21.54,-23.6207,-46.6989,2023-02-06 16:38:00,verdadeiro,723.17,Santo Amaro ,13.6,2.55,5.00677919387817
-46.6818,-23.6175,419,24.26,90,1013,,1.44,1,chuva moderada ,22.51,-23.6175,-46.6818,2023-02-06 16:22:00,verdadeiro,738.83,Santo Amaro ,13.6,1.44,4.27048397064209
-46.7708,-23.6675,420,21.02,94,1013,,0.52,1,chuva leve ,20.02,-23.6675,-46.7708,2023-02-07 18:26:00,verdadeiro,764.99,Campo Limpo ,32.8,0.52,3.54483652114868
-46.7673,-23.6277,421,20.27,94,1013,,1.58,1,chuva forte ,19.27,-23.6277,-46.7673,2023-02-07 15:51:00,verdadeiro,743,M'Boi Mirim ,18.7,1.58,3.52969360351562
-46.7343,-23.6756,422,20.17,88,1013,,1.58,1,chuva moderada ,18.12,-23.6756,-46.7343,2023-02-07 16:23:00,verdadeiro,750.62,M'Boi Mirim ,18.7,1.58,16.2613906860352
-46.6952,-23.6017,423,20.42,94,1013,,1.5,1,chuva forte ,19.42,-23.6017,-46.6952,2023-02-07 15:44:00,verdadeiro,731.1,Santo Amaro ,42,1.5,19.4191455841064
-46.7206,-23.6539,424,19.44,94,1013,,1.58,1,chuva moderada ,18.45,-23.6539,-46.7206,2023-02-07 16:09:00,verdadeiro,722.49,Santo Amaro ,42,1.58,0
-46.6793,-23.6615,425,19.29,94,1013,,1.58,1,chuva moderada ,18.3,-23.6615,-46.6793,2023-02-07 16:10:00,verdadeiro,743.85,Santo Amaro ,42,1.58,6.27809810638428
-46.7077,-23.663,426,20.43,94,1013,,1.58,1,trovoada com chuva ,19.43,-23.663,-46.7077,2023-02-07 16:16:00,verdadeiro,726.11,Santo Amaro ,42,1.58,3.22837400436401
-46.6926,-23.6838,427,20.43,93,1013,,4.57,1,chuva forte ,19.26,-23.6838,-46.6926,2023-02-07 16:20:00,verdadeiro,724.09,Santo Amaro ,42,4.57,3.6195912361145
-46.7077,-23.6632,428,20.6,99,1013,,2.79,1,chuva moderada ,20.44,-23.6632,-46.7077,2023-02-07 17:08:00,verdadeiro,723.94,Santo Amaro ,42,2.79,1.18295407295227
-46.7035,-23.6686,429,20.44,94,1013,,4.06,1,chuva forte ,19.44,-23.6686,-46.7035,2023-02-07 18:33:00,verdadeiro,723.14,Santo Amaro ,42,4.06,1.35270059108734
-46.6942,-23.6243,430,20.38,93,1013,,3.18,1,chuva moderada ,19.21,-23.6243,-46.6942,2023-02-07 18:43:00,verdadeiro,726.12,Santo Amaro ,42,3.18,2.56114077568054
-46.6046,-23.583,431,20.79,91,1013,,9.4,1,chuva forte ,19.27,-23.583,-46.6046,2023-02-07 15:09:00,verdadeiro,743.85,Ipiranga ,44,9.4,8.051025390625
-46.6028,-23.5878,432,21.24,89,1013,,4.47,1,chuva forte ,19.35,-23.5878,-46.6028,2023-02-07 15:10:00,verdadeiro,738.73,Ipiranga ,44,4.47,2.70389485359192
-46.6064,-23.5769,433,21.22,91,1013,,4.47,1,chuva forte ,19.69,-23.5769,-46.6064,2023-02-07 15:24:00,verdadeiro,734.58,Ipiranga ,44,4.47,0.656249403953552
-46.5988,-23.5918,434,20.61,99,1013,,2.79,1,chuva moderada ,20.45,-23.5918,-46.5988,2023-02-07 16:44:00,verdadeiro,733.9,Ipiranga ,44,2.79,0.464048534631729
-46.6041,-23.6032,435,20.56,99,1013,,4.06,1,chuva forte ,20.4,-23.6032,-46.6041,2023-02-07 17:00:00,verdadeiro,741.3,Ipiranga ,44,4.06,1.18295407295227
-46.6408,-23.5689,436,20.53,91,1013,,4.06,1,chuva forte ,19.01,-23.5689,-46.6408,2023-02-07 15:04:00,verdadeiro,790.7,Vila Mariana ,52.7,4.06,3.7360565662384
-46.6819,-23.6174,437,20.37,94,1013,,1.5,1,chuva forte ,19.37,-23.6174,-46.6819,2023-02-07 15:46:00,verdadeiro,739.3,Vila Mariana ,52.7,1.5,3.22837400436401
-46.6584,-23.6073,438,20.18,94,1013,,1.5,1,chuva forte ,19.18,-23.6073,-46.6584,2023-02-07 15:52:00,verdadeiro,755.31,Vila Mariana ,52.7,1.5,9.20125007629395
-46.6608,-23.6017,439,20.27,94,1013,,1.5,1,chuva forte ,19.27,-23.6017,-46.6608,2023-02-07 16:02:00,verdadeiro,751.2,Vila Mariana ,52.7,1.5,7.75212335586548
-46.6926,-23.6835,440,23.43,83,1013,,6.51,4,chuva forte ,20.38,-23.6835,-46.6926,2023-02-12 15:41:00,verdadeiro,723.75,Santo Amaro ,62.9,8.66,2.64366388320923
-46.6186,-23.5565,441,21.92,79,1013,,16.39,1,chuva muito forte,18.11,-23.5565,-46.6186,2025-01-02 20:04:00,verdadeiro,725.96,Ipiranga ,19.1,16.39,1.35270059108734
-46.6067,-23.5676,442,24.48,79,1013,,0.92,1,chuva leve ,20.6,-23.5676,-46.6067,2025-01-03 16:53:00,verdadeiro,727.41,Ipiranga ,5.6,0.92,2.64366388320923
-46.678,-23.6229,443,30.59,50,1013,,0.44,1,chuva leve ,18.99,-23.6229,-46.678,2025-01-03 15:06:00,verdadeiro,731.88,Santo Amaro ,1.2,0.44,3.2449369430542
-46.7682,-23.6603,444,22.6,99,1013,,0.11,1,chuva leve ,22.43,-23.6603,-46.7682,2025-01-16 18:30:00,verdadeiro,751.05,Campo Limpo ,62.6,0.11,0.984320282936096
-46.7371,-23.6639,445,21.83,99,1013,,0.26,1,chuva leve ,21.67,-23.6639,-46.7371,2025-01-16 18:23:00,verdadeiro,763.15,M'Boi Mirim ,45.4,0.26,9.73835563659668
-46.6818,-23.6175,446,21.73,99,1013,,0.31,1,chuva leve ,21.57,-23.6175,-46.6818,2025-01-16 18:27:00,verdadeiro,738.83,Santo Amaro ,54.2,0.31,4.27048397064209
-46.6973,-23.6072,447,23.45,92,1013,,9.53,1,chuva forte ,22.07,-23.6072,-46.6973,2025-01-16 17:48:00,verdadeiro,723.23,Santo Amaro ,54.2,9.53,8.22488880157471
-46.6943,-23.6242,448,22.39,96,1013,,1.78,1,chuva moderada ,21.72,-23.6242,-46.6943,2025-01-16 20:43:00,verdadeiro,726.2,Santo Amaro ,54.2,1.78,2.56114077568054
-46.6067,-23.5675,449,21.17,100,1013,,14.99,1,chuva forte ,21.17,-23.5675,-46.6067,2025-01-16 21:27:00,verdadeiro,727.5,Ipiranga ,32.4,14.99,2.64366388320923
-46.6513,-23.6006,450,22.12,96,1013,,7.12,1,trovoada com chuva forte ,21.45,-23.6006,-46.6513,2025-01-16 18:11:00,verdadeiro,749.93,Vila Mariana ,45.6,7.12,3.48386597633362
-46.6034,-23.6041,451,27.41,66,1013,,0.25,1,chuva leve ,20.5,-23.6041,-46.6034,2025-01-17 17:17:00,verdadeiro,740.7,Ipiranga ,0.9,0.25,0.733701109886169
-46.6067,-23.5675,452,18.92,88,1013,,0.34,1,chuva leve ,16.89,-23.5675,-46.6067,2025-01-24 16:20:00,verdadeiro,727.5,Ipiranga ,6.5,0.34,2.64366388320923
-46.6573,-23.6124,453,24.15,83,1013,,1.49,1,chuva moderada ,21.08,-23.6124,-46.6573,2025-01-26 13:43:00,verdadeiro,771.36,Santo Amaro ,16.1,1.49,2.56114077568054
-46.6514,-23.6005,454,24.29,82,1013,,1.49,1,chuva moderada ,21.02,-23.6005,-46.6514,2025-01-26 13:45:00,verdadeiro,748.28,Vila Mariana ,29.2,1.49,3.48386597633362
-46.6549,-23.5857,455,25.25,80,1013,,0.11,1,chuva leve ,21.55,-23.5857,-46.6549,2025-01-29 10:03:00,verdadeiro,752.21,Vila Mariana ,31.9,0.11,2.07442665100098
-46.6517,-23.6004,456,22.2,94,1013,,0.14,1,chuva leve ,21.19,-23.6004,-46.6517,2025-01-29 13:11:00,verdadeiro,749.21,Vila Mariana ,31.9,0.14,2.07442665100098
-46.7315,-23.7989,457,24.73,80,1013,,7.12,1,chuva forte ,21.05,-23.7989,-46.7315,2025-01-30 14:30:00,verdadeiro,743.34,parelheiros ,33.8,7.12,6.1673846244812
-46.7077,-23.6629,458,21.47,100,1013,,1.02,1,chuva moderada ,21.47,-23.6629,-46.7077,2025-01-31 02:59:00,verdadeiro,726.55,Santo Amaro ,50.5,1.02,3.48386597633362
-46.44995507,-23.54252431,460,16.63,86,1026,,0,0,nublado,14.28,-23.54252431,-46.44995507,2025-06-02 07:53:09,falso,762.25,Itaquera,0,0,7.21052026748657
-46.44995507,-23.54252431,461,18.93,77,1020,,0,4,nublado,14.81,-23.54252431,-46.44995507,2025-06-03 12:44:41,falso,762.25,Itaquera,0,0.48,7.21052026748657
-46.44995507,-23.54252431,462,17.61,88,1019,,0,0,céu limpo,15.6,-23.54252431,-46.44995507,2025-06-04 23:31:12,falso,762.25,Itaquera,0,0,7.21052026748657
-46.44995507,-23.54252431,463,22.74,68,1018,,0,0,céu limpo,16.53,-23.54252431,-46.44995507,2025-06-05 10:49:26,falso,762.25,Itaquera,0,0,7.21052026748657
-46.44995507,-23.54252431,464,17.32,94,1020,,0.2,2,chuva leve,16.35,-23.54252431,-46.44995507,2025-06-06 07:06:50,falso,762.25,Itaquera,0,0.36,7.21052026748657
-46.44995507,-23.54252431,465,17.08,94,1018,,0,4,nublado,16.11,-23.54252431,-46.44995507,2025-06-07 22:07:18,falso,762.25,Itaquera,0,0.86,7.21052026748657
-46.44995507,-23.54252431,466,17,94,1017,,1.15,4,chuva moderada,16.03,-23.54252431,-46.44995507,2025-06-08 23:21:48,falso,762.25,Itaquera,0,3.71,7.21052026748657
-46.44995507,-23.54252431,467,16.09,94,1016,,0.5,4,chuva leve,15.12,-23.54252431,-46.44995507,2025-06-09 02:00:15,falso,762.25,Itaquera,0,2.87,7.21052026748657
-46.44995507,-23.54252431,468,14.32,100,1019,,0,0,nublado,14.32,-23.54252431,-46.44995507,2025-06-10 00:33:39,falso,762.25,Itaquera,0,0,7.21052026748657
-46.44995507,-23.54252431,469,10.83,79,1026,,0,0,algumas nuvens,7.34,-23.54252431,-46.44995507,2025-06-11 21:40:06,falso,762.25,Itaquera,0,0,7.21052026748657
-46.44995507,-23.54252431,470,12.41,76,1024,,0,0,nublado,8.3,-23.54252431,-46.44995507,2025-06-12 17:49:44,falso,762.25,Itaquera,0,0,7.21052026748657
-46.44995507,-23.54252431,471,12.37,92,1026,,0,0,céu limpo,11.11,-23.54252431,-46.44995507,2025-06-13 21:31:18,falso,762.25,Itaquera,0,0,7.21052026748657
-46.44995507,-23.54252431,472,12.88,83,1023,,0,0,céu limpo,10.07,-23.54252431,-46.44995507,2025-06-14 23:23:18,falso,762.25,Itaquera,0,0,7.21052026748657
-46.44995507,-23.54252431,473,17.17,69,1021,,0,0,céu limpo,11.44,-23.54252431,-46.44995507,2025-06-15 19:08:56,falso,762.25,Itaquera,0,0,7.21052026748657
-46.44995507,-23.54252431,474,12.17,87,1022,,0,0,céu limpo,10.07,-23.54252431,-46.44995507,2025-06-16 03:06:37,falso,762.25,Itaquera,0,0,7.21052026748657
-46.44995507,-23.54252431,475,19.64,63,1024,,0,0,céu limpo,12.41,-23.54252431,-46.44995507,2025-06-17 11:31:15,falso,762.25,Itaquera,0,0,7.21052026748657
-46.44995507,-23.54252431,476,18.57,65,1025,,0,0,céu limpo,11.87,-23.54252431,-46.44995507,2025-06-18 09:33:14,falso,762.25,Itaquera,0,0,7.21052026748657
-46.44995507,-23.54252431,477,24.71,44,1021,,0,0,céu limpo,11.65,-23.54252431,-46.44995507,2025-06-19 12:45:40,falso,762.25,Itaquera,0,0,7.21052026748657
-46.44995507,-23.54252431,478,14.02,94,1021,,0,0,céu limpo,13.07,-23.54252431,-46.44995507,2025-06-20 07:27:07,falso,762.25,Itaquera,0,0,7.21052026748657
-46.44995507,-23.54252431,479,22.84,52,1014,,0.23,1,chuva leve,12.48,-23.54252431,-46.44995507,2025-06-21 15:12:34,falso,762.25,Itaquera,0,0.23,7.21052026748657
-46.44995507,-23.54252431,480,16.88,88,1016,,0,0,céu limpo,14.88,-23.54252431,-46.44995507,2025-06-22 07:47:12,falso,762.25,Itaquera,0,0,7.21052026748657
-46.44995507,-23.54252431,481,17.6,88,1012,,0,0,céu limpo,15.59,-23.54252431,-46.44995507,2025-06-23 00:27:48,falso,762.25,Itaquera,0,0,7.21052026748657
-46.44995507,-23.54252431,482,13.51,85,1019,,0,4,chuva leve,11.04,-23.54252431,-46.44995507,2025-06-24 08:26:07,falso,762.25,Itaquera,0,1.06,7.21052026748657
-46.44995507,-23.54252431,483,13.78,72,1021,,0,0,céu limpo,8.83,-23.54252431,-46.44995507,2025-06-25 18:50:23,falso,762.25,Itaquera,0,0,7.21052026748657
-46.44995507,-23.54252431,484,20.35,66,1018,,0,0,céu limpo,13.79,-23.54252431,-46.44995507,2025-06-26 18:47:49,falso,762.25,Itaquera,0,0,7.21052026748657
-46.44995507,-23.54252431,485,16.93,88,1022,,0.35,3,chuva leve,14.93,-23.54252431,-46.44995507,2025-06-27 17:17:17,falso,762.25,Itaquera,0,2.9,7.21052026748657
-46.44995507,-23.54252431,486,22.15,73,1018,,0,0,céu limpo,17.08,-23.54252431,-46.44995507,2025-06-28 17:26:34,falso,762.25,Itaquera,0,0,7.21052026748657
-46.59397,-23.544683,487,18.46,71,1025,,0,0,céu limpo,13.11,-23.544683,-46.59397,2025-06-01 10:13:14,falso,740.61,Mooca,0,0,3.70728707313538
-46.59397,-23.544683,488,16.34,90,1026,,0,0,nublado,14.7,-23.544683,-46.59397,2025-06-02 00:59:41,falso,740.61,Mooca,0,0,3.70728707313538
-46.59397,-23.544683,489,17.24,85,1024,,0,0,névoa,14.7,-23.544683,-46.59397,2025-06-03 08:14:37,falso,740.61,Mooca,0,0,3.70728707313538
-46.59397,-23.544683,490,19.8,80,1019,,0,0,céu limpo,16.25,-23.544683,-46.59397,2025-06-04 21:46:29,falso,740.61,Mooca,0,0,3.70728707313538
-46.59397,-23.544683,491,17.46,90,1017,,0,0,céu limpo,15.8,-23.544683,-46.59397,2025-06-05 04:06:12,falso,740.61,Mooca,0,0,3.70728707313538
-46.59397,-23.544683,492,18.26,83,1019,,0.1,4,chuva leve,15.33,-23.544683,-46.59397,2025-06-06 14:27:17,falso,740.61,Mooca,0,1.4,3.70728707313538
-46.59397,-23.544683,493,21.47,70,1019,,0,0,nublado,15.77,-23.544683,-46.59397,2025-06-07 12:02:25,falso,740.61,Mooca,0,0,3.70728707313538
-46.59397,-23.544683,494,17.39,90,1018,,0,0,névoa,15.73,-23.544683,-46.59397,2025-06-08 07:45:40,falso,740.61,Mooca,0,0,3.70728707313538
-46.59397,-23.544683,495,17.34,84,1016,,0.32,4,chuva leve,14.61,-23.544683,-46.59397,2025-06-09 15:21:32,falso,740.61,Mooca,0,1.48,3.70728707313538
-46.59397,-23.544683,496,14.56,95,1019,,0,0,nublado,13.77,-23.544683,-46.59397,2025-06-10 03:06:56,falso,740.61,Mooca,0,0,3.70728707313538
-46.59397,-23.544683,497,13.3,93,1021,,0,0,nublado,12.19,-23.544683,-46.59397,2025-06-11 05:17:04,falso,740.61,Mooca,0,0,3.70728707313538
-46.59397,-23.544683,498,11.3,87,1025,,0,0,nuvens dispersas,9.22,-23.544683,-46.59397,2025-06-12 22:59:23,falso,740.61,Mooca,0,0,3.70728707313538
-46.59397,-23.544683,499,11.15,89,1025,,0,0,céu limpo,9.41,-23.544683,-46.59397,2025-06-13 02:19:10,falso,740.61,Mooca,0,0,3.70728707313538
-46.59397,-23.544683,500,18.27,62,1023,,0,0,céu limpo,10.87,-23.544683,-46.59397,2025-06-14 13:20:16,falso,740.61,Mooca,0,0,3.70728707313538
-46.59397,-23.544683,501,17.43,73,1020,,0,0,céu limpo,12.54,-23.544683,-46.59397,2025-06-15 17:38:55,falso,740.61,Mooca,0,0,3.70728707313538
-46.59397,-23.544683,502,20.38,70,1023,,0,0,céu limpo,14.73,-23.544683,-46.59397,2025-06-16 18:06:15,falso,740.61,Mooca,0,0,3.70728707313538
-46.59397,-23.544683,503,21.19,55,1021,,0,0,céu limpo,11.8,-23.544683,-46.59397,2025-06-17 17:37:30,falso,740.61,Mooca,0,0,3.70728707313538
-46.59397,-23.544683,504,11.69,93,1023,,0,0,névoa,10.6,-23.544683,-46.59397,2025-06-18 05:48:03,falso,740.61,Mooca,0,0,3.70728707313538
-46.59397,-23.544683,505,14.93,79,1023,,0,0,céu limpo,11.32,-23.544683,-46.59397,2025-06-19 07:49:26,falso,740.61,Mooca,0,0,3.70728707313538
-46.59397,-23.544683,506,20.51,64,1021,,0,0,céu limpo,13.47,-23.544683,-46.59397,2025-06-20 09:48:03,falso,740.61,Mooca,0,0,3.70728707313538
-46.59397,-23.544683,507,15.72,82,1015,,0,0,céu limpo,12.66,-23.544683,-46.59397,2025-06-21 02:13:59,falso,740.61,Mooca,0,0,3.70728707313538
-46.59397,-23.544683,508,22.14,58,1013,,0,4,céu limpo,13.5,-23.544683,-46.59397,2025-06-22 14:42:03,falso,740.61,Mooca,0,0.19,3.70728707313538
-46.59397,-23.544683,509,17.76,81,1012,,0,0,céu limpo,14.46,-23.544683,-46.59397,2025-06-23 02:35:57,falso,740.61,Mooca,0,0,3.70728707313538
-46.59397,-23.544683,510,12.56,43,1021,,0,0,céu limpo,0.33,-23.544683,-46.59397,2025-06-24 18:29:29,falso,740.61,Mooca,0,0,3.70728707313538
-46.59397,-23.544683,511,13.59,78,1021,,0,0,céu limpo,9.83,-23.544683,-46.59397,2025-06-25 19:50:41,falso,740.61,Mooca,0,0,3.70728707313538
-46.59397,-23.544683,512,26.86,45,1016,,0,0,céu limpo,13.94,-23.544683,-46.59397,2025-06-26 14:37:41,falso,740.61,Mooca,0,0,3.70728707313538
-46.59397,-23.544683,513,16.83,89,1019,,0,0,céu limpo,15.01,-23.544683,-46.59397,2025-06-27 01:25:09,falso,740.61,Mooca,0,0,3.70728707313538
-46.59397,-23.544683,514,21.48,78,1018,,0,0,céu limpo,17.49,-23.544683,-46.59397,2025-06-28 19:37:36,falso,740.61,Mooca,0,0,3.70728707313538
-46.59397,-23.544683,515,16.17,87,1027,,0,4,nublado,14.01,-23.544683,-46.59397,2025-04-05 20:03:17,falso,740.61,Mooca,0,0.62,3.70728707313538
-46.59397,-23.544683,516,16.49,88,1025,,0,2,algumas nuvens,14.5,-23.544683,-46.59397,2025-04-06 05:06:01,falso,740.61,Mooca,0,0.73,3.70728707313538
-46.59397,-23.544683,517,16.35,93,1022,,0,0,chuva leve,15.22,-23.544683,-46.59397,2025-04-07 03:43,falso,740.61,Mooca,0,0,3.70728707313538
-46.59397,-23.544683,518,24.12,67,1016,,0,0,nublado,17.61,-23.544683,-46.59397,2025-04-08 15:57:48,falso,740.61,Mooca,0,0,3.70728707313538
-46.59397,-23.544683,519,21.06,85,1017,,0,0,céu limpo,18.44,-23.544683,-46.59397,2025-04-09 00:01:02,falso,740.61,Mooca,0,0,3.70728707313538
-46.577669,-23.551485,520,15.95,88,1025,,0.12,3,garoa de leve intensidade,13.97,-23.551485,-46.577669,2025-04-05 07:48:25,falso,732.05,Mooca,0,0.43,2.10017395019531
-46.577669,-23.551485,521,17.19,88,1025,,0,0,nublado,15.19,-23.551485,-46.577669,2025-04-06 22:57:01,falso,732.05,Mooca,0,0,2.10017395019531
-46.577669,-23.551485,522,20.1,73,1020,,0,0,nuvens dispersas,15.11,-23.551485,-46.577669,2025-04-07 17:05:12,falso,732.05,Mooca,0,0,2.10017395019531
-46.577669,-23.551485,523,24.1,68,1016,,0,0,nublado,17.83,-23.551485,-46.577669,2025-04-08 16:43:27,falso,732.05,Mooca,0,0,2.10017395019531
-46.577669,-23.551485,524,20.32,85,1015,,0,0,céu limpo,17.72,-23.551485,-46.577669,2025-04-09 05:06:39,falso,732.05,Mooca,0,0,2.10017395019531
-46.577326,-23.552479,525,17.08,92,1025,,0,3,garoa de leve intensidade,15.77,-23.552479,-46.577326,2025-04-05 15:25:49,falso,732.05,Mooca,0,0.26,2.2001416683197
-46.577326,-23.552479,526,18.93,68,1024,,0,4,neblina,12.9,-23.552479,-46.577326,2025-04-06 15:02:19,falso,732.05,Mooca,0,1.48,2.2001416683197
-46.577326,-23.552479,527,17.1,90,1023,,0,0,nublado,15.45,-23.552479,-46.577326,2025-04-07 02:05:37,falso,732.05,Mooca,0,0,2.2001416683197
-46.577326,-23.552479,528,25.12,59,1017,,0,0,nuvens dispersas,16.55,-23.552479,-46.577326,2025-04-08 12:30:05,falso,732.05,Mooca,0,0,2.2001416683197
-46.577326,-23.552479,529,20.44,95,1016,,0.43,1,chuva leve,19.61,-23.552479,-46.577326,2025-04-09 20:11:02,falso,732.05,Mooca,0,0.43,2.2001416683197
-46.555941,-23.526742,530,16,88,1026,,0.13,4,chuva leve,14.02,-23.526742,-46.555941,2025-04-05 18:43:29,falso,723.06,Mooca,0,0.92,2.29574394226074
-46.555941,-23.526742,531,18.96,72,1027,,0.1,4,chuva leve,13.8,-23.526742,-46.555941,2025-04-06 10:56:26,falso,723.06,Mooca,0,0.36,2.29574394226074
-46.555941,-23.526742,532,16.95,83,1021,,0,0,algumas nuvens,14.05,-23.526742,-46.555941,2025-04-07 22:27:15,falso,723.06,Mooca,0,0,2.29574394226074
-46.555941,-23.526742,533,15.32,93,1019,,0,0,céu limpo,14.2,-23.526742,-46.555941,2025-04-08 04:54:51,falso,723.06,Mooca,0,0,2.29574394226074
-46.555941,-23.526742,534,20,93,1016,,1.06,4,chuva moderada,18.83,-23.526742,-46.555941,2025-04-09 23:25:03,falso,723.06,Mooca,0,3,2.29574394226074
-46.6862,-23.5321,535,17.15,86,1026,,0,0,nuvens dispersas,14.79,-23.5321,-46.6862,2025-04-05 23:36:05,falso,757.77,Lapa,0,0,6.02824258804321
-46.6862,-23.5321,536,17.59,86,1024,,0,4,nublado,15.22,-23.5321,-46.6862,2025-04-06 19:16:48,falso,757.77,Lapa,0,0.22,6.02824258804321
-46.6862,-23.5321,537,18.99,74,1023,,0,0,nublado,14.26,-23.5321,-46.6862,2025-04-07 08:46:20,falso,757.77,Lapa,0,0,6.02824258804321
-46.6862,-23.5321,538,23.68,63,1017,,0,0,neblina,16.23,-23.5321,-46.6862,2025-04-08 11:45:29,falso,757.77,Lapa,0,0,6.02824258804321
-46.6862,-23.5321,539,20.51,86,1015,,0,0,céu limpo,18.09,-23.5321,-46.6862,2025-04-09 04:24:56,falso,757.77,Lapa,0,0,6.02824258804321
-46.6748,-23.5189,540,18.8,75,1026,,0.14,2,chuva leve,14.28,-23.5189,-46.6748,2025-04-05 11:06:48,falso,720.04,Lapa,0,0.29,1.46716165542603
-46.6748,-23.5189,541,18.97,68,1024,,0,3,neblina,12.94,-23.5189,-46.6748,2025-04-06 14:35:54,falso,720.04,Lapa,0,0.9,1.46716165542603
-46.6748,-23.5189,542,18.06,88,1024,,0,0,nublado,16.04,-23.5189,-46.6748,2025-04-07 00:24:26,falso,720.04,Lapa,0,0,1.46716165542603
-46.6748,-23.5189,543,15.48,92,1020,,0,0,algumas nuvens,14.19,-23.5189,-46.6748,2025-04-08 06:54:09,falso,720.04,Lapa,0,0,1.46716165542603
-46.6748,-23.5189,544,20.28,87,1015,,0,0,céu limpo,18.05,-23.5189,-46.6748,2025-04-09 04:57:39,falso,720.04,Lapa,0,0,1.46716165542603
-46.6893,-23.5099,545,17.22,84,1027,,0,0,nublado,14.49,-23.5099,-46.6893,2025-04-05 23:12:49,falso,720.1,Lapa,0,0,2.36490035057068
-46.6893,-23.5099,546,18.62,88,1024,,0,0,nublado,16.59,-23.5099,-46.6893,2025-04-06 23:50:24,falso,720.1,Lapa,0,0,2.36490035057068
-46.6893,-23.5099,547,17.52,85,1021,,0,0,céu limpo,14.97,-23.5099,-46.6893,2025-04-07 23:48:56,falso,720.1,Lapa,0,0,2.36490035057068
-46.6893,-23.5099,548,26,57,1016,,0,0,céu limpo,16.83,-23.5099,-46.6893,2025-04-08 14:48:24,falso,720.1,Lapa,0,0,2.36490035057068
-46.6893,-23.5099,549,20.38,94,1017,,0.44,2,chuva leve,19.38,-23.5099,-46.6893,2025-04-09 21:57:35,falso,720.1,Lapa,0,0.95,2.36490035057068
-46.6881,-23.5113,550,17.2,84,1027,,0,0,nublado,14.48,-23.5113,-46.6881,2025-04-05 23:10:32,falso,719.68,Lapa,0,0,2.96876573562622
-46.6881,-23.5113,551,17.02,89,1024,,0,4,nublado,15.19,-23.5113,-46.6881,2025-04-06 18:30:45,falso,719.68,Lapa,0,0.22,2.96876573562622
-46.6881,-23.5113,552,21.02,64,1020,,0,0,nublado,13.96,-23.5113,-46.6881,2025-04-07 14:24:43,falso,719.68,Lapa,0,0,2.96876573562622
-46.6881,-23.5113,553,24,67,1016,,0,0,nublado,17.5,-23.5113,-46.6881,2025-04-08 16:18,falso,719.68,Lapa,0,0,2.96876573562622
-46.6881,-23.5113,554,23.99,72,1014,,0,3,nublado,18.63,-23.5113,-46.6881,2025-04-09 17:55:17,falso,719.68,Lapa,0,0.11,2.96876573562622
-46.686,-23.5829,555,20.29,78,1015,,0,0,céu limpo,16.33,-23.5829,-46.686,2024-04-01 01:44:33,falso,721.12,Pinheiros,0,0,2.07442665100098
-46.686,-23.5829,556,25.77,61,1014,,0,3,céu limpo,17.69,-23.5829,-46.686,2024-04-02 11:09:11,falso,721.12,Pinheiros,0,0.14,2.07442665100098
-46.686,-23.5829,557,28.52,61,1013,,0,0,algumas nuvens,20.27,-23.5829,-46.686,2024-04-03 15:48:13,falso,721.12,Pinheiros,0,0,2.07442665100098
-46.686,-23.5829,558,20.38,88,1017,,0,0,nublado,18.33,-23.5829,-46.686,2024-04-04 02:27:59,falso,721.12,Pinheiros,0,0,2.07442665100098
-46.686,-23.5829,559,26.01,71,1018,,0,0,algumas nuvens,20.34,-23.5829,-46.686,2024-04-05 09:36:32,falso,721.12,Pinheiros,0,0,2.07442665100098
-46.686,-23.5829,560,23.51,76,1019,,0,0,nublado,19.04,-23.5829,-46.686,2024-04-06 10:24:04,falso,721.12,Pinheiros,0,0,2.07442665100098
-46.686,-23.5829,561,19.78,90,1019,,0,0,névoa,18.09,-23.5829,-46.686,2024-04-07 07:20:30,falso,721.12,Pinheiros,0,0,2.07442665100098
-46.6867,-23.5849,562,29.35,35,1013,,0,0,céu limpo,12.31,-23.5849,-46.6867,2024-04-01 15:13:46,falso,722.53,Pinheiros,0,0,4.72177028656006
-46.6867,-23.5849,563,23.89,64,1014,,0,0,céu limpo,16.67,-23.5849,-46.6867,2024-04-02 20:49:04,falso,722.53,Pinheiros,0,0,4.72177028656006
-46.6867,-23.5849,564,22.11,71,1015,,0,0,céu limpo,16.61,-23.5849,-46.6867,2024-04-03 01:00:48,falso,722.53,Pinheiros,0,0,4.72177028656006
-46.6867,-23.5849,565,26.39,73,1017,,0,0,céu limpo,21.16,-23.5849,-46.6867,2024-04-04 10:15:06,falso,722.53,Pinheiros,0,0,4.72177028656006
-46.6867,-23.5849,566,21.37,88,1017,,0,0,céu limpo,19.3,-23.5849,-46.6867,2024-04-05 02:14:17,falso,722.53,Pinheiros,0,0,4.72177028656006
-46.6867,-23.5849,567,19.18,89,1017,,0,0,nublado,17.32,-23.5849,-46.6867,2024-04-06 01:57:33,falso,722.53,Pinheiros,0,0,4.72177028656006
-46.6867,-23.5849,568,23.85,78,1019,,0,0,nublado,19.78,-23.5849,-46.6867,2024-04-07 10:21:42,falso,722.53,Pinheiros,0,0,4.72177028656006
-46.6865,-23.5875,569,19.71,79,1014,,0,0,céu limpo,15.97,-23.5875,-46.6865,2024-04-01 05:05:33,falso,722.35,Pinheiros,0,0,7.16651964187622
-46.6865,-23.5875,570,21.29,85,1015,,0,3,céu limpo,18.67,-23.5875,-46.6865,2024-04-02 08:06:20,falso,722.35,Pinheiros,0,0.14,7.16651964187622
-46.6865,-23.5875,571,23.06,65,1015,,0,0,céu limpo,16.13,-23.5875,-46.6865,2024-04-03 00:03:27,falso,722.35,Pinheiros,0,0,7.16651964187622
-46.6865,-23.5875,572,30.84,58,1014,,0,0,nuvens dispersas,21.62,-23.5875,-46.6865,2024-04-04 15:49:01,falso,722.35,Pinheiros,0,0,7.16651964187622
-46.6865,-23.5875,573,22.43,85,1017,,0,0,nublado,19.78,-23.5875,-46.6865,2024-04-05 20:41:39,falso,722.35,Pinheiros,0,0,7.16651964187622
-46.6865,-23.5875,574,21.54,88,1017,,0,0,nublado,19.47,-23.5875,-46.6865,2024-04-06 17:41:54,falso,722.35,Pinheiros,0,0,7.16651964187622
-46.6865,-23.5875,575,20.63,88,1019,,0,0,nublado,18.57,-23.5875,-46.6865,2024-04-07 08:11:41,falso,722.35,Pinheiros,0,0,7.16651964187622
-46.6798,-23.5654,576,23.41,71,1016,,0,0,céu limpo,17.85,-23.5654,-46.6798,2024-04-01 09:10:59,falso,740.72,Pinheiros,0,0,1.03755331039429
-46.6798,-23.5654,577,24.54,61,1014,,0,0,céu limpo,16.53,-23.5654,-46.6798,2024-04-02 21:01:48,falso,740.72,Pinheiros,0,0,1.03755331039429
-46.6798,-23.5654,578,21.6,85,1017,,0,0,algumas nuvens,18.97,-23.5654,-46.6798,2024-04-03 22:37:56,falso,740.72,Pinheiros,0,0,1.03755331039429
-46.6798,-23.5654,579,25.02,73,1018,,0,0,céu limpo,19.84,-23.5654,-46.6798,2024-04-04 08:35:26,falso,740.72,Pinheiros,0,0,1.03755331039429
-46.6798,-23.5654,580,21.22,88,1017,,0,0,névoa,19.15,-23.5654,-46.6798,2024-04-05 07:22:55,falso,740.72,Pinheiros,0,0,1.03755331039429
-46.6798,-23.5654,581,22.36,77,1018,,0,0,céu limpo,18.13,-23.5654,-46.6798,2024-04-06 07:36,falso,740.72,Pinheiros,0,0,1.03755331039429
-46.6798,-23.5654,582,21.02,87,1019,,0,4,nublado,18.77,-23.5654,-46.6798,2024-04-07 00:46:21,falso,740.72,Pinheiros,0,0.31,1.03755331039429
-46.6967,-23.6073,583,23.48,68,1016,,0,0,céu limpo,17.24,-23.6073,-46.6967,2024-04-01 09:52:39,falso,723.31,Pinheiros,0,0,10.5670099258423
-46.6967,-23.6073,584,20.45,88,1015,,0,2,céu limpo,18.4,-23.6073,-46.6967,2024-04-02 07:03:55,falso,723.31,Pinheiros,0,0.14,10.5670099258423
-46.6967,-23.6073,585,22.77,91,1015,,0,0,algumas nuvens,21.22,-23.6073,-46.6967,2024-04-03 18:33:10,falso,723.31,Pinheiros,0,0,10.5670099258423
-46.6967,-23.6073,586,21.57,90,1017,,0,0,algumas nuvens,19.86,-23.6073,-46.6967,2024-04-04 23:57:56,falso,723.31,Pinheiros,0,0,10.5670099258423
-46.6967,-23.6073,587,21.47,90,1017,,0,0,algumas nuvens,19.76,-23.6073,-46.6967,2024-04-05 00:09:42,falso,723.31,Pinheiros,0,0,10.5670099258423
-46.6967,-23.6073,588,23.8,81,1019,,0,0,nublado,20.34,-23.6073,-46.6967,2024-04-06 11:27:40,falso,723.31,Pinheiros,0,0,10.5670099258423
-46.6967,-23.6073,589,23.25,85,1016,,0,4,nuvens dispersas,20.59,-23.6073,-46.6967,2024-04-07 16:46:18,falso,723.31,Pinheiros,0,0.26,10.5670099258423
-46.714751,-23.487212,590,21.87,74,1017,,0,0,nublado,17.03,-23.487212,-46.714751,2024-11-10 09:23:42,falso,731.85,Pirituba/Jaraguá,0,0,3.9314866065979
-46.714751,-23.487212,591,14.92,84,1014,,0,0,nublado,12.24,-23.487212,-46.714751,2024-11-11 04:38:22,falso,731.85,Pirituba/Jaraguá,0,0,3.9314866065979
-46.714751,-23.487212,592,22.27,56,1009,,0,0,céu limpo,13.08,-23.487212,-46.714751,2024-11-12 02:08:01,falso,731.85,Pirituba/Jaraguá,0,0,3.9314866065979
-46.714751,-23.487212,593,16.74,88,1014,,0,4,nublado,14.74,-23.487212,-46.714751,2024-11-13 08:42:13,falso,731.85,Pirituba/Jaraguá,0,1.17,3.9314866065979
-46.714751,-23.487212,594,17.48,88,1017,,0,0,nublado,15.47,-23.487212,-46.714751,2024-11-14 21:08:12,falso,731.85,Pirituba/Jaraguá,0,0,3.9314866065979
-46.714751,-23.487212,595,23.44,73,1017,,0.16,1,chuva leve,18.33,-23.487212,-46.714751,2024-11-15 10:54:22,falso,731.85,Pirituba/Jaraguá,0,0.16,3.9314866065979
-46.714751,-23.487212,596,20.01,91,1017,,0,4,nuvens dispersas,18.5,-23.487212,-46.714751,2024-11-16 20:45:07,falso,731.85,Pirituba/Jaraguá,0,0.11,3.9314866065979
-46.714751,-23.487212,597,26.74,66,1013,,0,3,céu limpo,19.86,-23.487212,-46.714751,2024-11-17 16:23:08,falso,731.85,Pirituba/Jaraguá,0,0.3,3.9314866065979
-46.714751,-23.487212,598,19,90,1014,,0,0,céu limpo,17.32,-23.487212,-46.714751,2024-11-18 04:51:36,falso,731.85,Pirituba/Jaraguá,0,0,3.9314866065979
-46.714751,-23.487212,599,26.93,69,1012,,0,0,céu limpo,20.76,-23.487212,-46.714751,2024-11-19 14:37:01,falso,731.85,Pirituba/Jaraguá,0,0,3.9314866065979
-46.714751,-23.487212,600,30.73,57,1012,,0,0,céu limpo,21.23,-23.487212,-46.714751,2024-11-20 13:08:51,falso,731.85,Pirituba/Jaraguá,0,0,3.9314866065979
-46.706975,-23.498451,601,20.42,75,1014,,0,0,nuvens dispersas,15.84,-23.498451,-46.706975,2024-11-10 17:39:57,falso,724.27,Pirituba/Jaraguá,0,0,1.7665228843689
-46.706975,-23.498451,602,28.57,38,1009,,0,0,céu limpo,12.88,-23.498451,-46.706975,2024-11-11 16:56:18,falso,724.27,Pirituba/Jaraguá,0,0,1.7665228843689
-46.706975,-23.498451,603,21.82,69,1010,,0,0,céu limpo,15.88,-23.498451,-46.706975,2024-11-12 06:35:27,falso,724.27,Pirituba/Jaraguá,0,0,1.7665228843689
-46.706975,-23.498451,604,16.85,91,1013,,0.21,4,chuva leve,15.37,-23.498451,-46.706975,2024-11-13 07:27:56,falso,724.27,Pirituba/Jaraguá,0,5.25,1.7665228843689
-46.706975,-23.498451,605,16.33,88,1016,,0,0,nublado,14.34,-23.498451,-46.706975,2024-11-14 02:01:55,falso,724.27,Pirituba/Jaraguá,0,0,1.7665228843689
-46.706975,-23.498451,606,18.64,85,1017,,0,0,nublado,16.07,-23.498451,-46.706975,2024-11-15 06:31:02,falso,724.27,Pirituba/Jaraguá,0,0,1.7665228843689
-46.706975,-23.498451,607,25.71,69,1015,,0.33,4,chuva leve,19.6,-23.498451,-46.706975,2024-11-16 12:50:12,falso,724.27,Pirituba/Jaraguá,0,3.51,1.7665228843689
-46.706975,-23.498451,608,21.08,76,1017,,0,0,nublado,16.69,-23.498451,-46.706975,2024-11-17 07:53:54,falso,724.27,Pirituba/Jaraguá,0,0,1.7665228843689
-46.706975,-23.498451,609,21.84,79,1014,,0,0,céu limpo,18.04,-23.498451,-46.706975,2024-11-18 23:52:06,falso,724.27,Pirituba/Jaraguá,0,0,1.7665228843689
-46.706975,-23.498451,610,19.59,84,1013,,0,0,céu limpo,16.81,-23.498451,-46.706975,2024-11-19 03:40:38,falso,724.27,Pirituba/Jaraguá,0,0,1.7665228843689
-46.706975,-23.498451,611,19.29,85,1014,,0,0,céu limpo,16.71,-23.498451,-46.706975,2024-11-20 06:07:23,falso,724.27,Pirituba/Jaraguá,0,0,1.7665228843689
-46.718818,-23.431523,612,20.05,98,1017,,0,0,nublado,19.72,-23.431523,-46.718818,2024-11-10 08:56:31,falso,824.76,Pirituba/Jaraguá,0,0,8.549241065979
-46.718818,-23.431523,613,29.1,34,1010,,0,0,céu limpo,11.65,-23.431523,-46.718818,2024-11-11 14:20:52,falso,824.76,Pirituba/Jaraguá,0,0,8.549241065979
-46.718818,-23.431523,614,29.27,50,1009,,0,0,céu limpo,17.78,-23.431523,-46.718818,2024-11-12 12:02:34,falso,824.76,Pirituba/Jaraguá,0,0,8.549241065979
-46.718818,-23.431523,615,15.99,87,1014,,0,4,nublado,13.83,-23.431523,-46.718818,2024-11-13 08:43:58,falso,824.76,Pirituba/Jaraguá,0,1.17,8.549241065979
-46.718818,-23.431523,616,16.77,84,1016,,0,0,nublado,14.05,-23.431523,-46.718818,2024-11-14 19:15:19,falso,824.76,Pirituba/Jaraguá,0,0,8.549241065979
-46.718818,-23.431523,617,25.46,65,1014,,0.22,4,chuva leve,18.4,-23.431523,-46.718818,2024-11-15 14:00:51,falso,824.76,Pirituba/Jaraguá,0,0.53,8.549241065979
-46.718818,-23.431523,618,19.93,83,1017,,0,0,nublado,16.96,-23.431523,-46.718818,2024-11-16 22:23:51,falso,824.76,Pirituba/Jaraguá,0,0,8.549241065979
-46.718818,-23.431523,619,26.22,67,1013,,0,4,nublado,19.61,-23.431523,-46.718818,2024-11-17 16:35:22,falso,824.76,Pirituba/Jaraguá,0,0.3,8.549241065979
-46.718818,-23.431523,620,23.37,72,1011,,0,0,céu limpo,18.04,-23.431523,-46.718818,2024-11-18 19:21:35,falso,824.76,Pirituba/Jaraguá,0,0,8.549241065979
-46.718818,-23.431523,621,27.2,62,1012,,0,0,nublado,19.29,-23.431523,-46.718818,2024-11-19 15:56:22,falso,824.76,Pirituba/Jaraguá,0,0,8.549241065979
-46.718818,-23.431523,622,17.83,86,1014,,0,0,nublado,15.46,-23.431523,-46.718818,2024-11-20 05:35:38,falso,824.76,Pirituba/Jaraguá,0,0,8.549241065979
-46.716305,-23.483996,623,16.71,79,1015,,0,0,nublado,13.05,-23.483996,-46.716305,2024-11-10 23:28:35,falso,735.56,Pirituba/Jaraguá,0,0,0.984320282936096
-46.716305,-23.483996,624,16.84,82,1014,,0,0,céu limpo,13.75,-23.483996,-46.716305,2024-11-11 07:13:16,falso,735.56,Pirituba/Jaraguá,0,0,0.984320282936096
-46.716305,-23.483996,625,28.8,51,1010,,0,0,céu limpo,17.66,-23.483996,-46.716305,2024-11-12 10:43:11,falso,735.56,Pirituba/Jaraguá,0,0,0.984320282936096
-46.716305,-23.483996,626,17.83,82,1013,,0,0,nublado,14.72,-23.483996,-46.716305,2024-11-13 16:53:52,falso,735.56,Pirituba/Jaraguá,0,0,0.984320282936096
-46.716305,-23.483996,627,18.1,86,1015,,0,0,nublado,15.72,-23.483996,-46.716305,2024-11-14 17:23:41,falso,735.56,Pirituba/Jaraguá,0,0,0.984320282936096
-46.716305,-23.483996,628,17.37,94,1016,,0,0,nublado,16.4,-23.483996,-46.716305,2024-11-15 00:48:50,falso,735.56,Pirituba/Jaraguá,0,0,0.984320282936096
-46.716305,-23.483996,629,21,86,1017,,0,0,nublado,18.57,-23.483996,-46.716305,2024-11-16 21:34:33,falso,735.56,Pirituba/Jaraguá,0,0,0.984320282936096
-46.716305,-23.483996,630,24.61,62,1016,,0.19,2,chuva leve,16.85,-23.483996,-46.716305,2024-11-17 10:31:03,falso,735.56,Pirituba/Jaraguá,0,0.42,0.984320282936096
-46.716305,-23.483996,631,25.83,61,1014,,0,0,céu limpo,17.74,-23.483996,-46.716305,2024-11-18 09:31:34,falso,735.56,Pirituba/Jaraguá,0,0,0.984320282936096
-46.716305,-23.483996,632,21.23,74,1013,,0,0,céu limpo,16.41,-23.483996,-46.716305,2024-11-19 01:17:08,falso,735.56,Pirituba/Jaraguá,0,0,0.984320282936096
-46.716305,-23.483996,633,19.59,86,1014,,0,0,nublado,17.19,-23.483996,-46.716305,2024-11-20 03:45:08,falso,735.56,Pirituba/Jaraguá,0,0,0.984320282936096
-46.707066,-23.498396,634,17.17,78,1016,,0,0,nublado,13.31,-23.498396,-46.707066,2024-11-10 20:44:51,falso,725.16,Pirituba/Jaraguá,0,0,1.7665228843689
-46.707066,-23.498396,635,17.44,84,1014,,0,0,nublado,14.71,-23.498396,-46.707066,2024-11-11 02:02:13,falso,725.16,Pirituba/Jaraguá,0,0,1.7665228843689
-46.707066,-23.498396,636,19.5,87,1013,,0,0,nublado,17.28,-23.498396,-46.707066,2024-11-12 22:12:01,falso,725.16,Pirituba/Jaraguá,0,0,1.7665228843689
-46.707066,-23.498396,637,15.81,82,1017,,0,0,nublado,12.75,-23.498396,-46.707066,2024-11-13 22:27:31,falso,725.16,Pirituba/Jaraguá,0,0,1.7665228843689
-46.707066,-23.498396,638,16.46,87,1017,,0,0,nublado,14.29,-23.498396,-46.707066,2024-11-14 06:38:02,falso,725.16,Pirituba/Jaraguá,0,0,1.7665228843689
-46.707066,-23.498396,639,24.85,62,1015,,0,3,algumas nuvens,17.08,-23.498396,-46.707066,2024-11-15 13:02:19,falso,725.16,Pirituba/Jaraguá,0,0.31,1.7665228843689
-46.707066,-23.498396,640,23.85,73,1015,,0.65,4,chuva leve,18.72,-23.498396,-46.707066,2024-11-16 13:44:17,falso,725.16,Pirituba/Jaraguá,0,4.02,1.7665228843689
-46.707066,-23.498396,641,23.85,58,1016,,0.19,2,chuva leve,15.09,-23.498396,-46.707066,2024-11-17 10:54:37,falso,725.16,Pirituba/Jaraguá,0,0.42,1.7665228843689
-46.707066,-23.498396,642,18.6,92,1014,,0,0,nuvens dispersas,17.28,-23.498396,-46.707066,2024-11-18 05:42:55,falso,725.16,Pirituba/Jaraguá,0,0,1.7665228843689
-46.707066,-23.498396,643,21.78,77,1014,,0,0,nublado,17.57,-23.498396,-46.707066,2024-11-19 19:01:01,falso,725.16,Pirituba/Jaraguá,0,0,1.7665228843689
-46.707066,-23.498396,644,19.6,86,1014,,0,0,céu limpo,17.2,-23.498396,-46.707066,2024-11-20 01:42:37,falso,725.16,Pirituba/Jaraguá,0,0,1.7665228843689
-46.714751,-23.487212,645,21.14,87,1020,,0,0,nublado,18.89,-23.487212,-46.714751,2024-02-01 23:10:51,falso,731.85,Pirituba/Jaraguá,0,0,3.9314866065979
-46.714751,-23.487212,646,19.72,92,1018,,0,0,algumas nuvens,18.38,-23.487212,-46.714751,2024-02-02 04:26:48,falso,731.85,Pirituba/Jaraguá,0,0,3.9314866065979
-46.714751,-23.487212,647,23.2,85,1019,,0,0,nublado,20.54,-23.487212,-46.714751,2024-02-03 21:34:22,falso,731.85,Pirituba/Jaraguá,0,0,3.9314866065979
-46.706975,-23.498451,648,19.04,86,1017,,0,0,algumas nuvens,16.65,-23.498451,-46.706975,2024-02-01 03:51:59,falso,724.27,Pirituba/Jaraguá,0,0,1.7665228843689
-46.706975,-23.498451,649,20.39,87,1019,,0.21,4,chuva leve,18.15,-23.498451,-46.706975,2024-02-02 19:04:37,falso,724.27,Pirituba/Jaraguá,0,7.25,1.7665228843689
-46.706975,-23.498451,650,22.9,85,1019,,0,0,nublado,20.24,-23.498451,-46.706975,2024-02-03 22:13:41,falso,724.27,Pirituba/Jaraguá,0,0,1.7665228843689
-46.718818,-23.431523,651,16.52,88,1017,,0,0,céu limpo,14.53,-23.431523,-46.718818,2024-02-01 06:25:35,falso,824.76,Pirituba/Jaraguá,0,0,8.549241065979
-46.718818,-23.431523,652,20.25,83,1019,,4.29,4,chuva forte,17.27,-23.431523,-46.718818,2024-02-02 17:07:36,falso,824.76,Pirituba/Jaraguá,0,13.64,8.549241065979
-46.718818,-23.431523,653,25.99,67,1018,,0,4,céu limpo,19.39,-23.431523,-46.718818,2024-02-03 16:48:05,falso,824.76,Pirituba/Jaraguá,0,2.03,8.549241065979
-46.716305,-23.483996,654,20.78,87,1020,,0,0,algumas nuvens,18.54,-23.483996,-46.716305,2024-02-01 22:20:33,falso,735.56,Pirituba/Jaraguá,0,0,0.984320282936096
-46.716305,-23.483996,655,20.34,89,1019,,1.02,4,chuva moderada,18.47,-23.483996,-46.716305,2024-02-02 18:22:57,falso,735.56,Pirituba/Jaraguá,0,8.87,0.984320282936096
-46.716305,-23.483996,656,24.6,75,1019,,0,0,céu limpo,19.88,-23.483996,-46.716305,2024-02-03 10:50:01,falso,735.56,Pirituba/Jaraguá,0,0,0.984320282936096
-46.707066,-23.498396,657,18.48,90,1017,,0,0,céu limpo,16.81,-23.498396,-46.707066,2024-02-01 05:47:52,falso,725.16,Pirituba/Jaraguá,0,0,1.7665228843689
-46.707066,-23.498396,658,19.85,83,1019,,1.83,4,trovoadas,16.88,-23.498396,-46.707066,2024-02-02 14:45:34,falso,725.16,Pirituba/Jaraguá,0,8.91,1.7665228843689
-46.707066,-23.498396,659,25.85,65,1019,,0,0,céu limpo,18.77,-23.498396,-46.707066,2024-02-03 11:51:08,falso,725.16,Pirituba/Jaraguá,0,0,1.7665228843689
-46.7024,-23.6581,660,27.84,66,1019,,0.17,4,chuva leve,20.9,-23.6581,-46.7024,2024-02-01 13:59:38,falso,735.34,Santo Amaro,0,8.36,0.733701109886169
-46.7024,-23.6581,661,19.08,95,1019,,0,0,algumas nuvens,18.26,-23.6581,-46.7024,2024-02-02 03:37:04,falso,735.34,Santo Amaro,0,0,0.733701109886169
-46.7024,-23.6581,662,20.36,92,1018,,0,0,nublado,19.02,-23.6581,-46.7024,2024-02-03 04:15:28,falso,735.34,Santo Amaro,0,0,0.733701109886169
-46.6997,-23.6754,663,19.39,84,1017,,0,0,nuvens dispersas,16.62,-23.6754,-46.6997,2024-02-01 04:17:50,falso,723.26,Santo Amaro,0,0,1.03755331039429
-46.6997,-23.6754,664,23.46,82,1021,,0.11,2,chuva leve,20.21,-23.6754,-46.6997,2024-02-02 09:38:25,falso,723.26,Santo Amaro,0,0.25,1.03755331039429
-46.6997,-23.6754,665,23.49,77,1019,,0,0,céu limpo,19.23,-23.6754,-46.6997,2024-02-03 10:56,falso,723.26,Santo Amaro,0,0,1.03755331039429
-46.6874,-23.6261,666,22.47,85,1018,,9.27,4,chuva forte,19.82,-23.6261,-46.6874,2024-02-01 15:05:31,falso,727.86,Santo Amaro,0,17.1,2.64366388320923
-46.6874,-23.6261,667,20.39,91,1019,,0,0,algumas nuvens,18.87,-23.6261,-46.6874,2024-02-02 00:58:11,falso,727.86,Santo Amaro,0,0,2.64366388320923
-46.6874,-23.6261,668,22.51,89,1019,,0,0,nublado,20.61,-23.6261,-46.6874,2024-02-03 22:59:09,falso,727.86,Santo Amaro,0,0,2.64366388320923
-46.6926,-23.6838,669,24.38,70,1019,,0.53,2,chuva leve,18.56,-23.6838,-46.6926,2024-02-01 11:25:18,falso,724.09,Santo Amaro,0,0.63,3.6195912361145
-46.6926,-23.6838,670,19.38,94,1019,,0,0,algumas nuvens,18.39,-23.6838,-46.6926,2024-02-02 05:44:27,falso,724.09,Santo Amaro,0,0,3.6195912361145
-46.6926,-23.6838,671,20.43,90,1019,,0,0,nublado,18.73,-23.6838,-46.6926,2024-02-03 05:56:50,falso,724.09,Santo Amaro,0,0,3.6195912361145
-46.6794,-23.6615,672,20.77,79,1018,,0,0,céu limpo,17,-23.6615,-46.6794,2024-02-01 06:40:06,falso,743.19,Santo Amaro,0,0,8.14809894561768
-46.6794,-23.6615,673,20.07,91,1019,,0,0,algumas nuvens,18.56,-23.6615,-46.6794,2024-02-02 01:21:05,falso,743.19,Santo Amaro,0,0,8.14809894561768
-46.6794,-23.6615,674,26.43,72,1017,,0,4,nublado,20.97,-23.6615,-46.6794,2024-02-03 17:24:23,falso,743.19,Santo Amaro,0,5.49,8.14809894561768
-46.7077,-23.6632,675,19.02,88,1017,,0,0,céu limpo,16.99,-23.6632,-46.7077,2024-02-01 06:21:15,falso,723.94,Santo Amaro,0,0,1.18295407295227
-46.7077,-23.6632,676,22.89,77,1021,,0.14,1,chuva leve,18.65,-23.6632,-46.7077,2024-02-02 08:49:41,falso,723.94,Santo Amaro,0,0.14,1.18295407295227
-46.7077,-23.6632,677,20.2,87,1018,,0,0,algumas nuvens,17.97,-23.6632,-46.7077,2024-02-03 03:35:05,falso,723.94,Santo Amaro,0,0,1.18295407295227
-46.456596,-23.506032,678,21.09,73,1016,,0,0,nublado,16.07,-23.506032,-46.456596,2024-01-01 08:53:56,falso,734.24,São Miguel Paulista,0,0,3.2449369430542
-46.456596,-23.506032,679,19.5,88,1014,,0,0,nublado,17.46,-23.506032,-46.456596,2024-01-02 03:03:52,falso,734.24,São Miguel Paulista,0,0,3.2449369430542
-46.456596,-23.506032,680,26.36,65,1012,,0.22,1,chuva leve,19.25,-23.506032,-46.456596,2024-01-03 10:19:23,falso,734.24,São Miguel Paulista,0,0.22,3.2449369430542
-46.456596,-23.506032,681,19.81,94,1012,,0,0,nublado,18.82,-23.506032,-46.456596,2024-01-04 04:29:20,falso,734.24,São Miguel Paulista,0,0,3.2449369430542
-46.456596,-23.506032,682,21.02,92,1014,,0,0,nublado,19.67,-23.506032,-46.456596,2024-01-05 07:14:49,falso,734.24,São Miguel Paulista,0,0,3.2449369430542
-46.456596,-23.506032,683,25.83,62,1014,,0.18,1,chuva leve,18,-23.506032,-46.456596,2024-01-06 10:38:26,falso,734.24,São Miguel Paulista,0,0.18,3.2449369430542
-46.456596,-23.506032,684,26.16,62,1014,,0,0,céu limpo,18.31,-23.506032,-46.456596,2024-01-07 10:23:03,falso,734.24,São Miguel Paulista,0,0,3.2449369430542
-46.459752,-23.486212,685,25.14,65,1014,,0,0,nublado,18.1,-23.486212,-46.459752,2024-01-01 14:15:23,falso,729.39,São Miguel Paulista,0,0,2.36490035057068
-46.459752,-23.486212,686,19.08,88,1014,,0,0,nublado,17.05,-23.486212,-46.459752,2024-01-02 04:55:20,falso,729.39,São Miguel Paulista,0,0,2.36490035057068
-46.459752,-23.486212,687,23.97,94,1010,,5.13,4,chuva forte,22.94,-23.486212,-46.459752,2024-01-03 16:13:45,falso,729.39,São Miguel Paulista,0,12.02,2.36490035057068
-46.459752,-23.486212,688,20.83,94,1013,,0,0,garoa de leve intensidade,19.83,-23.486212,-46.459752,2024-01-04 01:08:03,falso,729.39,São Miguel Paulista,0,0,2.36490035057068
-46.459752,-23.486212,689,26.46,62,1013,,0.37,4,chuva leve,18.59,-23.486212,-46.459752,2024-01-05 14:41:21,falso,729.39,São Miguel Paulista,0,0.68,2.36490035057068
-46.459752,-23.486212,690,25.84,62,1014,,0.18,1,chuva leve,18.01,-23.486212,-46.459752,2024-01-06 11:11:27,falso,729.39,São Miguel Paulista,0,0.18,2.36490035057068
-46.459752,-23.486212,691,26.24,66,1012,,0,3,céu limpo,19.39,-23.486212,-46.459752,2024-01-07 17:45:59,falso,729.39,São Miguel Paulista,0,0.45,2.36490035057068
-46.417531,-23.474823,692,20.27,83,1015,,0,0,nublado,17.29,-23.474823,-46.417531,2024-01-01 21:05:14,falso,728.86,São Miguel Paulista,0,0,1.31232666969299
-46.417531,-23.474823,693,19.52,83,1015,,0,0,nublado,16.56,-23.474823,-46.417531,2024-01-02 01:29:48,falso,728.86,São Miguel Paulista,0,0,1.31232666969299
-46.417531,-23.474823,694,19.77,94,1012,,0,0,nublado,18.78,-23.474823,-46.417531,2024-01-03 02:01:29,falso,728.86,São Miguel Paulista,0,0,1.31232666969299
-46.417531,-23.474823,695,24.5,73,1013,,0.28,4,chuva leve,19.34,-23.474823,-46.417531,2024-01-04 12:19:38,falso,728.86,São Miguel Paulista,0,0.9,1.31232666969299
-46.417531,-23.474823,696,20.09,88,1015,,0,0,nublado,18.04,-23.474823,-46.417531,2024-01-05 23:29:15,falso,728.86,São Miguel Paulista,0,0,1.31232666969299
-46.417531,-23.474823,697,20.91,83,1015,,0,0,nublado,17.92,-23.474823,-46.417531,2024-01-06 07:03:09,falso,728.86,São Miguel Paulista,0,0,1.31232666969299
-46.417531,-23.474823,698,26.22,69,1012,,0,3,céu limpo,20.08,-23.474823,-46.417531,2024-01-07 17:56:29,falso,728.86,São Miguel Paulista,0,0.45,1.31232666969299
-46.407488,-23.485466,699,18.79,77,1017,,0,0,nublado,14.68,-23.485466,-46.407488,2024-01-01 01:15:24,falso,731.57,São Miguel Paulista,0,0,0.733701109886169
-46.407488,-23.485466,700,19.29,88,1014,,0,0,nublado,17.25,-23.485466,-46.407488,2024-01-02 02:30:28,falso,731.57,São Miguel Paulista,0,0,0.733701109886169
-46.407488,-23.485466,701,19.79,94,1012,,0,0,nublado,18.8,-23.485466,-46.407488,2024-01-03 05:32:12,falso,731.57,São Miguel Paulista,0,0,0.733701109886169
-46.407488,-23.485466,702,23.34,83,1014,,0.19,4,chuva leve,20.29,-23.485466,-46.407488,2024-01-04 09:57:14,falso,731.57,São Miguel Paulista,0,0.49,0.733701109886169
-46.407488,-23.485466,703,19.56,94,1013,,0,0,nublado,18.57,-23.485466,-46.407488,2024-01-05 04:11:16,falso,731.57,São Miguel Paulista,0,0,0.733701109886169
-46.407488,-23.485466,704,27.5,61,1013,,0.22,4,chuva leve,19.31,-23.485466,-46.407488,2024-01-06 15:24:56,falso,731.57,São Miguel Paulista,0,0.51,0.733701109886169
-46.407488,-23.485466,705,24.9,69,1012,,0,4,céu limpo,18.82,-23.485466,-46.407488,2024-01-07 19:02:02,falso,731.57,São Miguel Paulista,0,0.45,0.733701109886169
-46.404744,-23.488974,706,21.4,78,1013,,0,0,nublado,17.41,-23.488974,-46.404744,2024-01-01 19:23:35,falso,729.82,São Miguel Paulista,0,0,5.27611875534058
-46.404744,-23.488974,707,24.73,65,1013,,0,0,nuvens dispersas,17.71,-23.488974,-46.404744,2024-01-02 10:09:34,falso,729.82,São Miguel Paulista,0,0,5.27611875534058
-46.404744,-23.488974,708,19.89,94,1012,,0,0,nublado,18.9,-23.488974,-46.404744,2024-01-03 04:56:17,falso,729.82,São Miguel Paulista,0,0,5.27611875534058
-46.404744,-23.488974,709,24.62,73,1012,,0,4,chuva leve,19.46,-23.488974,-46.404744,2024-01-04 13:54:06,falso,729.82,São Miguel Paulista,0,0.81,5.27611875534058
-46.404744,-23.488974,710,26.01,65,1012,,0.37,2,chuva leve,18.92,-23.488974,-46.404744,2024-01-05 16:23:56,falso,729.82,São Miguel Paulista,0,0.74,5.27611875534058
-46.404744,-23.488974,711,20.6,83,1016,,0,0,nublado,17.61,-23.488974,-46.404744,2024-01-06 22:31:19,falso,729.82,São Miguel Paulista,0,0,5.27611875534058
-46.404744,-23.488974,712,28.43,61,1014,,0.14,1,chuva leve,20.18,-23.488974,-46.404744,2024-01-07 10:36:40,falso,729.82,São Miguel Paulista,0,0.14,5.27611875534058
-46.405495,-23.491512,713,20.42,78,1016,,0,0,nublado,16.46,-23.491512,-46.405495,2024-01-01 23:05:40,falso,731.08,São Miguel Paulista,0,0,0.656249403953552
-46.405495,-23.491512,714,20.33,94,1013,,0,0,nublado,19.33,-23.491512,-46.405495,2024-01-02 23:07:23,falso,731.08,São Miguel Paulista,0,0,0.656249403953552
-46.405495,-23.491512,715,21.04,88,1013,,0,0,nublado,18.98,-23.491512,-46.405495,2024-01-03 23:21:39,falso,731.08,São Miguel Paulista,0,0,0.656249403953552
-46.405495,-23.491512,716,20.67,100,1014,,0,0,chuva leve,20.67,-23.491512,-46.405495,2024-01-04 21:21:02,falso,731.08,São Miguel Paulista,0,0,0.656249403953552
-46.405495,-23.491512,717,19.75,100,1013,,0,0,nublado,19.75,-23.491512,-46.405495,2024-01-05 02:45:46,falso,731.08,São Miguel Paulista,0,0,0.656249403953552
-46.405495,-23.491512,718,19.07,94,1014,,0,0,nublado,18.08,-23.491512,-46.405495,2024-01-06 04:37:36,falso,731.08,São Miguel Paulista,0,0,0.656249403953552
-46.405495,-23.491512,719,24.5,73,1015,,0,0,algumas nuvens,19.34,-23.491512,-46.405495,2024-01-07 09:01:55,falso,731.08,São Miguel Paulista,0,0,0.656249403953552
-46.690589,-23.507709,720,26.12,59,1016,,0,0,nuvens dispersas,17.49,-23.507709,-46.690589,2023-05-01 12:56:21,falso,720.55,Freguesia do Ó,0,0,4.27048397064209
-46.690589,-23.507709,721,25.05,58,1014,,0.13,4,chuva leve,16.22,-23.507709,-46.690589,2023-05-02 14:44:06,falso,720.55,Freguesia do Ó,0,0.74,4.27048397064209
-46.690589,-23.507709,722,21.56,85,1017,,0,0,nuvens dispersas,18.93,-23.507709,-46.690589,2023-05-03 19:52:21,falso,720.55,Freguesia do Ó,0,0,4.27048397064209
-46.690589,-23.507709,723,21.4,83,1017,,0,0,nuvens dispersas,18.39,-23.507709,-46.690589,2023-05-04 00:15:07,falso,720.55,Freguesia do Ó,0,0,4.27048397064209
-46.690589,-23.507709,724,20.3,85,1019,,0,0,nublado,17.7,-23.507709,-46.690589,2023-05-05 02:33:56,falso,720.55,Freguesia do Ó,0,0,4.27048397064209
-46.690589,-23.507709,725,21.44,85,1020,,0,0,nublado,18.81,-23.507709,-46.690589,2023-05-06 03:15:57,falso,720.55,Freguesia do Ó,0,0,4.27048397064209
-46.690589,-23.507709,726,26.9,50,1016,,0,0,nuvens dispersas,15.61,-23.507709,-46.690589,2023-05-07 15:27:05,falso,720.55,Freguesia do Ó,0,0,4.27048397064209
-46.690589,-23.507709,727,20.3,89,1018,,0,0,céu limpo,18.43,-23.507709,-46.690589,2023-05-08 02:40:41,falso,720.55,Freguesia do Ó,0,0,4.27048397064209
-46.690589,-23.507709,728,21.57,89,1020,,0,0,chuva leve,19.68,-23.507709,-46.690589,2023-05-09 22:17:50,falso,720.55,Freguesia do Ó,0,0,4.27048397064209
-46.690589,-23.507709,729,19.12,91,1017,,0.87,4,chuva leve,17.62,-23.507709,-46.690589,2023-05-10 19:26:55,falso,720.55,Freguesia do Ó,0,1.9,4.27048397064209
-46.706667,-23.498796,730,18.56,89,1017,,0,0,nublado,16.71,-23.498796,-46.706667,2023-05-01 03:35:49,falso,723.13,Freguesia do Ó,0,0,2.36490035057068
-46.706667,-23.498796,731,20.7,81,1017,,0,0,céu limpo,17.32,-23.498796,-46.706667,2023-05-02 01:11:54,falso,723.13,Freguesia do Ó,0,0,2.36490035057068
-46.706667,-23.498796,732,21.07,88,1017,,0,0,nuvens dispersas,19.01,-23.498796,-46.706667,2023-05-03 20:52:34,falso,723.13,Freguesia do Ó,0,0,2.36490035057068
-46.706667,-23.498796,733,20.15,86,1017,,0,0,nublado,17.74,-23.498796,-46.706667,2023-05-04 05:29:26,falso,723.13,Freguesia do Ó,0,0,2.36490035057068
-46.706667,-23.498796,734,20.15,84,1019,,0,0,nuvens dispersas,17.36,-23.498796,-46.706667,2023-05-05 02:04:42,falso,723.13,Freguesia do Ó,0,0,2.36490035057068
-46.706667,-23.498796,735,19.66,90,1021,,0,0,nublado,17.97,-23.498796,-46.706667,2023-05-06 06:48:56,falso,723.13,Freguesia do Ó,0,0,2.36490035057068
-46.706667,-23.498796,736,20.14,83,1018,,0,0,algumas nuvens,17.16,-23.498796,-46.706667,2023-05-07 02:46:34,falso,723.13,Freguesia do Ó,0,0,2.36490035057068
-46.706667,-23.498796,737,20.15,89,1019,,0,0,nublado,18.28,-23.498796,-46.706667,2023-05-08 01:45:04,falso,723.13,Freguesia do Ó,0,0,2.36490035057068
-46.706667,-23.498796,738,24.85,68,1019,,0,0,algumas nuvens,18.54,-23.498796,-46.706667,2023-05-09 10:49:39,falso,723.13,Freguesia do Ó,0,0,2.36490035057068
-46.706667,-23.498796,739,18.98,91,1017,,0.87,4,chuva leve,17.48,-23.498796,-46.706667,2023-05-10 18:49:45,falso,723.13,Freguesia do Ó,0,1.9,2.36490035057068
-46.683717,-23.501223,740,21.4,85,1015,,0,4,nublado,18.77,-23.501223,-46.683717,2023-05-01 19:27:26,falso,722.4,Freguesia do Ó,0,0.41,1.64024698734283
-46.683717,-23.501223,741,19.93,89,1015,,0,4,chuva leve,18.06,-23.501223,-46.683717,2023-05-02 17:32:28,falso,722.4,Freguesia do Ó,0,0.47,1.64024698734283
-46.683717,-23.501223,742,20.75,84,1016,,0,0,algumas nuvens,17.95,-23.501223,-46.683717,2023-05-03 00:42:47,falso,722.4,Freguesia do Ó,0,0,1.64024698734283
-46.683717,-23.501223,743,19.56,93,1019,,0,0,névoa,18.4,-23.501223,-46.683717,2023-05-04 07:19:01,falso,722.4,Freguesia do Ó,0,0,1.64024698734283
-46.683717,-23.501223,744,20.19,89,1021,,0,0,algumas nuvens,18.32,-23.501223,-46.683717,2023-05-05 06:59:32,falso,722.4,Freguesia do Ó,0,0,1.64024698734283
-46.683717,-23.501223,745,21.32,83,1020,,0,0,nublado,18.32,-23.501223,-46.683717,2023-05-06 23:43:30,falso,722.4,Freguesia do Ó,0,0,1.64024698734283
-46.683717,-23.501223,746,20.89,79,1018,,0,0,névoa,17.11,-23.501223,-46.683717,2023-05-07 19:45:35,falso,722.4,Freguesia do Ó,0,0,1.64024698734283
-46.683717,-23.501223,747,20.2,87,1018,,0,0,céu limpo,17.97,-23.501223,-46.683717,2023-05-08 04:06:33,falso,722.4,Freguesia do Ó,0,0,1.64024698734283
-46.683717,-23.501223,748,26.97,63,1017,,0,0,nublado,19.33,-23.501223,-46.683717,2023-05-09 13:53:04,falso,722.4,Freguesia do Ó,0,0,1.64024698734283
-46.683717,-23.501223,749,18.23,95,1017,,0,4,névoa,17.42,-23.501223,-46.683717,2023-05-10 22:01:13,falso,722.4,Freguesia do Ó,0,1,1.64024698734283
-46.675745,-23.50471,750,21.97,84,1014,,0.41,1,chuva leve,19.14,-23.50471,-46.675745,2023-05-01 15:58:25,falso,721.6,Freguesia do Ó,0,0.41,0.328135460615158
-46.675745,-23.50471,751,23.96,68,1015,,0.11,2,chuva leve,17.69,-23.50471,-46.675745,2023-05-02 11:59:46,falso,721.6,Freguesia do Ó,0,0.23,0.328135460615158
-46.675745,-23.50471,752,24.4,86,1017,,0,0,nuvens dispersas,21.91,-23.50471,-46.675745,2023-05-03 11:13:47,falso,721.6,Freguesia do Ó,0,0,0.328135460615158
-46.675745,-23.50471,753,21.93,77,1020,,0,0,céu limpo,17.72,-23.50471,-46.675745,2023-05-04 23:03:36,falso,721.6,Freguesia do Ó,0,0,0.328135460615158
-46.675745,-23.50471,754,26.96,53,1017,,0,0,algumas nuvens,16.57,-23.50471,-46.675745,2023-05-05 15:12:39,falso,721.6,Freguesia do Ó,0,0,0.328135460615158
-46.675745,-23.50471,755,25.62,56,1017,,0,0,algumas nuvens,16.2,-23.50471,-46.675745,2023-05-06 16:21:11,falso,721.6,Freguesia do Ó,0,0,0.328135460615158
-46.675745,-23.50471,756,26.14,60,1017,,0,0,céu limpo,17.77,-23.50471,-46.675745,2023-05-07 13:03:39,falso,721.6,Freguesia do Ó,0,0,0.328135460615158
-46.675745,-23.50471,757,20.26,88,1018,,0,0,céu limpo,18.21,-23.50471,-46.675745,2023-05-08 02:41:14,falso,721.6,Freguesia do Ó,0,0,0.328135460615158
-46.675745,-23.50471,758,21.41,88,1020,,0,0,chuva leve,19.34,-23.50471,-46.675745,2023-05-09 21:52:04,falso,721.6,Freguesia do Ó,0,0,0.328135460615158
-46.675745,-23.50471,759,20.82,85,1018,,0,0,nublado,18.21,-23.50471,-46.675745,2023-05-10 01:43:37,falso,721.6,Freguesia do Ó,0,0,0.328135460615158
-46.676904,-23.481944,760,21.88,68,1019,,0,0,céu limpo,15.71,-23.481944,-46.676904,2023-05-01 10:25:09,falso,730.72,Freguesia do Ó,0,0,1.18295407295227
-46.676904,-23.481944,761,18.6,94,1016,,0,0,névoa,17.62,-23.481944,-46.676904,2023-05-02 06:07:43,falso,730.72,Freguesia do Ó,0,0,1.18295407295227
-46.676904,-23.481944,762,26.52,51,1014,,0,0,nuvens dispersas,15.57,-23.481944,-46.676904,2023-05-03 14:17:53,falso,730.72,Freguesia do Ó,0,0,1.18295407295227
-46.676904,-23.481944,763,22.1,80,1019,,0,0,céu limpo,18.49,-23.481944,-46.676904,2023-05-04 21:37:33,falso,730.72,Freguesia do Ó,0,0,1.18295407295227
-46.676904,-23.481944,764,19.07,90,1019,,0,0,névoa,17.39,-23.481944,-46.676904,2023-05-05 05:36:14,falso,730.72,Freguesia do Ó,0,0,1.18295407295227
-46.676904,-23.481944,765,25.7,59,1017,,0,0,céu limpo,17.09,-23.481944,-46.676904,2023-05-06 15:13:41,falso,730.72,Freguesia do Ó,0,0,1.18295407295227
-46.676904,-23.481944,766,26.84,56,1016,,0,0,algumas nuvens,17.33,-23.481944,-46.676904,2023-05-07 14:25:31,falso,730.72,Freguesia do Ó,0,0,1.18295407295227
-46.676904,-23.481944,767,23.6,62,1017,,0,0,nuvens dispersas,15.9,-23.481944,-46.676904,2023-05-08 18:34:12,falso,730.72,Freguesia do Ó,0,0,1.18295407295227
-46.676904,-23.481944,768,19.61,87,1018,,0,0,nublado,17.39,-23.481944,-46.676904,2023-05-09 07:00:37,falso,730.72,Freguesia do Ó,0,0,1.18295407295227
-46.676904,-23.481944,769,20.73,85,1018,,0,0,nublado,18.12,-23.481944,-46.676904,2023-05-10 01:43:44,falso,730.72,Freguesia do Ó,0,0,1.18295407295227
-46.690638,-23.501357,770,20.94,87,1016,,0,0,nublado,18.7,-23.501357,-46.690638,2023-05-01 19:40:48,falso,744.8,Freguesia do Ó,0,0,11.4956245422363
-46.690638,-23.501357,771,20.3,82,1017,,0,0,névoa,17.13,-23.501357,-46.690638,2023-05-02 23:29:47,falso,744.8,Freguesia do Ó,0,0,11.4956245422363
-46.690638,-23.501357,772,24.55,72,1016,,0,0,céu limpo,19.17,-23.501357,-46.690638,2023-05-03 11:31:47,falso,744.8,Freguesia do Ó,0,0,11.4956245422363
-46.690638,-23.501357,773,22.13,81,1019,,0,0,céu limpo,18.72,-23.501357,-46.690638,2023-05-04 22:29:19,falso,744.8,Freguesia do Ó,0,0,11.4956245422363
-46.690638,-23.501357,774,21.67,88,1021,,0,0,nublado,19.6,-23.501357,-46.690638,2023-05-05 20:35:47,falso,744.8,Freguesia do Ó,0,0,11.4956245422363
-46.690638,-23.501357,775,21.36,81,1019,,0,0,nublado,17.97,-23.501357,-46.690638,2023-05-06 18:56:12,falso,744.8,Freguesia do Ó,0,0,11.4956245422363
-46.690638,-23.501357,776,20.82,83,1020,,0,0,algumas nuvens,17.83,-23.501357,-46.690638,2023-05-07 10:21:38,falso,744.8,Freguesia do Ó,0,0,11.4956245422363
-46.690638,-23.501357,777,26.36,52,1016,,0,0,céu limpo,15.72,-23.501357,-46.690638,2023-05-08 17:06:43,falso,744.8,Freguesia do Ó,0,0,11.4956245422363
-46.690638,-23.501357,778,21.23,81,1018,,0,0,nublado,17.84,-23.501357,-46.690638,2023-05-09 01:21:43,falso,744.8,Freguesia do Ó,0,0,11.4956245422363
-46.690638,-23.501357,779,21.67,86,1016,,0,2,nublado,19.23,-23.501357,-46.690638,2023-05-10 15:02:14,falso,744.8,Freguesia do Ó,0,0.14,11.4956245422363
-46.6071,-23.5725,780,20.42,88,1017,,0,0,nublado,18.37,-23.5725,-46.6071,2023-05-01 21:10:09,falso,726.46,Ipiranga,0,0,1.67271196842194
-46.6071,-23.5725,781,23.04,76,1014,,0,4,nublado,18.58,-23.5725,-46.6071,2023-05-02 16:07:02,falso,726.46,Ipiranga,0,0.58,1.67271196842194
-46.6071,-23.5725,782,23.02,72,1017,,0,0,algumas nuvens,17.7,-23.5725,-46.6071,2023-05-03 11:08:02,falso,726.46,Ipiranga,0,0,1.67271196842194
-46.6071,-23.5725,783,23.67,67,1018,,0,0,céu limpo,17.18,-23.5725,-46.6071,2023-05-04 18:52:35,falso,726.46,Ipiranga,0,0,1.67271196842194
-46.6071,-23.5725,784,21.43,84,1022,,0,0,nublado,18.61,-23.5725,-46.6071,2023-05-05 08:50:33,falso,726.46,Ipiranga,0,0,1.67271196842194
-46.6071,-23.5725,785,21.6,82,1021,,0,0,nublado,18.4,-23.5725,-46.6071,2023-05-06 11:10:19,falso,726.46,Ipiranga,0,0,1.67271196842194
-46.6071,-23.5725,786,18.99,88,1020,,0,0,névoa,16.96,-23.5725,-46.6071,2023-05-07 07:53:53,falso,726.46,Ipiranga,0,0,1.67271196842194
-46.6071,-23.5725,787,22.57,79,1018,,0,0,céu limpo,18.75,-23.5725,-46.6071,2023-05-08 21:58:34,falso,726.46,Ipiranga,0,0,1.67271196842194
-46.6071,-23.5725,788,20.43,87,1018,,0,0,nublado,18.19,-23.5725,-46.6071,2023-05-09 05:20:35,falso,726.46,Ipiranga,0,0,1.67271196842194
-46.6071,-23.5725,789,19.53,95,1018,,0,0,nublado,18.71,-23.5725,-46.6071,2023-05-10 03:23:57,falso,726.46,Ipiranga,0,0,1.67271196842194
-46.6046,-23.583,790,24.7,63,1014,,0,4,nublado,17.19,-23.583,-46.6046,2023-05-01 15:27:36,falso,743.85,Ipiranga,0,0.11,8.051025390625
-46.6046,-23.583,791,19.57,89,1017,,0,0,céu limpo,17.71,-23.583,-46.6046,2023-05-02 01:23:27,falso,743.85,Ipiranga,0,0,8.051025390625
-46.6046,-23.583,792,19.57,88,1016,,0,0,céu limpo,17.53,-23.583,-46.6046,2023-05-03 01:46:24,falso,743.85,Ipiranga,0,0,8.051025390625
-46.6046,-23.583,793,26.98,49,1017,,0,0,nuvens dispersas,15.36,-23.583,-46.6046,2023-05-04 13:06:13,falso,743.85,Ipiranga,0,0,8.051025390625
-46.6046,-23.583,794,19.91,87,1019,,0,0,nublado,17.68,-23.583,-46.6046,2023-05-05 04:22:15,falso,743.85,Ipiranga,0,0,8.051025390625
-46.6046,-23.583,795,22.78,74,1020,,0,0,nublado,17.91,-23.583,-46.6046,2023-05-06 11:55:55,falso,743.85,Ipiranga,0,0,8.051025390625
-46.6046,-23.583,796,20.25,88,1018,,0,0,névoa,18.2,-23.583,-46.6046,2023-05-07 21:07:55,falso,743.85,Ipiranga,0,0,8.051025390625
-46.6046,-23.583,797,20.3,86,1018,,0,0,céu limpo,17.88,-23.583,-46.6046,2023-05-08 03:36:06,falso,743.85,Ipiranga,0,0,8.051025390625
-46.6046,-23.583,798,22.07,80,1017,,0,0,nublado,18.46,-23.583,-46.6046,2023-05-09 15:56:45,falso,743.85,Ipiranga,0,0,8.051025390625
-46.6046,-23.583,799,19.19,93,1019,,2.79,4,chuva moderada,18.03,-23.583,-46.6046,2023-05-10 07:12:35,falso,743.85,Ipiranga,0,6.44,8.051025390625
-46.6028,-23.5878,800,25.65,59,1017,,0.11,1,chuva leve,17.05,-23.5878,-46.6028,2023-05-01 12:14:58,falso,738.73,Ipiranga,0,0.11,2.70389485359192
-46.6028,-23.5878,801,19.49,90,1017,,0,0,névoa,17.81,-23.5878,-46.6028,2023-05-02 21:20:40,falso,738.73,Ipiranga,0,0,2.70389485359192
-46.6028,-23.5878,802,20.27,89,1017,,0,0,nublado,18.4,-23.5878,-46.6028,2023-05-03 22:04:54,falso,738.73,Ipiranga,0,0,2.70389485359192
-46.6028,-23.5878,803,19.54,89,1017,,0,0,nublado,17.68,-23.5878,-46.6028,2023-05-04 04:58:16,falso,738.73,Ipiranga,0,0,2.70389485359192
-46.6028,-23.5878,804,20.93,84,1022,,0,0,nublado,18.13,-23.5878,-46.6028,2023-05-05 08:30:36,falso,738.73,Ipiranga,0,0,2.70389485359192
-46.6028,-23.5878,805,20.5,84,1020,,0,0,nublado,17.7,-23.5878,-46.6028,2023-05-06 20:42:57,falso,738.73,Ipiranga,0,0,2.70389485359192
-46.6028,-23.5878,806,18.87,86,1018,,0,0,nublado,16.48,-23.5878,-46.6028,2023-05-07 04:41,falso,738.73,Ipiranga,0,0,2.70389485359192
-46.6028,-23.5878,807,20.27,85,1018,,0,0,céu limpo,17.67,-23.5878,-46.6028,2023-05-08 02:38:21,falso,738.73,Ipiranga,0,0,2.70389485359192
-46.6028,-23.5878,808,20.61,84,1018,,0,0,algumas nuvens,17.81,-23.5878,-46.6028,2023-05-09 03:11:15,falso,738.73,Ipiranga,0,0,2.70389485359192
-46.6028,-23.5878,809,17.43,94,1017,,0.29,3,chuva leve,16.45,-23.5878,-46.6028,2023-05-10 20:22:14,falso,738.73,Ipiranga,0,1.41,2.70389485359192
-46.6064,-23.5769,810,19.68,89,1017,,0,0,nublado,17.82,-23.5769,-46.6064,2023-05-01 01:53:21,falso,734.58,Ipiranga,0,0,0.656249403953552
-46.6064,-23.5769,811,19.68,89,1017,,0,0,céu limpo,17.82,-23.5769,-46.6064,2023-05-02 01:13:04,falso,734.58,Ipiranga,0,0,0.656249403953552
-46.6064,-23.5769,812,22.92,73,1015,,0,0,nuvens dispersas,17.83,-23.5769,-46.6064,2023-05-03 17:28:06,falso,734.58,Ipiranga,0,0,0.656249403953552
-46.6064,-23.5769,813,21.7,83,1019,,0,0,céu limpo,18.69,-23.5769,-46.6064,2023-05-04 21:23:50,falso,734.58,Ipiranga,0,0,0.656249403953552
-46.6064,-23.5769,814,19.33,89,1021,,0,0,algumas nuvens,17.47,-23.5769,-46.6064,2023-05-05 08:04:40,falso,734.58,Ipiranga,0,0,0.656249403953552
-46.6064,-23.5769,815,20.56,86,1020,,0,0,nublado,18.14,-23.5769,-46.6064,2023-05-06 23:38:50,falso,734.58,Ipiranga,0,0,0.656249403953552
-46.6064,-23.5769,816,21.97,87,1018,,0,0,céu limpo,19.71,-23.5769,-46.6064,2023-05-07 18:30:46,falso,734.58,Ipiranga,0,0,0.656249403953552
-46.6064,-23.5769,817,26.97,53,1017,,0,0,nuvens dispersas,16.58,-23.5769,-46.6064,2023-05-08 13:13:27,falso,734.58,Ipiranga,0,0,0.656249403953552
-46.6064,-23.5769,818,20.6,84,1019,,0,0,algumas nuvens,17.8,-23.5769,-46.6064,2023-05-09 07:49:33,falso,734.58,Ipiranga,0,0,0.656249403953552
-46.6064,-23.5769,819,17.56,95,1017,,0,4,névoa,16.75,-23.5769,-46.6064,2023-05-10 22:01:32,falso,734.58,Ipiranga,0,1.3,0.656249403953552
-46.5988,-23.5918,820,19.75,86,1017,,0,0,algumas nuvens,17.34,-23.5918,-46.5988,2023-05-01 23:40:17,falso,733.9,Ipiranga,0,0,0.464048534631729
-46.5988,-23.5918,821,19.76,89,1016,,0,0,névoa,17.9,-23.5918,-46.5988,2023-05-02 20:07:26,falso,733.9,Ipiranga,0,0,0.464048534631729
-46.5988,-23.5918,822,22.48,83,1015,,0,0,nuvens dispersas,19.45,-23.5918,-46.5988,2023-05-03 16:35:59,falso,733.9,Ipiranga,0,0,0.464048534631729
-46.5988,-23.5918,823,27.18,44,1016,,0,0,céu limpo,13.88,-23.5918,-46.5988,2023-05-04 16:45:28,falso,733.9,Ipiranga,0,0,0.464048534631729
-46.5988,-23.5918,824,20.68,84,1019,,0,0,nublado,17.88,-23.5918,-46.5988,2023-05-05 03:02:59,falso,733.9,Ipiranga,0,0,0.464048534631729
-46.5988,-23.5918,825,19.6,92,1020,,0,0,nuvens dispersas,18.26,-23.5918,-46.5988,2023-05-06 05:10:26,falso,733.9,Ipiranga,0,0,0.464048534631729
-46.5988,-23.5918,826,20.31,88,1018,,0,0,névoa,18.26,-23.5918,-46.5988,2023-05-07 21:20:18,falso,733.9,Ipiranga,0,0,0.464048534631729
-46.5988,-23.5918,827,21.74,81,1018,,0,0,nublado,18.34,-23.5918,-46.5988,2023-05-08 23:51:20,falso,733.9,Ipiranga,0,0,0.464048534631729
-46.5988,-23.5918,828,20.8,86,1018,,0,0,nublado,18.37,-23.5918,-46.5988,2023-05-09 17:47:38,falso,733.9,Ipiranga,0,0,0.464048534631729
-46.5988,-23.5918,829,17.18,95,1017,,0,4,névoa,16.37,-23.5918,-46.5988,2023-05-10 21:50:13,falso,733.9,Ipiranga,0,1.3,0.464048534631729
-46.6067,-23.5676,830,24.06,64,1018,,0,0,algumas nuvens,16.83,-23.5676,-46.6067,2023-05-01 11:15:35,falso,727.41,Ipiranga,0,0,2.64366388320923
-46.6067,-23.5676,831,26.33,55,1014,,0.21,2,chuva leve,16.57,-23.5676,-46.6067,2023-05-02 13:56:57,falso,727.41,Ipiranga,0,0.44,2.64366388320923
-46.6067,-23.5676,832,26.12,57,1015,,0,0,nuvens dispersas,16.94,-23.5676,-46.6067,2023-05-03 13:09:54,falso,727.41,Ipiranga,0,0,2.64366388320923
-46.6067,-23.5676,833,23.7,67,1018,,0,0,céu limpo,17.21,-23.5676,-46.6067,2023-05-04 18:54:12,falso,727.41,Ipiranga,0,0,2.64366388320923
-46.6067,-23.5676,834,27.73,50,1018,,0,0,céu limpo,16.37,-23.5676,-46.6067,2023-05-05 13:37:04,falso,727.41,Ipiranga,0,0,2.64366388320923
-46.6067,-23.5676,835,20.88,83,1020,,0,0,nublado,17.89,-23.5676,-46.6067,2023-05-06 21:27:19,falso,727.41,Ipiranga,0,0,2.64366388320923
-46.6067,-23.5676,836,20.95,82,1020,,0,0,algumas nuvens,17.76,-23.5676,-46.6067,2023-05-07 10:03:34,falso,727.41,Ipiranga,0,0,2.64366388320923
-46.6067,-23.5676,837,23.31,70,1017,,0,0,nuvens dispersas,17.53,-23.5676,-46.6067,2023-05-08 18:44:32,falso,727.41,Ipiranga,0,0,2.64366388320923
-46.6067,-23.5676,838,21.26,89,1018,,0,0,nublado,19.37,-23.5676,-46.6067,2023-05-09 16:52:08,falso,727.41,Ipiranga,0,0,2.64366388320923
-46.6067,-23.5676,839,19.16,92,1018,,0.35,4,garoa de leve intensidade,17.83,-23.5676,-46.6067,2023-05-10 05:59:05,falso,727.41,Ipiranga,0,2.58,2.64366388320923
-46.68373,-23.499071,840,29.9,23,1017,,0,0,céu limpo,6.54,-23.499071,-46.68373,2024-09-01 13:10:16,falso,732.84,Casa Verde,0,0,4.30785942077637
-46.68373,-23.499071,841,17.97,86,1017,,0,0,névoa,15.6,-23.499071,-46.68373,2024-09-02 23:59:08,falso,732.84,Casa Verde,0,0,4.30785942077637
-46.68373,-23.499071,842,27.9,33,1015,,0,0,céu limpo,10.16,-23.499071,-46.68373,2024-09-03 18:19:59,falso,732.84,Casa Verde,0,0,4.30785942077637
-46.68373,-23.499071,843,31.1,22,1015,,0,0,céu limpo,6.9,-23.499071,-46.68373,2024-09-04 16:03:44,falso,732.84,Casa Verde,0,0,4.30785942077637
-46.68373,-23.499071,844,26.66,47,1016,,0,0,céu limpo,14.43,-23.499071,-46.68373,2024-09-05 15:05:30,falso,732.84,Casa Verde,0,0,4.30785942077637
-46.68373,-23.499071,845,17.72,85,1020,,0,0,névoa,15.17,-23.499071,-46.68373,2024-09-06 20:25:51,falso,732.84,Casa Verde,0,0,4.30785942077637
-46.68373,-23.499071,846,17.97,90,1019,,0,0,algumas nuvens,16.31,-23.499071,-46.68373,2024-09-07 02:42:25,falso,732.84,Casa Verde,0,0,4.30785942077637
-46.68373,-23.499071,847,21.87,81,1019,,0,0,céu limpo,18.46,-23.499071,-46.68373,2024-09-08 04:56:21,falso,732.84,Casa Verde,0,0,4.30785942077637
-46.68373,-23.499071,848,27.39,23,1017,,0,0,céu limpo,4.45,-23.499071,-46.68373,2024-09-09 19:17:24,falso,732.84,Casa Verde,0,0,4.30785942077637
-46.68373,-23.499071,849,30.9,28,1015,,0,0,nuvens dispersas,10.29,-23.499071,-46.68373,2024-09-10 12:58:14,falso,732.84,Casa Verde,0,0,4.30785942077637
-46.68373,-23.499071,850,24.19,51,1015,,0,0,céu limpo,13.42,-23.499071,-46.68373,2024-09-11 21:23:01,falso,732.84,Casa Verde,0,0,4.30785942077637
-46.68373,-23.499071,851,26.35,34,1016,,0,0,céu limpo,9.25,-23.499071,-46.68373,2024-09-12 00:14:18,falso,732.84,Casa Verde,0,0,4.30785942077637
-46.68373,-23.499071,852,21.86,50,1016,,0,0,neblina,10.98,-23.499071,-46.68373,2024-09-13 06:07:33,falso,732.84,Casa Verde,0,0,4.30785942077637
-46.68373,-23.499071,853,21.87,48,1014,,0,0,céu limpo,10.38,-23.499071,-46.68373,2024-09-14 03:21:36,falso,732.84,Casa Verde,0,0,4.30785942077637
-46.68373,-23.499071,854,19.64,83,1020,,0,0,nublado,16.67,-23.499071,-46.68373,2024-09-15 01:34:39,falso,732.84,Casa Verde,0,0,4.30785942077637
-46.68373,-23.499071,855,16.38,92,1022,,1.54,4,chuva moderada,15.08,-23.499071,-46.68373,2024-09-16 11:21:10,falso,732.84,Casa Verde,0,6.95,4.30785942077637
-46.68373,-23.499071,856,15.92,80,1021,,0,0,nublado,12.48,-23.499071,-46.68373,2024-09-17 14:42:04,falso,732.84,Casa Verde,0,0,4.30785942077637
-46.68373,-23.499071,857,16.92,79,1022,,0,0,nublado,13.26,-23.499071,-46.68373,2024-09-18 11:46:55,falso,732.84,Casa Verde,0,0,4.30785942077637
-46.68373,-23.499071,858,16.88,91,1017,,0,0,nublado,15.4,-23.499071,-46.68373,2024-09-19 04:36:50,falso,732.84,Casa Verde,0,0,4.30785942077637
-46.68373,-23.499071,859,30.83,38,1011,,0,3,céu limpo,14.88,-23.499071,-46.68373,2024-09-20 17:01:59,falso,732.84,Casa Verde,0,1.26,4.30785942077637
-46.668402,-23.511279,860,15.28,76,1018,,0,0,céu limpo,11.08,-23.511279,-46.668402,2024-09-01 05:27:07,falso,723.58,Casa Verde,0,0,2.38750553131104
-46.668402,-23.511279,861,17.67,82,1016,,0,0,névoa,14.56,-23.511279,-46.668402,2024-09-02 19:53:37,falso,723.58,Casa Verde,0,0,2.38750553131104
-46.668402,-23.511279,862,17.49,87,1017,,0,0,nublado,15.3,-23.511279,-46.668402,2024-09-03 00:38:34,falso,723.58,Casa Verde,0,0,2.38750553131104
-46.668402,-23.511279,863,26.63,31,1017,,0,0,céu limpo,8.13,-23.511279,-46.668402,2024-09-04 20:08:43,falso,723.58,Casa Verde,0,0,2.38750553131104
-46.668402,-23.511279,864,20.01,68,1020,,0,0,nuvens dispersas,13.93,-23.511279,-46.668402,2024-09-05 11:04:11,falso,723.58,Casa Verde,0,0,2.38750553131104
-46.668402,-23.511279,865,21.15,68,1020,,0,0,nublado,15.02,-23.511279,-46.668402,2024-09-06 11:34:16,falso,723.58,Casa Verde,0,0,2.38750553131104
-46.668402,-23.511279,866,25.67,50,1017,,0,0,nuvens dispersas,14.48,-23.511279,-46.668402,2024-09-07 18:41:58,falso,723.58,Casa Verde,0,0,2.38750553131104
-46.668402,-23.511279,867,22.5,77,1018,,0,0,céu limpo,18.27,-23.511279,-46.668402,2024-09-08 02:51:16,falso,723.58,Casa Verde,0,0,2.38750553131104
-46.668402,-23.511279,868,21.39,73,1019,,0,0,céu limpo,16.35,-23.511279,-46.668402,2024-09-09 01:06:46,falso,723.58,Casa Verde,0,0,2.38750553131104
-46.668402,-23.511279,869,31.98,19,1013,,0,0,nuvens dispersas,5.5,-23.511279,-46.668402,2024-09-10 14:45:15,falso,723.58,Casa Verde,0,0,2.38750553131104
-46.668402,-23.511279,870,24.98,41,1018,,0,0,nublado,10.83,-23.511279,-46.668402,2024-09-11 09:06:20,falso,723.58,Casa Verde,0,0,2.38750553131104
-46.668402,-23.511279,871,23.43,43,1016,,0,0,céu limpo,10.15,-23.511279,-46.668402,2024-09-12 01:59:42,falso,723.58,Casa Verde,0,0,2.38750553131104
-46.668402,-23.511279,872,24.43,35,1016,,0,0,céu limpo,7.99,-23.511279,-46.668402,2024-09-13 01:13:37,falso,723.58,Casa Verde,0,0,2.38750553131104
-46.668402,-23.511279,873,24.29,49,1017,,0,0,céu limpo,12.9,-23.511279,-46.668402,2024-09-14 19:02:22,falso,723.58,Casa Verde,0,0,2.38750553131104
-46.668402,-23.511279,874,19.77,74,1021,,0.1,3,chuva leve,15.01,-23.511279,-46.668402,2024-09-15 11:19:19,falso,723.58,Casa Verde,0,0.32,2.38750553131104
-46.668402,-23.511279,875,16.39,90,1021,,0.23,4,chuva leve,14.75,-23.511279,-46.668402,2024-09-16 13:50:06,falso,723.58,Casa Verde,0,2.62,2.38750553131104
-46.668402,-23.511279,876,16.15,79,1022,,0,0,nublado,12.51,-23.511279,-46.668402,2024-09-17 17:28:15,falso,723.58,Casa Verde,0,0,2.38750553131104
-46.668402,-23.511279,877,15.83,86,1023,,0,0,nublado,13.49,-23.511279,-46.668402,2024-09-18 01:11:08,falso,723.58,Casa Verde,0,0,2.38750553131104
-46.668402,-23.511279,878,18.72,89,1017,,0,0,névoa,16.87,-23.511279,-46.668402,2024-09-19 19:04:11,falso,723.58,Casa Verde,0,0,2.38750553131104
-46.668402,-23.511279,879,22.5,73,1015,,0,0,céu limpo,17.42,-23.511279,-46.668402,2024-09-20 09:26:57,falso,723.58,Casa Verde,0,0,2.38750553131104
-46.685965,-23.502448,880,20.99,54,1016,,0,0,céu limpo,11.34,-23.502448,-46.685965,2024-09-01 22:11:43,falso,721.33,Casa Verde,0,0,1.18295407295227
-46.685965,-23.502448,881,24.99,53,1013,,0,0,nublado,14.75,-23.502448,-46.685965,2024-09-02 14:58:04,falso,721.33,Casa Verde,0,0,1.18295407295227
-46.685965,-23.502448,882,22.04,64,1018,,0,0,céu limpo,14.92,-23.502448,-46.685965,2024-09-03 22:48:21,falso,721.33,Casa Verde,0,0,1.18295407295227
-46.685965,-23.502448,883,21.44,73,1016,,0,0,céu limpo,16.4,-23.502448,-46.685965,2024-09-04 02:49:39,falso,721.33,Casa Verde,0,0,1.18295407295227
-46.685965,-23.502448,884,21.4,60,1015,,0,0,neblina,13.32,-23.502448,-46.685965,2024-09-05 06:22:49,falso,721.33,Casa Verde,0,0,1.18295407295227
-46.685965,-23.502448,885,18.03,83,1019,,0,0,nublado,15.1,-23.502448,-46.685965,2024-09-06 19:16:34,falso,721.33,Casa Verde,0,0,1.18295407295227
-46.685965,-23.502448,886,31.99,33,1016,,0,0,céu limpo,13.72,-23.502448,-46.685965,2024-09-07 13:32:27,falso,721.33,Casa Verde,0,0,1.18295407295227
-46.685965,-23.502448,887,31.01,37,1020,,0,0,nuvens dispersas,14.62,-23.502448,-46.685965,2024-09-08 11:45:38,falso,721.33,Casa Verde,0,0,1.18295407295227
-46.685965,-23.502448,888,24.17,65,1020,,0,0,neblina,17.18,-23.502448,-46.685965,2024-09-09 07:48:12,falso,721.33,Casa Verde,0,0,1.18295407295227
-46.685965,-23.502448,889,32.57,25,1013,,0,0,nuvens dispersas,10.01,-23.502448,-46.685965,2024-09-10 15:55:20,falso,721.33,Casa Verde,0,0,1.18295407295227
-46.685965,-23.502448,890,18.32,56,1014,,0,0,nublado,9.4,-23.502448,-46.685965,2024-09-11 04:27:47,falso,721.33,Casa Verde,0,0,1.18295407295227
-46.685965,-23.502448,891,20.85,61,1018,,0,0,céu limpo,13.06,-23.502448,-46.685965,2024-09-12 06:59:43,falso,721.33,Casa Verde,0,0,1.18295407295227
-46.685965,-23.502448,892,31.02,29,1016,,0,0,céu limpo,10.91,-23.502448,-46.685965,2024-09-13 12:20:52,falso,721.33,Casa Verde,0,0,1.18295407295227
-46.685965,-23.502448,893,29.51,37,1014,,0,0,céu limpo,13.3,-23.502448,-46.685965,2024-09-14 14:33:33,falso,721.33,Casa Verde,0,0,1.18295407295227
-46.685965,-23.502448,894,18.03,85,1018,,0,2,nublado,15.47,-23.502448,-46.685965,2024-09-15 16:20:15,falso,721.33,Casa Verde,0,0.1,1.18295407295227
-46.685965,-23.502448,895,15.74,91,1022,,0.21,4,chuva leve,14.28,-23.502448,-46.685965,2024-09-16 17:20:28,falso,721.33,Casa Verde,0,0.96,1.18295407295227
-46.685965,-23.502448,896,15.44,85,1023,,0,0,nublado,12.93,-23.502448,-46.685965,2024-09-17 21:23:28,falso,721.33,Casa Verde,0,0,1.18295407295227
-46.685965,-23.502448,897,20.85,75,1021,,0,0,nublado,16.26,-23.502448,-46.685965,2024-09-18 13:29:09,falso,721.33,Casa Verde,0,0,1.18295407295227
-46.685965,-23.502448,898,17.51,90,1019,,0,0,nublado,15.85,-23.502448,-46.685965,2024-09-19 00:05:28,falso,721.33,Casa Verde,0,0,1.18295407295227
-46.685965,-23.502448,899,18.06,96,1017,,0,0,algumas nuvens,17.41,-23.502448,-46.685965,2024-09-20 00:47:31,falso,721.33,Casa Verde,0,0,1.18295407295227
-46.676012,-23.505935,900,20.86,53,1016,,0,0,céu limpo,10.94,-23.505935,-46.676012,2024-09-01 22:11:32,falso,719.93,Casa Verde,0,0,3.10994267463684
-46.676012,-23.505935,901,23.97,55,1016,,0,0,nublado,14.38,-23.505935,-46.676012,2024-09-02 11:19:43,falso,719.93,Casa Verde,0,0,3.10994267463684
-46.676012,-23.505935,902,27.96,31,1015,,0,0,céu limpo,9.28,-23.505935,-46.676012,2024-09-03 18:16:49,falso,719.93,Casa Verde,0,0,3.10994267463684
-46.676012,-23.505935,903,30.97,22,1016,,0,0,céu limpo,6.79,-23.505935,-46.676012,2024-09-04 13:29:18,falso,719.93,Casa Verde,0,0,3.10994267463684
-46.676012,-23.505935,904,20.52,71,1019,,0,0,neblina,15.09,-23.505935,-46.676012,2024-09-05 09:00:59,falso,719.93,Casa Verde,0,0,3.10994267463684
-46.676012,-23.505935,905,18.26,82,1020,,0,0,nublado,15.14,-23.505935,-46.676012,2024-09-06 22:09:25,falso,719.93,Casa Verde,0,0,3.10994267463684
-46.676012,-23.505935,906,23.61,76,1019,,0,0,algumas nuvens,19.13,-23.505935,-46.676012,2024-09-07 22:32:36,falso,719.93,Casa Verde,0,0,3.10994267463684
-46.676012,-23.505935,907,26.93,66,1022,,0,0,neblina,20.04,-23.505935,-46.676012,2024-09-08 09:07:04,falso,719.93,Casa Verde,0,0,3.10994267463684
-46.676012,-23.505935,908,21.37,73,1019,,0,0,neblina,16.33,-23.505935,-46.676012,2024-09-09 06:54:15,falso,719.93,Casa Verde,0,0,3.10994267463684
-46.676012,-23.505935,909,30.37,26,1013,,0,0,algumas nuvens,8.73,-23.505935,-46.676012,2024-09-10 16:56:50,falso,719.93,Casa Verde,0,0,3.10994267463684
-46.676012,-23.505935,910,32.21,25,1013,,0,0,céu limpo,9.7,-23.505935,-46.676012,2024-09-11 15:30:44,falso,719.93,Casa Verde,0,0,3.10994267463684
-46.676012,-23.505935,911,19.16,64,1017,,0,0,céu limpo,12.19,-23.505935,-46.676012,2024-09-12 05:49:17,falso,719.93,Casa Verde,0,0,3.10994267463684
-46.676012,-23.505935,912,20.82,56,1016,,0,0,céu limpo,11.73,-23.505935,-46.676012,2024-09-13 02:39:51,falso,719.93,Casa Verde,0,0,3.10994267463684
-46.676012,-23.505935,913,22.48,49,1016,,0,0,céu limpo,11.25,-23.505935,-46.676012,2024-09-14 06:37:31,falso,719.93,Casa Verde,0,0,3.10994267463684
-46.676012,-23.505935,914,20.25,82,1020,,0,0,nublado,17.08,-23.505935,-46.676012,2024-09-15 04:14:21,falso,719.93,Casa Verde,0,0,3.10994267463684
-46.676012,-23.505935,915,16.93,93,1019,,0.42,4,chuva leve,15.79,-23.505935,-46.676012,2024-09-16 02:05:23,falso,719.93,Casa Verde,0,2.68,3.10994267463684
-46.676012,-23.505935,916,15.37,84,1023,,0,0,nublado,12.68,-23.505935,-46.676012,2024-09-17 19:47:59,falso,719.93,Casa Verde,0,0,3.10994267463684
-46.676012,-23.505935,917,17.47,88,1020,,0,0,névoa,15.46,-23.505935,-46.676012,2024-09-18 21:44:55,falso,719.93,Casa Verde,0,0,3.10994267463684
-46.676012,-23.505935,918,18.26,91,1018,,0,0,névoa,16.77,-23.505935,-46.676012,2024-09-19 22:38:16,falso,719.93,Casa Verde,0,0,3.10994267463684
-46.676012,-23.505935,919,18.04,94,1016,,0,0,nublado,17.06,-23.505935,-46.676012,2024-09-20 02:00:01,falso,719.93,Casa Verde,0,0,3.10994267463684
-46.653688,-23.515056,920,25.8,48,1019,,0,0,nublado,13.97,-23.515056,-46.653688,2024-09-01 09:30:28,falso,723.4,Casa Verde,0,0,8.88455104827881
-46.653688,-23.515056,921,23.74,40,1016,,0,0,céu limpo,9.35,-23.515056,-46.653688,2024-09-02 00:08,falso,723.4,Casa Verde,0,0,8.88455104827881
-46.653688,-23.515056,922,16.41,89,1016,,0,0,névoa,14.59,-23.515056,-46.653688,2024-09-03 04:01:15,falso,723.4,Casa Verde,0,0,8.88455104827881
-46.653688,-23.515056,923,21.76,69,1017,,0,0,céu limpo,15.83,-23.515056,-46.653688,2024-09-04 01:46:05,falso,723.4,Casa Verde,0,0,8.88455104827881
-46.653688,-23.515056,924,21.97,58,1017,,0,0,céu limpo,13.34,-23.515056,-46.653688,2024-09-05 17:05:07,falso,723.4,Casa Verde,0,0,8.88455104827881
-46.653688,-23.515056,925,18.94,76,1018,,0,0,nublado,14.62,-23.515056,-46.653688,2024-09-06 17:21:56,falso,723.4,Casa Verde,0,0,8.88455104827881
-46.653688,-23.515056,926,18.08,91,1019,,0,0,algumas nuvens,16.59,-23.515056,-46.653688,2024-09-07 03:01:30,falso,723.4,Casa Verde,0,0,8.88455104827881
-46.653688,-23.515056,927,29.04,45,1021,,0,0,nuvens dispersas,15.91,-23.515056,-46.653688,2024-09-08 11:29:50,falso,723.4,Casa Verde,0,0,8.88455104827881
-46.653688,-23.515056,928,21.97,67,1018,,0,0,céu limpo,15.57,-23.515056,-46.653688,2024-09-09 05:22:58,falso,723.4,Casa Verde,0,0,8.88455104827881
-46.653688,-23.515056,929,29.06,25,1013,,0,0,nuvens dispersas,7.05,-23.515056,-46.653688,2024-09-10 18:11:04,falso,723.4,Casa Verde,0,0,8.88455104827881
-46.653688,-23.515056,930,23.45,53,1015,,0,0,nublado,13.33,-23.515056,-46.653688,2024-09-11 01:39:41,falso,723.4,Casa Verde,0,0,8.88455104827881
-46.653688,-23.515056,931,30.01,23,1017,,0,0,céu limpo,6.64,-23.515056,-46.653688,2024-09-12 11:10:03,falso,723.4,Casa Verde,0,0,8.88455104827881
-46.653688,-23.515056,932,32.02,20,1013,,0,0,céu limpo,6.27,-23.515056,-46.653688,2024-09-13 14:26:05,falso,723.4,Casa Verde,0,0,8.88455104827881
-46.653688,-23.515056,933,28.01,46,1014,,0,0,céu limpo,15.32,-23.515056,-46.653688,2024-09-14 16:16:25,falso,723.4,Casa Verde,0,0,8.88455104827881
-46.653688,-23.515056,934,20.22,78,1020,,0,0,algumas nuvens,16.26,-23.515056,-46.653688,2024-09-15 00:16:53,falso,723.4,Casa Verde,0,0,8.88455104827881
-46.653688,-23.515056,935,15.28,90,1024,,0,4,nublado,13.65,-23.515056,-46.653688,2024-09-16 21:08:11,falso,723.4,Casa Verde,0,0.11,8.88455104827881
-46.653688,-23.515056,936,16.11,80,1022,,0,0,nublado,12.66,-23.515056,-46.653688,2024-09-17 17:29:23,falso,723.4,Casa Verde,0,0,8.88455104827881
-46.653688,-23.515056,937,15.83,86,1021,,0,0,algumas nuvens,13.49,-23.515056,-46.653688,2024-09-18 04:01:09,falso,723.4,Casa Verde,0,0,8.88455104827881
-46.653688,-23.515056,938,16.34,89,1018,,0,0,névoa,14.52,-23.515056,-46.653688,2024-09-19 06:39:46,falso,723.4,Casa Verde,0,0,8.88455104827881
-46.653688,-23.515056,939,18.08,94,1016,,0,0,nublado,17.1,-23.515056,-46.653688,2024-09-20 01:42:17,falso,723.4,Casa Verde,0,0,8.88455104827881
-46.653688,-23.515056,940,18,68,1020,,0,0,céu limpo,12.01,-23.515056,-46.653688,2024-09-01 08:10:43,falso,723.4,Casa Verde,0,0,8.88455104827881
-46.653688,-23.515056,941,18.94,76,1017,,0,0,céu limpo,14.62,-23.515056,-46.653688,2024-09-02 07:27:53,falso,723.4,Casa Verde,0,0,8.88455104827881
-46.653688,-23.515056,942,27.85,32,1015,,0,0,céu limpo,9.65,-23.515056,-46.653688,2024-09-03 18:00:15,falso,723.4,Casa Verde,0,0,8.88455104827881
-46.653688,-23.515056,943,19.24,83,1016,,0,0,céu limpo,16.28,-23.515056,-46.653688,2024-09-04 05:12:12,falso,723.4,Casa Verde,0,0,8.88455104827881
-46.653688,-23.515056,944,24.27,42,1016,,0,0,céu limpo,10.55,-23.515056,-46.653688,2024-09-05 00:12:55,falso,723.4,Casa Verde,0,0,8.88455104827881
-46.653688,-23.515056,945,16.48,83,1021,,0,0,nublado,13.59,-23.515056,-46.653688,2024-09-06 08:24:21,falso,723.4,Casa Verde,0,0,8.88455104827881
-46.653688,-23.515056,946,26.05,44,1017,,0,0,nuvens dispersas,12.86,-23.515056,-46.653688,2024-09-07 19:04:42,falso,723.4,Casa Verde,0,0,8.88455104827881
-46.653688,-23.515056,947,33.05,26,1018,,0,0,nuvens dispersas,11,-23.515056,-46.653688,2024-09-08 13:43:14,falso,723.4,Casa Verde,0,0,8.88455104827881
-46.653688,-23.515056,948,27,47,1020,,0,0,neblina,14.74,-23.515056,-46.653688,2024-09-09 09:41:12,falso,723.4,Casa Verde,0,0,8.88455104827881
-46.653688,-23.515056,949,24.74,48,1015,,0,0,nublado,13,-23.515056,-46.653688,2024-09-10 20:37:32,falso,723.4,Casa Verde,0,0,8.88455104827881
-46.653688,-23.515056,950,20.86,63,1014,,0,0,nublado,13.56,-23.515056,-46.653688,2024-09-11 03:31:39,falso,723.4,Casa Verde,0,0,8.88455104827881
-46.653688,-23.515056,951,31.29,21,1014,,0,0,céu limpo,6.38,-23.515056,-46.653688,2024-09-12 18:22:11,falso,723.4,Casa Verde,0,0,8.88455104827881
-46.653688,-23.515056,952,28.08,32,1017,,0,0,neblina,9.85,-23.515056,-46.653688,2024-09-13 10:21:35,falso,723.4,Casa Verde,0,0,8.88455104827881
-46.653688,-23.515056,953,27.8,44,1017,,0,0,céu limpo,14.44,-23.515056,-46.653688,2024-09-14 10:50:03,falso,723.4,Casa Verde,0,0,8.88455104827881
-46.653688,-23.515056,954,18.39,87,1018,,0,3,nublado,16.19,-23.515056,-46.653688,2024-09-15 17:11:19,falso,723.4,Casa Verde,0,0.1,8.88455104827881
-46.653688,-23.515056,955,16.32,90,1021,,0.23,4,chuva leve,14.68,-23.515056,-46.653688,2024-09-16 13:37:37,falso,723.4,Casa Verde,0,2.62,8.88455104827881
-46.653688,-23.515056,956,15.28,84,1023,,0,0,nublado,12.6,-23.515056,-46.653688,2024-09-17 19:35:34,falso,723.4,Casa Verde,0,0,8.88455104827881
-46.653688,-23.515056,957,15.81,87,1023,,0,0,nublado,13.65,-23.515056,-46.653688,2024-09-18 01:22:09,falso,723.4,Casa Verde,0,0,8.88455104827881
-46.653688,-23.515056,958,20.85,72,1018,,0,0,algumas nuvens,15.62,-23.515056,-46.653688,2024-09-19 11:13:57,falso,723.4,Casa Verde,0,0,8.88455104827881
-46.653688,-23.515056,959,32,37,1011,,0,0,céu limpo,15.5,-23.515056,-46.653688,2024-09-20 14:08:37,falso,723.4,Casa Verde,0,0,8.88455104827881
-46.699,-23.605,960,18.61,93,1010,,14.1,4,chuva forte,17.46,-23.605,-46.699,2023-01-04 19:47:00,verdadeiro,723.3,Butantã,36.9,38.23,5.48380661010742
-46.6926,-23.588,961,18.88,93,1010,,13.21,4,chuva forte,17.72,-23.588,-46.6926,2023-01-04 19:49:00,verdadeiro,719.85,Butantã,36.9,36.45,6.4855318069458
-46.7092,-23.571,962,19.31,90,1010,,8.89,4,chuva forte,17.63,-23.571,-46.7092,2023-01-04 20:07:00,verdadeiro,722.76,Butantã,36.9,29.34,0.733701109886169
-46.7449,-23.5378,963,18.9,92,1011,,7.11,4,chuva forte,17.57,-23.5378,-46.7449,2023-01-04 20:30:00,verdadeiro,718.84,Butantã,36.9,26.67,6.08080530166626
-46.6933,-23.5129,964,18.12,95,1011,,5.59,4,chuva forte,17.31,-23.5129,-46.6933,2023-01-04 20:40:00,verdadeiro,720.33,Lapa,35.2,23.12,4.19471979141235
-46.6905,-23.588,965,17.85,90,1012,,4.83,4,chuva forte,16.19,-23.588,-46.6905,2023-01-04 22:09:00,verdadeiro,719.87,Pinheiros,35.1,13.73,2.07442665100098
-46.6933,-23.5129,966,16.75,93,1013,,0.51,4,chuva leve,15.61,-23.5129,-46.6933,2023-01-05 09:01:00,verdadeiro,720.33,Lapa,12.4,2.5,4.19471979141235
-46.6784,-23.5126,967,16.91,96,1014,,0.71,4,chuva leve,16.27,-23.5126,-46.6784,2023-01-05 10:13:00,verdadeiro,719.75,Lapa,12.4,2.94,3.02248573303223
-46.6784,-23.5128,968,17.12,96,1015,,0.75,4,chuva forte,16.48,-23.5128,-46.6784,2023-01-05 11:35:00,verdadeiro,719.31,Lapa,12.4,2.9,1.91265225410461
-46.6905,-23.5881,969,17.07,92,1014,,0.71,4,chuva leve,15.76,-23.5881,-46.6905,2023-01-05 09:37:00,verdadeiro,720.39,Pinheiros,12,2.19,2.07442665100098
-46.6862,-23.5504,970,17.81,94,1014,,2.29,4,chuva moderada,16.83,-23.5504,-46.6862,2023-01-05 18:55:00,verdadeiro,763.28,Pinheiros,12,7,1.91265225410461
-46.6862,-23.5504,971,20.71,86,1014,,13.84,4,chuva forte,18.28,-23.5504,-46.6862,2023-01-10 18:55:00,verdadeiro,763.28,Pinheiros,27.3,34.29,1.91265225410461
-46.6086,-23.5663,972,20.43,97,1014,,0.97,4,chuva leve,19.94,-23.5663,-46.6086,2023-01-10 20:30:00,verdadeiro,727.09,Butantã,16.2,1.94,0.464048534631729
-46.7515,-23.6085,973,20.99,85,1014,,0,2,nublado,18.37,-23.6085,-46.7515,2023-01-12 11:01:00,verdadeiro,733.79,Butantã,3.5,0.15,0.733701109886169
-46.6874,-23.5982,974,21.3,85,1014,,0,2,nublado,18.68,-23.5982,-46.6874,2023-01-12 10:56:00,verdadeiro,722.34,Pinheiros,1.2,0.15,2.07442665100098
-46.6905,-23.588,975,19.45,91,1014,,8.25,4,chuva forte,17.94,-23.588,-46.6905,2023-01-14 03:27:00,verdadeiro,719.87,Pinheiros,3.5,17.77,2.07442665100098
-46.693,-23.5899,976,19.44,91,1014,,8.25,4,chuva forte,17.93,-23.5899,-46.693,2023-01-14 03:29:00,verdadeiro,720.19,Pinheiros,3.5,17.77,3.34257745742798
-46.6888,-23.5857,977,19.76,90,1013,,3.56,4,chuva moderada,18.07,-23.5857,-46.6888,2023-01-14 03:55:00,verdadeiro,720.12,Pinheiros,3.5,7.37,6.34523963928223
-46.6888,-23.5857,978,19.76,87,1012,,0.76,4,chuva leve,17.54,-23.5857,-46.6888,2023-01-14 04:32:00,verdadeiro,720.12,Pinheiros,3.5,1.94,6.34523963928223
-46.7835,-23.583,979,21.25,83,1013,,0.17,4,chuva leve,18.25,-23.583,-46.7835,2023-01-16 18:55:00,verdadeiro,746.74,Butantã,26.3,1.89,4.27048397064209
-46.7405,-23.5275,980,19,100,1013,,0.17,4,chuva leve,19,-23.5275,-46.7405,2023-01-16 19:04:00,verdadeiro,718.12,Lapa,35.8,1.89,1.91265225410461
-46.6933,-23.5129,981,26,78,1014,,0.28,4,chuva leve,21.87,-23.5129,-46.6933,2023-01-17 20:19:00,verdadeiro,720.33,Lapa,0.2,0.56,4.19471979141235
-46.6712,-23.5728,982,22.71,79,1015,,0,0,nublado,18.88,-23.5728,-46.6712,2023-01-19 22:52:00,verdadeiro,743.8,Pinheiros,3.5,0,4.14342880249023
-46.7373,-23.5306,983,22.52,83,1011,,0,3,trovoada com chuva fraca,19.49,-23.5306,-46.7373,2023-01-29 18:33:00,verdadeiro,718.76,Lapa,11.9,0.38,1.39190220832825
-46.6933,-23.5129,984,26.45,61,1011,,0,3,nublado,18.32,-23.5129,-46.6933,2023-01-29 18:42:00,verdadeiro,720.33,Lapa,11.9,0.38,4.19471979141235
-46.7306,-23.5313,985,21.91,94,1011,,0,3,trovoada com chuva,20.9,-23.5313,-46.7306,2023-01-29 19:00:00,verdadeiro,728.62,Lapa,11.9,0.38,4.19471979141235
-46.7335,-23.5282,986,21.97,94,1011,,0,3,trovoada com chuva,20.96,-23.5282,-46.7335,2023-01-29 19:02:00,verdadeiro,720.68,Lapa,11.9,0.38,3.7360565662384
-46.7335,-23.528,987,21.97,94,1011,,0,3,trovoada com chuva,20.96,-23.528,-46.7335,2023-01-29 19:02:00,verdadeiro,722.2,Lapa,11.9,0.38,1.31232666969299
-46.6933,-23.5129,988,20.81,92,1015,,0.46,4,chuva leve,19.46,-23.5129,-46.6933,2023-02-01 11:26:00,verdadeiro,720.33,Lapa,3.6,2.41,4.19471979141235
-46.6933,-23.5129,989,23.44,73,1013,,0.19,4,chuva leve,18.33,-23.5129,-46.6933,2023-02-01 22:02:00,verdadeiro,720.33,Lapa,3.6,1.77,4.19471979141235
-46.7105,-23.5795,990,21,92,1015,,9.4,4,chuva forte,19.65,-23.5795,-46.7105,2023-02-07 18:08:00,verdadeiro,730.47,Butantã,62.8,23.09,2.82047843933105
-46.678,-23.564,991,20.46,94,1015,,5.6,4,chuva forte,19.46,-23.564,-46.678,2023-02-07 18:12:00,verdadeiro,743.26,Pinheiros,54.5,16.26,7.61532068252563
-46.7395,-23.5962,992,21.19,91,1015,,5.6,4,chuva forte,19.66,-23.5962,-46.7395,2023-02-07 18:15:00,verdadeiro,740.7,Butantã,62.8,13.82,2.93240189552307
-46.6862,-23.5577,993,20.01,96,1015,,5.6,4,chuva forte,19.35,-23.5577,-46.6862,2023-02-07 18:24:00,verdadeiro,753.89,Pinheiros,54.5,16.79,6.02824258804321
-46.6823,-23.5266,994,20.03,98,1015,,5.6,4,chuva muito forte,19.7,-23.5266,-46.6823,2023-02-07 18:26:00,verdadeiro,725.02,Lapa,52.4,13.72,1.35270059108734
-46.7287,-23.5397,995,19.81,100,1015,,5.6,4,chuva forte,19.81,-23.5397,-46.7287,2023-02-07 18:27:00,verdadeiro,720.85,Pinheiros,54.5,13.72,1.99518501758575
-46.6688,-23.5711,996,20.13,96,1015,,5.6,4,chuva forte,19.47,-23.5711,-46.6688,2023-02-07 18:27:00,verdadeiro,743.49,Pinheiros,54.5,15.01,2.36490035057068
-46.7441,-23.566,997,20.03,96,1015,,1.5,4,chuva forte,19.37,-23.566,-46.7441,2023-02-07 18:30:00,verdadeiro,742.72,Butantã,62.8,5.14,8.81383991241455
-46.6661,-23.5715,998,20.31,94,1015,,1.5,4,chuva forte,19.31,-23.5715,-46.6661,2023-02-07 18:31:00,verdadeiro,742.5,Pinheiros,54.5,6.81,2.9506402015686
-46.6703,-23.5723,999,20.3,94,1015,,1.5,4,chuva forte,19.3,-23.5723,-46.6703,2023-02-07 18:38:00,verdadeiro,745.38,Pinheiros,54.5,6.81,4.2579517364502
-46.6741,-23.5195,1000,19.97,100,1015,,1.5,4,chuva moderada,19.97,-23.5195,-46.6741,2023-02-07 18:40:00,verdadeiro,720.25,Lapa,52.4,4.88,1.35270059108734
-46.6949,-23.5941,1001,20.39,94,1015,,1.5,4,chuva forte,19.39,-23.5941,-46.6949,2023-02-07 18:40:00,verdadeiro,727.33,Butantã,62.8,6.68,17.8878421783447
-46.6991,-23.6054,1002,20.34,94,1015,,1.5,4,chuva forte,19.34,-23.6054,-46.6991,2023-02-07 18:42:00,verdadeiro,723.18,Butantã,62.8,6.68,2.07442665100098
-46.6864,-23.5576,1003,19.76,100,1015,,1.5,4,chuva moderada,19.76,-23.5576,-46.6864,2023-02-07 18:44:00,verdadeiro,752.09,Pinheiros,54.5,6.68,3.37449097633362
-46.7403,-23.5273,1004,20,100,1015,,1.5,4,chuva moderada,20,-23.5273,-46.7403,2023-02-07 18:46:00,verdadeiro,719.56,Lapa,52.4,4.88,3.6195912361145
-46.6862,-23.5505,1005,19.59,100,1015,,1.5,4,chuva moderada,19.59,-23.5505,-46.6862,2023-02-07 18:52:00,verdadeiro,763.16,Pinheiros,54.5,8.46,0.656249403953552
-46.7323,-23.549,1006,19.99,100,1015,,1.5,4,chuva moderada,19.99,-23.549,-46.7323,2023-02-07 18:57:00,verdadeiro,719.4,Lapa,52.4,5.64,1.99518501758575
-46.6832,-23.5803,1007,20.4,94,1015,,1.5,4,"chuva forte, névoa",19.4,-23.5803,-46.6832,2023-02-07 19:01:00,verdadeiro,723.9,Pinheiros,54.59,10.74,6.7960786819458
-46.7413,-23.5329,1008,20.03,97,1015,,1.12,4,chuva moderada,19.54,-23.5329,-46.7413,2023-02-07 19:39:00,verdadeiro,718.56,Lapa,52.4,5.29,2.9506402015686
-46.7497,-23.5334,1009,20.16,92,1016,,2.29,4,chuva moderada,18.82,-23.5334,-46.7497,2023-02-07 21:41:00,verdadeiro,717.81,Lapa,52.4,6.11,2.78216338157654
-46.6942,-23.513,1010,20.6,95,1016,,1.52,4,chuva moderada,19.77,-23.513,-46.6942,2023-02-07 22:12:00,verdadeiro,719.9,Lapa,52.4,4.31,3.27780985832214
-46.7347,-23.5472,1011,20.08,91,1016,,1.52,4,chuva moderada,18.57,-23.5472,-46.7347,2023-02-07 22:22:00,verdadeiro,718.66,Lapa,52.4,4.31,1.99518501758575
-46.7312,-23.5773,1012,26.91,61,1011,,0.15,4,chuva leve,18.76,-23.5773,-46.7312,2023-02-12 17:43:00,verdadeiro,744.4,Pinheiros,40.5,6.85,4.45417881011963
-46.6779,-23.564,1013,21.51,89,1015,,33.02,4,chuva muito forte,19.62,-23.564,-46.6779,2023-02-18 17:20:00,verdadeiro,743.06,Pinheiros,55.9,92.71,8.84337615966797
-46.6803,-23.5568,1014,20.55,93,1015,,11.94,4,chuva forte,19.38,-23.5568,-46.6803,2023-02-18 17:41:00,verdadeiro,757.5,Pinheiros,55.9,28.87,3.54483652114868
-46.7304,-23.5763,1015,20.51,89,1015,,1.23,4,chuva moderada,18.63,-23.5763,-46.7304,2023-02-18 17:43:00,verdadeiro,740.34,Butantã,57,7.45,5.28619813919067
-46.7284,-23.5403,1016,20.71,93,1015,,1.23,4,chuva moderada,19.54,-23.5403,-46.7284,2023-02-18 17:54:00,verdadeiro,720.84,Pinheiros,55.9,4.66,2.70389485359192
-46.7015,-23.5797,1017,20.12,89,1015,,4.57,4,chuva forte,18.25,-23.5797,-46.7015,2023-02-18 18:49:00,verdadeiro,724.54,Butantã,57,9.56,4.19471979141235
-46.7047,-23.5725,1018,20.04,90,1016,,0.42,4,chuva leve,18.35,-23.5725,-46.7047,2023-02-18 20:12:00,verdadeiro,723.74,Butantã,57,1.19,3.6195912361145
-46.6889,-23.5857,1019,20.05,90,1016,,0,3,névoa,18.36,-23.5857,-46.6889,2023-02-18 20:54:00,verdadeiro,720.19,Pinheiros,55.9,0.62,6.34523963928223
-46.693,-23.5678,1020,19.89,89,1016,,0,3,mist,18.02,-23.5678,-46.693,2023-02-18 21:13:00,verdadeiro,731.97,Pinheiros,55.9,0.62,4.86640167236328
-46.6664,-23.5123,1021,22.75,87,1015,,3.3,4,chuva moderada,20.47,-23.5123,-46.6664,2023-02-20 20:56:00,verdadeiro,720.7,Lapa,12.3,9.9,1.35270059108734
-46.6823,-23.5265,1022,21.46,88,1016,,20.57,4,chuva muito forte,19.39,-23.5265,-46.6823,2023-02-21 21:30:00,verdadeiro,724.82,Lapa,15.3,50.54,2.62327790260315
-46.6823,-23.5265,1023,21.03,89,1016,,20.57,4,chuva muito forte,19.15,-23.5265,-46.6823,2023-02-21 21:36:00,verdadeiro,724.82,Lapa,15.3,50.54,2.62327790260315
-46.682,-23.5266,1024,24.24,83,1017,,0.84,4,chuva leve,21.17,-23.5266,-46.682,2023-02-22 17:51:00,verdadeiro,728.01,Lapa,3.8,7.39,2.56114077568054
-46.7123,-23.5591,1025,23.62,78,1016,,6.06,4,chuva forte,19.56,-23.5591,-46.7123,2023-02-23 18:20:00,verdadeiro,719.37,Lapa,13.1,12.83,5.28619813919067
-46.6935,-23.5129,1026,21.97,88,1017,,0.28,4,chuva forte,19.89,-23.5129,-46.6935,2023-02-23 19:25:00,verdadeiro,718.76,Lapa,13.1,1.7,3.02248573303223
-46.7487,-23.5228,1027,21.57,92,1017,,0.43,4,chuva leve,20.21,-23.5228,-46.7487,2023-02-23 20:28:00,verdadeiro,718.92,Lapa,13.1,1.57,3.52969360351562
-46.6887,-23.5857,1028,22.07,89,1016,,0.71,4,chuva forte,20.17,-23.5857,-46.6887,2023-02-23 20:43:00,verdadeiro,720.33,Pinheiros,36.7,1.42,5.08072853088379
-46.6709,-23.565,1029,22.61,84,1012,,3.3,4,chuva moderada,19.77,-23.565,-46.6709,2023-02-24 22:29:00,verdadeiro,747.92,Pinheiros,3.1,7.11,4.39381408691406
-46.6933,-23.5129,1030,20.63,92,1019,,13.72,4,chuva forte,19.28,-23.5129,-46.6933,2023-02-28 19:34:00,verdadeiro,720.33,Lapa,16.8,35.82,4.19471979141235
-46.6823,-23.5264,1031,18.92,99,1017,,0,0,nublado,18.92,-23.5264,-46.6823,2023-09-02 23:07:00,verdadeiro,724.87,Lapa,29.3,0,2.62327790260315
-46.7244,-23.5141,1032,19.52,98,1019,,0,3,chuva leve,19.2,-23.5141,-46.7244,2023-09-03 01:45:00,verdadeiro,719.98,Lapa,29.3,2.04,6.02824258804321
-46.6844,-23.6271,1033,21.23,96,1011,,1.49,4,Chuva Moderada,20.57,-23.6271,-46.6844,2025-02-01 08:28:00,verdadeiro,741.65,Santo Amaro,27.8,4.82,8.95466899871826
-46.7673,-23.6276,1034,22.32,95,1012,,1.2,3,Chuva Moderada,21.48,-23.6276,-46.7673,2025-02-02 20:13:00,verdadeiro,743.66,Campo Limpo,80,6.3,1.64024698734283
-46.77,-23.6637,1035,22.22,95,1012,,1.2,3,Chuva Moderada,21.38,-23.6637,-46.77,2025-02-02 20:24:00,verdadeiro,758.71,Campo Limpo,80,6.3,0.984320282936096
-46.7559,-23.6119,1036,21.56,98,1012,,2.79,4,Chuva Forte,21.23,-23.6119,-46.7559,2025-02-02 21:07:00,verdadeiro,737.93,Campo Limpo,80,14.95,2.31902623176575
-46.7682,-23.6818,1037,20.94,100,1012,,1.1,4,Chuva Moderada,20.94,-23.6818,-46.7682,2025-02-02 21:27:00,verdadeiro,807.69,MBoi Mirim,60.4,7.4,4.76674842834473
-46.7077,-23.6628,1038,22.35,95,1010,,2.35,4,Chuva Moderada,21.51,-23.6628,-46.7077,2025-02-02 18:56:00,verdadeiro,726.83,Santo Amaro,64.7,3.55,3.48386597633362
-46.7024,-23.6578,1039,21.27,96,1012,,13.72,4,Chuva Forte,20.61,-23.6578,-46.7024,2025-02-02 22:33:00,verdadeiro,736.43,Santo Amaro,64.7,25.33,3.42179822921753
-46.6067,-23.5676,1040,22.27,93,1011,,0.89,4,Chuva Forte,21.08,-23.5676,-46.6067,2025-02-02 17:34:00,verdadeiro,727.41,Ipiranga,27,12.31,2.64366388320923
-46.77,-23.6637,1041,31.32,79,1013,,0.3,3,chuva leve,27.24,-23.6637,-46.77,2025-02-06 15:30:00,verdadeiro,758.71,Campo Limpo,31,0.42,0.984320282936096
-46.7534,-23.6458,1042,31.28,45,1013,,0.26,4,chuva leve,17.93,-23.6458,-46.7534,2025-02-06 17:23:00,verdadeiro,743.29,Campo Limpo,31,0.68,3.98554301261902
-46.608,-23.5725,1043,20.68,97,1012,,4.97,4,Chuva Forte,20.19,-23.5725,-46.608,2025-02-14 14:36:00,verdadeiro,726.91,Ipiranga,24.9,7.72,0.984320282936096
-46.6515,-23.6003,1044,22.21,83,1012,,3.56,4,Chuva Moderada,19.19,-23.6003,-46.6515,2025-02-14 14:23:00,verdadeiro,748.89,Vila mariana,22.4,4.51,1.18295407295227
-46.6662,-23.6052,1045,21.29,94,1012,,3.4,4,Chuva Moderada,20.29,-23.6052,-46.6662,2025-02-14 14:31:00,verdadeiro,743.86,Vila mariana,22.4,7.73,7.53198862075806
-46.6453,-23.611,1046,21.11,94,1012,,3.4,4,Chuva Moderada,20.11,-23.611,-46.6453,2025-02-14 14:31:00,verdadeiro,760.08,Vila mariana,22.4,7.73,2.49744963645935
-46.6068,-23.5676,1047,23.14,80,1012,,1.5,2,Chuva Moderada,19.5,-23.5676,-46.6068,2025-02-18 15:10:00,verdadeiro,727.88,Ipiranga,36.3,1.89,2.64366388320923
-46.6068,-23.5676,1048,29.61,58,1015,,0.34,1,chuva leve,20.47,-23.5676,-46.6068,2025-02-27 14:34:00,verdadeiro,727.88,Ipiranga,5.8,0.34,2.64366388320923
-46.6719,-23.6121,1049,28.61,50,1010,,0.8,2,Chuva Leve,17.17,-23.6121,-46.6719,2024-01-08 15:16:00,verdadeiro,744.19,Santo Amaro,10.8,1.54,0.733701109886169
-46.6609,-23.6017,1050,28.57,50,1010,,0.8,2,Chuva Leve,17.14,-23.6017,-46.6609,2024-01-08 15:28:00,verdadeiro,751.25,Vila Mariana,30.5,1.54,7.75212335586548
-46.6644,-23.5901,1051,27.77,66,1010,,1.75,3,Chuva Moderada,20.84,-23.5901,-46.6644,2024-01-08 15:41:00,verdadeiro,742.88,Vila Mariana,30.5,3.29,3.66370439529419
-46.641,-23.569,1052,29.85,54,1011,,1.5,3,Chuva Moderada,19.54,-23.569,-46.641,2024-01-09 16:31:00,verdadeiro,792.45,Vila Mariana,19.7,2.93,6.4855318069458
-46.6644,-23.5901,1053,22.26,83,1012,,0.66,4,Chuva Leve,19.23,-23.5901,-46.6644,2024-01-09 17:53:00,verdadeiro,742.88,Vila Mariana,19.7,3.59,3.66370439529419
-46.6513,-23.5692,1054,27.04,69,1011,,1.5,3,Chuva Moderada,20.87,-23.5692,-46.6513,2024-01-09 16:55:00,verdadeiro,803.71,Vila Mariana,19.7,2.93,16.2791919708252
-46.6607,-23.6018,1055,22.25,83,1012,,0.66,4,Trovoada com chuva fraca,19.22,-23.6018,-46.6607,2024-01-09 18:09:00,verdadeiro,750.69,Vila Mariana,19.7,3.59,7.75212335586548
-46.6943,-23.6242,1056,26.92,68,1013,,0.49,4,Chuva Leve,20.51,-23.6242,-46.6943,2024-01-10 17:42:00,verdadeiro,726.2,Santo Amaro,61.1,2.29,2.56114077568054
-46.6821,-23.6171,1057,30.19,68,1012,,1.59,4,Chuva Moderada,23.63,-23.6171,-46.6821,2024-01-10 17:16:00,verdadeiro,738.81,Santo Amaro,61.1,1.9,1.85558569431305
-46.6972,-23.6074,1058,22.41,94,1016,,23.88,4,Trovoada com chuva,21.4,-23.6074,-46.6972,2024-01-10 21:45:00,verdadeiro,722.95,Santo Amaro,61.1,63.25,9.31356430053711
-46.6409,-23.5689,1059,22.24,94,1016,,24.51,1,Chuva Muito Forte,21.23,-23.5689,-46.6409,2024-01-10 21:31:00,verdadeiro,791.58,Vila Mariana,52.1,24.51,3.7360565662384
-46.7343,-23.6757,1060,22.94,86,1012,,0.27,4,Chuva Leve,20.47,-23.6757,-46.7343,2024-01-12 16:15:00,verdadeiro,751.13,Capela do Socorro,121.4,10.43,10.6252450942993
-46.6818,-23.6174,1061,21.47,94,1013,,39.37,4,Chuva Muito Forte,20.46,-23.6174,-46.6818,2024-01-12 18:09:00,verdadeiro,739.18,Santo Amaro,71.7,45,4.27048397064209
-46.6972,-23.6073,1062,21.65,96,1014,,7.37,4,Chuva Forte,20.98,-23.6073,-46.6972,2024-01-12 19:58:00,verdadeiro,723.07,Santo Amaro,71.7,31.38,8.22488880157471
-46.6819,-23.6174,1063,30.06,64,1010,,0.92,4,Chuva Leve,22.5,-23.6174,-46.6819,2024-01-19 15:06:00,verdadeiro,739.3,Santo Amaro,16.4,2.02,3.22837400436401
-46.6972,-23.6072,1064,30.5,67,1010,,0.92,4,Chuva Leve,23.68,-23.6072,-46.6972,2024-01-19 14:26:00,verdadeiro,722.62,Santo Amaro,16.4,1.99,8.22488880157471
-46.6066,-23.5677,1065,30.41,58,1011,,0.87,4,Chuva Leve,21.22,-23.5677,-46.6066,2024-01-19 15:13:00,verdadeiro,727.34,ipiranga,49.5,1.98,1.39190220832825
-46.6083,-23.6139,1066,30.27,58,1011,,0.87,4,Chuva Leve,21.09,-23.6139,-46.6083,2024-01-19 15:12:00,verdadeiro,747.18,ipiranga,49.5,1.98,1.67271196842194
-46.6573,-23.6429,1067,30.53,58,1010,,5.45,4,Chuva Forte,21.33,-23.6429,-46.6573,2024-01-19 15:20:00,verdadeiro,748.6,Jabaquara,40.6,6.8,3.7360565662384
-46.6233,-23.619,1068,29.81,58,1011,,0.87,4,Chuva Leve,20.66,-23.619,-46.6233,2024-01-19 15:24:00,verdadeiro,770.96,Vila Mariana,33,1.98,2.10017395019531
-46.6514,-23.6004,1069,28.42,58,1011,,0.37,4,Chuva Leve,19.36,-23.6004,-46.6514,2024-01-19 15:34:00,verdadeiro,748.27,Vila Mariana,33,1.96,1.18295407295227
-46.6281,-23.6189,1070,28.27,58,1011,,0.37,4,Chuva Leve,19.22,-23.6189,-46.6281,2024-01-19 12:57:00,verdadeiro,747.85,Vila Mariana,33,1.41,3.66370439529419
-46.6803,-23.771,1071,18.35,94,1016,,1.88,4,Chuva Moderada,17.37,-23.771,-46.6803,2024-01-23 09:11:00,verdadeiro,791.51,Capela do Socorro,21.5,6.74,5.62735319137573
-46.6973,-23.6072,1072,21.69,86,1013,,12.19,4,Chuva Forte,19.25,-23.6072,-46.6973,2024-01-27 15:54:00,verdadeiro,723.23,Santo Amaro,8.8,12.45,8.22488880157471
-46.6608,-23.6019,1073,17.25,94,1017,,0.14,1,Chuva Leve,16.28,-23.6019,-46.6608,2024-01-28 11:01:00,verdadeiro,751.04,Vila Mariana,21.7,0.14,8.17378044128418
-46.6273,-23.6382,1074,17.2,94,1016,,0.15,1,Chuva Leve,16.23,-23.6382,-46.6273,2024-01-28 11:07:00,verdadeiro,761.32,Vila Mariana,21.7,0.15,4.99612379074097
-46.6778,-23.693,1075,22.84,92,1014,,0.37,4,Chuva Leve,21.47,-23.693,-46.6778,2024-01-31 15:49:00,verdadeiro,731.26,Cidade Ademar,30,8.23,1.67271196842194
-46.6905,-23.6826,1076,25.64,82,1014,,2.27,4,Chuva Moderada,22.34,-23.6826,-46.6905,2024-01-31 15:11:00,verdadeiro,725.31,Santo Amaro,12.6,8.13,1.96805989742279
-46.7771,-23.6651,1077,21.22,94,1015,,0.64,1,Chuva Forte,20.22,-23.6651,-46.7771,2024-02-11 15:27:00,verdadeiro,774.54,Campo Limpo,27.8,0.64,3.09265065193176
-46.6623,-23.6378,1078,20.25,94,1015,,0.81,1,Chuva Moderada,19.25,-23.6378,-46.6623,2024-02-11 16:25:00,verdadeiro,743.88,Santo Amaro,40.6,0.81,8.46938514709473
-46.6926,-23.6838,1079,22.21,98,1015,,0.81,1,Chuva Leve,21.88,-23.6838,-46.6926,2024-02-11 16:12:00,verdadeiro,724.09,Santo Amaro,40.6,0.81,3.6195912361145
-46.6624,-23.6378,1080,20.81,92,1015,,0.13,1,Chuva Leve,19.46,-23.6378,-46.6624,2024-02-11 18:57:00,verdadeiro,743.9,Santo Amaro,40.6,0.13,9.0759859085083
-46.6211,-23.5896,1081,20.75,92,1016,,1.78,1,Chuva Moderada,19.4,-23.5896,-46.6211,2024-02-11 19:34:00,verdadeiro,735.8,Vila Mariana,20.9,1.78,3.98554301261902
-46.6943,-23.6244,1082,21.45,96,1012,,8.25,1,Trovoada Com Chuva Fraca,20.79,-23.6244,-46.6943,2024-06-11 17:44:00,verdadeiro,725.19,Santo Amaro,22.9,8.25,1.91265225410461
-46.6536,-23.5841,1083,21.26,95,1011,,25.02,1,Chuva Muito Forte,20.46,-23.5841,-46.6536,2024-06-11 17:11:00,verdadeiro,753.85,Vila Mariana,19.9,25.02,2.78216338157654
-46.6501,-23.5856,1084,21,95,1011,,1.02,1,Chuva Forte,20.17,-23.5856,-46.6501,2024-06-11 17:23:00,verdadeiro,760.86,Vila Mariana,19.9,1.02,3.48386597633362
-46.7046,-23.6158,1085,19.35,96,1009,,2.29,1,Chuva Moderada,18.7,-23.6158,-46.7046,2024-08-11 15:32:00,verdadeiro,739.73,Campo Limpo,53,2.29,7.33369398117065
-46.7528,-23.646,1086,22.72,91,1010,,1.74,1,Chuva Moderada,21.17,-23.646,-46.7528,2024-08-11 10:07:00,verdadeiro,740.96,Campo Limpo,53,1.74,0.464048534631729
-46.6629,-23.6377,1087,20.39,95,1009,,12.8,1,Chuva Forte,19.56,-23.6377,-46.6629,2024-08-11 12:02:00,verdadeiro,742.08,Santo Amaro,51.9,12.8,5.58944368362427
-46.658,-23.5815,1088,21.29,94,1010,,17.52,1,Chuva Muito Forte,20.29,-23.5815,-46.658,2024-08-11 12:14:00,verdadeiro,746.34,Vila Mariana,33,17.52,9.88082790374756
-46.6525,-23.587,1089,21.12,94,1010,,17.52,1,Chuva Muito Forte,20.12,-23.587,-46.6525,2024-08-11 12:13:00,verdadeiro,757.46,Vila Mariana,33,17.52,7.1591591835022
-46.733,-23.6343,1090,31.71,45,1009,,0.35,2,Chuva Moderada,18.32,-23.6343,-46.733,2024-11-28 15:15:00,verdadeiro,767.38,Campo Limpo,39.3,0.67,14.7723827362061
-46.7315,-23.6168,1091,29.93,67,1010,,1.16,3,Chuva Moderada,23.13,-23.6168,-46.7315,11/28/24 16:12:00,verdadeiro,814.85,Campo Limpo,39.3,1.8,4.2579517364502
-46.7611,-23.6533,1092,29.47,50,1009,,0.35,2,Chuva Leve,17.96,-23.6533,-46.7611,2024-11-28 15:29:00,verdadeiro,751.17,Campo Limpo,39.3,0.67,0.733701109886169
-46.7343,-23.6757,1093,26.94,97,1011,,0.27,3,Chuva Leve,26.94,-23.6757,-46.7343,11/28/24 16:00:00,verdadeiro,751.13,Capela do Socorro,28.9,0.94,10.6252450942993
-46.7221,-23.6696,1094,27.11,98,1011,,0.27,4,Chuva Leve,26.77,-23.6696,-46.7221,11/28/24 17:18:00,verdadeiro,725.06,Capela do Socorro,28.9,1.54,1.64024698734283
-46.7293,-23.6642,1095,26.54,98,1011,,0.27,4,Chuva Leve,26.2,-23.6642,-46.7293,11/28/24 17:24:00,verdadeiro,726.01,M' Boi Mirin ,23.3,1.54,2.36490035057068
-46.7306,-23.644,1096,21.76,92,1011,,1.78,4,Chuva Moderada,20.4,-23.644,-46.7306,11/28/24 17:38:00,verdadeiro,731.9,M' Boi Mirin ,23.3,3,7.53198862075806
-46.7088,-23.6612,1097,24.95,65,1011,,0.27,4,Chuva Moderada,17.92,-23.6612,-46.7088,11/28/24 17:05:00,verdadeiro,724.53,Santo Amaro,31.7,1.54,0.733701109886169
-46.7012,-23.6589,1098,26.5,98,1011,,0.27,4,Chuva Leve,26.16,-23.6589,-46.7012,11/28/24 17:19:00,verdadeiro,731.76,Santo Amaro,31.7,1.54,2.64366388320923
-46.6572,-23.6429,1099,27.51,97,1011,,0.27,4,Chuva Leve,26.99,-23.6429,-46.6572,11/28/24 17:06:00,verdadeiro,748.91,Jabaquara,22.7,1.54,3.7360565662384
-46.6549,-23.5858,1100,22.35,88,1020,,8.89,2,chuva forte,20.27,-23.5858,-46.6549,2024-02-02 13:01:00,verdadeiro,752.24,Vila Mariana,7,9.61,2.07442665100098
-46.7045,-23.7179,1101,25.86,94,1016,,0.95,4,Chuva leve,24.82,-23.7179,-46.7045,2024-02-04 15:26:00,verdadeiro,741.14,capela do socorro,19.3,2.03,3.10994267463684
-46.6571,-23.6124,1102,20.13,94,1016,,0.31,4,Chuva leve,19.13,-23.6124,-46.6571,2024-02-04 14:44:00,verdadeiro,771.69,Vila Mariana,10.5,1.17,2.56114077568054
-46.6513,-23.6005,1103,20.18,94,1016,,0.31,4,Chuva leve,19.18,-23.6005,-46.6513,2024-02-04 15:05:00,verdadeiro,749.32,Vila Mariana,10.5,1.17,3.48386597633362
-46.6904,-23.6825,1104,21.71,95,1018,,0.86,4,chuva forte,20.87,-23.6825,-46.6904,2024-02-13 23:05:00,verdadeiro,726.85,Santo Amaro,43.6,6.17,1.46716165542603
-46.6973,-23.6072,1105,20.48,99,1019,,19.81,4,Chuva muito forte,20.32,-23.6072,-46.6973,2024-02-13 23:41:00,verdadeiro,723.23,Santo Amaro,43.6,56.31,8.22488880157471
-46.6782,-23.6229,1106,20.54,99,1019,,31.12,4,Chuva muito forte,20.38,-23.6229,-46.6782,2024-02-13 23:46:00,verdadeiro,731.94,Santo Amaro,43.6,46.03,3.7360565662384
-46.7673,-23.6277,1107,24.67,74,1017,,1.23,4,Chuva moderada,19.73,-23.6277,-46.7673,2024-02-14 12:15:00,verdadeiro,743,Campo limpo,16.1,2.57,3.52969360351562
-46.7244,-23.6552,1108,24.98,85,1009,,1.78,3,Chuva moderada,22.28,-23.6552,-46.7244,2024-02-19 15:15:00,verdadeiro,726.05,M' Boi Mirin ,20.1,3.33,3.02248573303223
-46.6974,-23.6072,1109,23.89,87,1008,,0.17,4,Chuva leve,21.59,-23.6072,-46.6974,2024-02-19 16:08:00,verdadeiro,723.29,Santo Amaro,10.1,2.29,5.62735319137573
-46.7243,-23.6552,1110,21.71,89,1008,,2.12,4,Chuva moderada,19.82,-23.6552,-46.7243,2024-02-20 15:09:00,verdadeiro,726.03,Mboi Mirim,11.2,19.78,1.99518501758575
-46.7051,-23.7376,1111,24.74,80,1008,,8.25,4,chuva forte,21.06,-23.7376,-46.7051,2024-02-20 12:53:00,verdadeiro,773.47,paralheiros,20.2,11.72,4.72177028656006
-46.655,-23.5857,1112,21.3,90,1006,,11.94,4,chuva forte,19.59,-23.5857,-46.655,2024-02-20 14:29:00,verdadeiro,751.68,Vila Mariana,14.9,16.83,2.07442665100098
-46.7794,-23.6983,1113,27.66,74,1013,,0.6,4,Chuva leve,22.6,-23.6983,-46.7794,2024-02-23 15:44:00,verdadeiro,840.59,M' Boi Mirin ,22.4,0.87,17.9509811401367
-46.6066,-23.5674,1114,27.42,69,1014,,0.3,4,Trovoada com Chuva,21.23,-23.5674,-46.6066,2024-02-23 16:57:00,verdadeiro,727.66,Ipiranga,21,1.1,2.64366388320923
-46.6873,-23.6261,1115,21.47,97,1011,,5.84,4,Chuva Forte,20.97,-23.6261,-46.6873,2024-12-03 10:18:00,verdadeiro,728.17,Santo Amaro,28,28.86,3.54483652114868
-46.6549,-23.5858,1116,21.23,96,1011,,18.8,4,Chuva Muito Forte,20.67,-23.5858,-46.6549,2024-12-03 09:44:00,verdadeiro,752.24,Vila Mariana,19.5,24.8,2.07442665100098
-46.6872,-23.6261,1117,24.77,91,1010,,1.02,4,Chuva Moderada,23.2,-23.6261,-46.6872,2024-12-10 15:24:00,verdadeiro,728.33,Santo Amaro,20.2,27.53,3.54483652114868
-46.7164,-23.7642,1118,22.56,98,1010,,0.3,4,Chuva Leve,22.23,-23.7642,-46.7164,2024-12-25 18:03:00,verdadeiro,749.18,Capela do Socorro,20.7,4.16,4.92087650299072
-46.6872,-23.6261,1119,20.36,94,1010,,0.3,4,Chuva Leve,19.36,-23.6261,-46.6872,2024-12-25 17:47:00,verdadeiro,728.33,Santo Amaro,33.1,26.25,3.54483652114868
-46.7077,-23.6629,1120,20.41,94,1010,,0.3,4,Chuva Leve,19.41,-23.6629,-46.7077,2024-12-25 17:59:00,verdadeiro,726.55,Santo Amaro,33.1,4.16,3.48386597633362
-46.6719,-23.6122,1121,20.29,94,1009,,0.64,4,Chuva Leve,19.29,-23.6122,-46.6719,2024-12-25 18:00:00,verdadeiro,743.59,Santo Amaro,33.1,3.44,0.733701109886169
-46.6942,-23.6244,1122,22.4,94,1009,,0.64,4,Chuva Leve,19.4,-23.6244,-46.6942,2024-12-25 18:29:00,verdadeiro,725.77,Santo Amaro,33.1,3.44,1.91265225410461
-46.6409,-23.569,1123,22.83,86,1008,,2.07,4,Chuva Moderada,20.37,-23.569,-46.6409,2024-12-25 16:31:00,verdadeiro,791.63,Vila Mariana,39.2,3.06,3.7360565662384
-46.6514,-23.6005,1124,23.42,87,1008,,13.72,4,Chuva Forte,21.13,-23.6005,-46.6514,2024-12-25 16:51:00,verdadeiro,748.28,Vila Mariana,39.2,14.71,3.48386597633362
-46.651,-23.5969,1125,23.11,87,1008,,2.07,4,Trovoada com Chuva Fraca,20.83,-23.5969,-46.651,2024-12-25 16:58:00,verdadeiro,761.94,Vila Mariana,39.2,3.06,1.35270059108734
-46.6282,-23.6188,1126,23.18,87,1008,,2.07,4,Chuva Moderada,20.9,-23.6188,-46.6282,2024-12-25 16:59:00,verdadeiro,748.45,Vila Mariana,39.2,3.06,4.59576940536499
-46.6683,-23.6041,1127,23.28,89,1008,,2.07,4,Chuva Moderada,21.36,-23.6041,-46.6683,2024-12-25 17:15:00,verdadeiro,740.01,Vila Mariana,39.2,3.06,2.38750553131104
-46.6201,-23.5901,1128,20.3,94,1010,,0.63,4,Chuva Leve,19.3,-23.5901,-46.6201,2024-12-25 17:55:00,verdadeiro,734.09,Vila Mariana,39.2,16.97,0.733701109886169
-46.6442,-23.594,1129,20.89,95,1011,,1.71,4,Chuva Moderada,20.06,-23.594,-46.6442,2024-12-25 20:03:00,verdadeiro,773.23,Vila Mariana,39.2,4.96,4.63047933578491
-46.6781,-23.6229,1130,23.05,91,1012,,14.99,4,Chuva Forte,21.5,-23.6229,-46.6781,2024-12-27 15:41:00,verdadeiro,732.08,Santo Amaro,6.2,18.15,3.2449369430542
-46.6645,-23.5901,1131,19.24,99,1011,,6.23,4,Chuva Forte,19.08,-23.5901,-46.6645,2024-12-27 00:35:00,verdadeiro,744.65,Vila Mariana,10.6,20.97,3.66370439529419
46.6904,-23.6826,1132,22.56,90,1014,,0.56,1,Chuva Leve,20.81,-23.6826,46.6904,2024-12-31 17:00:00,verdadeiro,910.36,Santo Amaro,25.2,0.56,
-46.7057,-23.6607,1133,25.08,87,1014,,0.42,4,Chuva Leve,22.76,-23.6607,-46.7057,2024-12-31 14:45:00,verdadeiro,725.93,Santo Amaro,25.2,2.42,3.37449097633362
-46.6183,-23.5572,1200,22.17,97,1015,,0,0,chuva fraca,21.67,-23.5572,-46.6183,2023-11-15 22:12:00,verdadeiro,725.69,Sé,27.7,0,4.86640167236328
-46.7056,-23.5108,1201,22.42,97,1014,,0,4,chuva fraca,21.92,-23.5108,-46.7056,2023-11-15 21:07:00,verdadeiro,722.57,Sé,27.7,0.15,2.70389485359192
-46.6341,-23.5564,1202,25.2,74,1015,,0.18,1,chuva leve ,20.24,-23.5564,-46.6341,2023-11-29 08:48:00,verdadeiro,747.07,Sé,2.4,0.18,9.31356430053711
-46.6566,-23.5612,1203,18.86,94,1014,,1.37,4,chuva moderada,17.87,-23.5612,-46.6566,2024-11-04 08:50:00,verdadeiro,815.36,Sé,11.9,4.96,14.828893661499
-46.6626,-23.5319,1204,21.29,92,1011,,27.43,4,chuva forte,19.94,-23.5319,-46.6626,2024-11-06 16:54:00,verdadeiro,741.99,Sé,24.3,32.77,0.656249403953552
-46.6275,-23.5421,1205,21.13,95,1009,,4.57,4,chuva forte,20.3,-23.5421,-46.6275,2024-11-08 08:27:00,verdadeiro,723.39,Sé,54.1,18.94,2.07442665100098
-46.6626,-23.5319,1206,21.55,95,1009,,3.36,4,chuva moderada,20.71,-23.5319,-46.6626,2024-11-08 12:46:00,verdadeiro,741.99,Sé,54.1,5.83,0.656249403953552
-46.6276,-23.5419,1207,19.22,94,1009,,8.89,4,chuva forte,18.23,-23.5419,-46.6276,2024-11-08 15:03:00,verdadeiro,723.51,Sé,54.1,14.25,2.93240189552307
-46.6627,-23.5319,1208,18.13,95,1012,,1.02,4,chuva moderada,17.32,-23.5319,-46.6627,2024-11-08 19:46:00,verdadeiro,741.93,Sé,54.1,6.29,3.66370439529419
-46.6338,-23.5355,1209,23.68,88,1012,,1.02,4,chuva moderada,21.57,-23.5355,-46.6338,2023-12-23 17:05:00,verdadeiro,735.3,Sé,35.4,9.19,2.2001416683197
-46.6499,-23.5554,1210,22.18,89,1012,,25.65,4,chuva forte,20.28,-23.5554,-46.6499,2023-12-23 17:19:00,verdadeiro,757.71,Sé,35.4,33.82,3.22837400436401
-46.6363,-23.5457,1211,21.71,94,1013,,0.44,4,chuva leve ,20.7,-23.5457,-46.6363,2023-12-23 17:31:00,verdadeiro,742.34,Sé,35.4,8.35,2.82047843933105
-46.6273,-23.5392,1212,21.48,91,1012,,0,4,chuva fraca,20.36,-23.5392,-46.6273,2023-12-23 19:12:00,verdadeiro,723.28,Sé,35.4,1.99,3.02248573303223
-46.6183,-23.5573,1213,19.49,100,1015,,12.07,2,chuva forte,18.93,-23.5573,-46.6183,2023-12-10 22:20:00,verdadeiro,725.34,Sé,23.5,13.98,4.86640167236328
-46.6273,-23.5491,1214,20.9,92,1011,,27.43,4,chuva forte,19.55,-23.5491,-46.6273,2024-12-03 10:30:00,verdadeiro,725.04,Sé,20.4,47.14,2.64366388320923
-46.6627,-23.5311,1215,22.17,93,1011,,0.96,4,chuva leve ,20.98,-23.5311,-46.6627,2024-12-03 10:50:00,verdadeiro,744.01,Sé,20.4,24.35,2.82047843933105
-46.6627,-23.5311,1216,23.17,88,1012,,2.79,4,chuva moderada,21.7,-23.5311,-46.6627,2024-12-05 17:50:00,verdadeiro,744.01,Sé,21.2,11.71,2.82047843933105
-46.6253,-23.5234,1217,21.17,93,1013,,10.16,4,chuva forte,20.53,-23.5234,-46.6253,2024-12-05 19:00:00,verdadeiro,721.12,Sé,21.2,19.15,3.02248573303223
-46.6729,-23.5267,1218,22.09,83,1014,,0.69,1,chuva leve ,19.07,-23.5267,-46.6729,2024-12-05 10:00:00,verdadeiro,725.81,Sé,21.2,0.69,4.45417881011963
-46.6358,-23.5445,1219,22.83,94,1012,,13.34,4,chuva forte,21.81,-23.5445,-46.6358,2024-12-21 15:00:00,verdadeiro,733.26,Sé,64.8,21.68,1.67271196842194
-46.6441,-23.5187,1220,21.53,93,1011,,4.66,4,chuva forte,20.35,-23.5187,-46.6441,2024-12-21 15:30:00,verdadeiro,720.94,Sé,64.8,20,5.64620971679688
-46.6496,-23.5558,1221,22.12,88,1011,,4.66,4,chuva forte,20.04,-23.5558,-46.6496,2024-12-21 15:40:00,verdadeiro,753.82,Sé,64.8,15.84,2.2001416683197
-46.6252,-23.5232,1222,21.18,94,1015,,1.78,4,chuva moderada,20.18,-23.5232,-46.6252,2024-12-21 21:00:00,verdadeiro,721.1,Sé,64.8,36.72,3.02248573303223
-46.6265,-23.5504,1223,21.95,87,1012,,2.04,4,chuva moderada,19.69,-23.5504,-46.6265,2024-12-25 22:00:00,verdadeiro,724.67,Sé,44.4,5.82,2.9506402015686
-46.6367,-23.545,1224,19.75,94,1009,,0.64,4,chuva leve ,18.76,-23.545,-46.6367,2024-12-25 17:50:00,verdadeiro,733.19,Sé,44.4,8.99,22.1338157653809
-46.6496,-23.5558,1225,19.67,94,1006,,0.64,4,chuva leve ,18.68,-23.5558,-46.6496,2024-12-25 17:55:00,verdadeiro,753.82,Sé,44.4,15.09,2.2001416683197
-46.6367,-23.5449,1226,19.75,94,1009,,0.64,4,chuva leve ,18.76,-23.5449,-46.6367,2024-12-25 18:10:00,verdadeiro,732.91,Sé,44.4,3.44,22.1338157653809
-46.6274,-23.5356,1227,20.8,87,1010,,0.54,4,chuva leve ,18.56,-23.5356,-46.6274,2024-12-25 18:40:00,verdadeiro,723.91,Sé,44.4,3.59,3.7360565662384
-46.625,-23.5345,1228,20.57,92,1012,,1.78,2,chuva moderada,19.22,-23.5345,-46.625,2025-01-02 21:00:00,verdadeiro,722.31,Sé,16.5,2.8,2.10017395019531
-46.6475,-23.5182,1229,29.1,54,1012,,0.12,3,chuva leve ,18.85,-23.5182,-46.6475,2024-01-11 13:20:00,verdadeiro,720.44,Sé,1.1,0.39,6.81936025619507
-46.6431,-23.5357,1230,21.07,99,1015,,10.16,3,chuva forte,20.91,-23.5357,-46.6431,2024-01-12 21:00:00,verdadeiro,743.9,Sé,54.1,19.56,7.87978029251099
-46.6418,-23.5374,1231,21.06,98,1014,,7.62,4,chuva forte,20.73,-23.5374,-46.6418,2024-01-12 20:00:00,verdadeiro,742.56,Sé,54.1,11.18,6.46919012069702
-46.6215,-23.5285,1232,21.45,98,1015,,10.67,3,chuva forte,21.12,-23.5285,-46.6215,2024-01-12 21:10:00,verdadeiro,721.11,Sé,54.1,26.67,4.63047933578491
-46.6323,-23.5487,1233,20.7,94,1013,,13.72,4,chuva forte,19.7,-23.5487,-46.6323,2024-01-12 19:00:00,verdadeiro,752.57,Sé,54.1,35.77,10.8358516693115
-46.6271,-23.5229,1234,21.4,98,1019,,2.79,4,chuva moderada,21.7,-23.5229,-46.6271,2024-01-12 22:10:00,verdadeiro,719.09,Sé,54.1,29.46,2.78216338157654
-46.6269,-23.5409,1235,21.67,97,1015,,3.68,4,chuva moderada,21.17,-23.5409,-46.6269,2024-01-13 01:00:00,verdadeiro,726.3,Sé,7.7,20.31,2.07442665100098
-46.6364,-23.5502,1236,23.71,83,1015,,3.83,2,chuva moderada,20.65,-23.5502,-46.6364,2024-01-17 17:23:00,verdadeiro,759.73,Sé,3.4,4.06,7.5039963722229
-46.6255,-23.5302,1237,24.24,86,1012,,2.79,4,chuva fraca,21.75,-23.5302,-46.6255,2024-01-18 17:20:00,verdadeiro,722,Sé,8.2,31.81,1.99518501758575
-46.6599,-23.5244,1238,20.32,88,1016,,4.35,4,chuva forte,18.27,-23.5244,-46.6599,2024-01-23 13:00:00,verdadeiro,721.2,Sé,24.7,33.56,1.99518501758575
-46.6308,-23.5399,1239,29.33,56,1010,,0.92,4,chuva leve ,19.64,-23.5399,-46.6308,2024-01-19 15:00:00,verdadeiro,724.36,Sé,9.4,2.02,1.91265225410461
-46.6294,-23.5351,1240,28.15,60,1012,,0.43,4,chuva leve ,19.65,-23.5351,-46.6294,2024-01-19 12:00:00,verdadeiro,730.77,Sé,9.4,1.33,4.16915416717529
-46.627,-23.5411,1241,19.75,84,1013,,1.06,4,chuva moderada,16.97,-23.5411,-46.627,2024-01-25 09:35:00,verdadeiro,724.78,Sé,0.8,1.69,1.31232666969299
-46.6271,-23.5427,1242,16.72,95,1015,,1.02,1,chuva moderada,15.92,-23.5427,-46.6271,2025-01-26 06:00:00,verdadeiro,723.29,Sé,1.1,1.02,3.66370439529419
-46.6277,-23.5413,1243,23.92,65,1014,,0.44,2,chuva leve ,16.94,-23.5413,-46.6277,2025-01-29 20:00:00,verdadeiro,724.37,Sé,0,2.58,3.66370439529419
-46.6297,-23.5197,1244,29.36,59,1009,,1.05,4,chuva moderada,20.52,-23.5197,-46.6297,2025-01-03 16:30:00,verdadeiro,720.74,Sé,7.9,3.37,6.28653144836426
-46.6446,-23.5352,1245,24.81,73,1009,,0.67,4,chuva leve ,19.64,-23.5352,-46.6446,2025-01-03 18:00:00,verdadeiro,746.46,Sé,7.9,3.6,1.85558569431305
-46.6241,-23.5225,1246,22.04,80,1012,,0.24,2,chuva leve ,18.43,-23.5225,-46.6241,2025-01-03 07:00:00,verdadeiro,723.07,Sé,7.9,2.12,4.68774795532227
-46.6184,-23.5572,1247,20.93,78,1011,,1.88,1,chuva moderada,16.95,-23.5572,-46.6184,2025-01-03 06:00:00,verdadeiro,725.53,Sé,7.9,1.88,4.86640167236328
-46.6299,-23.5247,1248,22.24,78,1011,,0.41,4,chuva leve ,18.22,-23.5247,-46.6299,2025-01-08 17:00:00,verdadeiro,722.07,Sé,9.8,6.03,1.85558569431305
-46.6481,-23.5397,1249,21.97,95,1012,,1.78,4,chuva moderada,21.13,-23.5397,-46.6481,2025-01-16 18:00:00,verdadeiro,743.23,Sé,42.5,5.28,4.40595388412476
-46.6382,-23.5503,1250,21.84,95,1012,,1.02,4,chuva moderada,21,-23.5503,-46.6382,2025-01-16 18:10:00,verdadeiro,735.22,Sé,42.5,8.07,15.6133918762207
-46.6178,-23.5571,1251,20.93,100,1015,,24.38,2,chuva forte,20.93,-23.5571,-46.6178,2025-01-16 23:00:00,verdadeiro,726.48,Sé,42.5,30.22,5.00677919387817
-46.6283,-23.5273,1252,21.19,100,1015,,23.37,3,chuva forte,21.19,-23.5273,-46.6283,2025-01-16 22:55:00,verdadeiro,718.79,Sé,42.5,24.5,2.10017395019531
-46.626,-23.5357,1253,20.72,90,1015,,2.79,4,chuva moderada,19.02,-23.5357,-46.626,2025-01-24 18:00:00,verdadeiro,723.08,Sé,57.4,7.88,3.83503150939941
-46.6481,-23.5427,1254,19.27,94,1015,,16.76,4,chuva forte,18.28,-23.5427,-46.6481,2025-01-24 16:40:00,verdadeiro,745.89,Sé,57.4,21.06,4.65347290039062
-46.6251,-23.5347,1255,20.7,91,1015,,2.79,4,chuva moderada,19.18,-23.5347,-46.6251,2025-01-24 17:45:00,verdadeiro,721.61,Sé,57.4,9.72,0.464048534631729
-46.6394,-23.5216,1256,20.59,90,1015,,2.79,4,chuva moderada,18.89,-23.5216,-46.6394,2025-01-24 18:00:00,verdadeiro,720.93,Sé,57.4,7.88,2.31902623176575
-46.6356,-23.5504,1257,25.7,61,1014,,6.26,4,chuva forte,17.62,-23.5504,-46.6356,2025-01-27 13:46:00,verdadeiro,771.02,Sé,5.7,7.49,6.46919012069702
-46.6294,-23.5199,1258,21.14,94,1013,,1.27,2,chuva moderada,20.14,-23.5199,-46.6294,2025-01-29 13:35:00,verdadeiro,720.21,Sé,30.9,1.41,3.02248573303223
-46.6354,-23.5432,1259,20.83,94,1013,,1.27,2,chuva moderada,19.83,-23.5432,-46.6354,2025-01-29 13:35:00,verdadeiro,728,Sé,30.9,1.41,10.026270866394
-46.6495,-23.5557,1260,19.66,88,1013,,0.14,4,chuva leve ,17.62,-23.5557,-46.6495,2025-01-29 13:28:00,verdadeiro,753.57,Sé,30.9,0.25,0.984320282936096
-46.6295,-23.5565,1261,21.96,88,1012,,9.78,1,chuva forte,19.88,-23.5565,-46.6295,2025-01-31 22:30:00,verdadeiro,726.33,Sé,41.4,9.78,2.38750553131104
-46.6495,-23.5559,1262,19.93,95,1012,,15.75,4,chuva forte,19.11,-23.5559,-46.6495,2025-01-31 22:40:00,verdadeiro,753.68,Sé,41.4,17.53,0.984320282936096
-46.6298,-23.5198,1263,20.04,94,1012,,15.49,2,chuva forte,19.04,-23.5198,-46.6298,2025-01-31 23:13:00,verdadeiro,720.68,Sé,41.4,27.94,6.28653144836426
-46.6273,-23.5391,1264,21.66,96,1015,,4.31,1,chuva forte,20.99,-23.5391,-46.6273,2024-02-13 00:00:00,verdadeiro,722.78,Sé,27.6,4.31,3.02248573303223
-46.6493,-23.5557,1265,21.63,98,1015,,5.84,1,chuva forte,21.3,-23.5557,-46.6493,2024-02-13 00:07:00,verdadeiro,753.91,Sé,27.6,5.84,2.31902623176575
-46.5641,-23.5441,1266,26,73,1009,,2.31,4,chuva moderada,20.79,-23.5441,-46.5641,2024-02-20 15:00:00,verdadeiro,755.81,Sé,17.6,6.13,5.56083726882935
-46.6499,-23.5369,1267,20.97,88,1014,,1.78,4,chuva moderada,18.91,-23.5369,-46.6499,2024-02-21 18:50:00,verdadeiro,742.23,Sé,25.4,14.62,7.5039963722229
-46.6298,-23.5568,1268,20.96,86,1014,,1.78,4,chuva moderada,18.53,-23.5568,-46.6298,2024-02-21 18:55:00,verdadeiro,726.34,Sé,25.4,26.17,3.09265065193176
-46.6303,-23.5229,1269,21.17,81,1014,,0.22,2,chuva leve ,17.78,-23.5229,-46.6303,2025-02-13 16:30:00,verdadeiro,721.73,Sé,8.6,0.54,2.10017395019531
-46.6303,-23.5229,1270,21.2,91,1015,,1.78,1,chuva moderada,19.67,-23.5229,-46.6303,2025-02-06 19:55:00,verdadeiro,721.73,Sé,19.9,1.78,2.10017395019531
-46.6297,-23.5199,1271,21.29,92,1015,,1.02,1,chuva moderada,19.94,-23.5199,-46.6297,2025-02-06 20:10:00,verdadeiro,720.41,Sé,19.9,1.02,0.328135460615158
-46.6387,-23.5489,1272,21.68,95,1018,,4.57,4,chuva forte,20.84,-23.5489,-46.6387,2024-02-14 00:30:00,verdadeiro,733.69,Sé,17.8,47.8,15.7961130142212
-46.6252,-23.5229,1273,21.36,89,1017,,0.95,4,chuva leve ,19.47,-23.5229,-46.6252,2024-02-14 07:26:00,verdadeiro,721.17,Sé,17.8,5.69,6.01061630249023
-46.6256,-23.5266,1274,23.98,88,1017,,0.89,4,chuva leve ,21.87,-23.5266,-46.6256,2025-02-14 13:00:00,verdadeiro,721.38,Sé,17.8,1.4,4.27048397064209
-46.6256,-23.5266,1275,22.7,87,1017,,5.84,1,chuva leve ,20.42,-23.5266,-46.6256,2025-02-14 08:00:00,verdadeiro,721.38,Sé,17.8,5.84,4.27048397064209
-46.6304,-23.5199,1276,21.35,99,1011,,5.84,4,chuva forte,21.19,-23.5199,-46.6304,2025-02-03 02:00:00,verdadeiro,724.47,Sé,17.3,18.03,1.91265225410461
-46.6275,-23.5186,1277,21.07,97,1011,,2.79,4,chuva moderada,20.58,-23.5186,-46.6275,2025-02-03 02:14:00,verdadeiro,720.35,Sé,17.3,19.3,4.86640167236328
-46.6251,-23.5347,1278,21.03,88,1013,,1.78,4,chuva moderada,18.97,-23.5347,-46.6251,2025-02-03 08:00:00,verdadeiro,721.61,Sé,17.3,4.9,0.464048534631729
-46.6282,-23.5496,1279,20.86,85,1013,,0.47,4,chuva leve ,18.25,-23.5496,-46.6282,2025-02-03 07:30:00,verdadeiro,724.9,Sé,17.3,2.5,5.89472436904907
-46.6274,-23.5186,1280,19.98,97,1010,,10.16,4,chuva forte,19.49,-23.5186,-46.6274,2025-02-01 04:28:00,verdadeiro,720.31,Sé,56.2,22.35,4.86640167236328
-46.6529,-23.5179,1281,20.05,95,1011,,1.75,4,chuva moderada,19.22,-23.5179,-46.6529,2025-02-01 07:00:00,verdadeiro,719.82,Sé,56.2,11.66,3.66370439529419
-46.6475,-23.5185,1282,25.99,61,1009,,1.06,4,chuva moderada,17.89,-23.5185,-46.6475,2025-02-01 14:30:00,verdadeiro,720.55,Sé,56.2,1.56,6.00178337097168
-46.6484,-23.5385,1283,21.25,98,1012,,4.05,4,chuva forte,20.92,-23.5385,-46.6484,2025-02-14 16:00:00,verdadeiro,737.31,Sé,25.3,11.56,3.27780985832214
-46.6309,-23.5235,1284,20.32,96,1012,,3.04,4,chuva moderada,19.66,-23.5235,-46.6309,2025-02-14 15:15:00,verdadeiro,721.76,Sé,25.3,7.37,4.40595388412476
-46.6303,-23.523,1285,21.68,95,1012,,4.05,4,chuva forte,20.84,-23.523,-46.6303,2025-02-14 16:25:00,verdadeiro,721.89,Sé,25.3,11.56,2.70389485359192
-46.6509,-23.5179,1286,21.44,98,1012,,4.05,4,chuva forte ,21.11,-23.5179,-46.6509,2025-02-14 16:22:00,verdadeiro,720.5,Sé,25.3,11.56,5.7209997177124
-46.6509,-23.5289,1287,18.92,94,1011,,1.17,4,chuva moderada,17.93,-23.5289,-46.6509,2024-02-18 15:38:00,verdadeiro,726.87,Sé,47.8,6.59,9.18427562713623
-46.6493,-23.5558,1288,18.67,94,1011,,1.17,4,chuva moderada,17.69,-23.5558,-46.6493,2024-02-18 15:46:00,verdadeiro,753.76,Sé,47.8,6.75,2.31902623176575
-46.6366,-23.5447,1289,22.31,88,1011,,1.17,4,chuva moderada,20.23,-23.5447,-46.6366,2024-02-18 16:00:00,verdadeiro,732.36,Sé,47.8,6.59,12.654688835144
-46.6313,-23.5198,1290,18.91,94,1011,,1.17,4,chuva moderada,17.92,-23.5198,-46.6313,2024-02-18 16:14:00,verdadeiro,720.46,Sé,47.8,6.59,3.02248573303223
-46.625,-23.5346,1291,24.88,78,1011,,4.41,4,chuva forte,20.78,-23.5346,-46.625,2024-02-18 15:16:00,verdadeiro,722.37,Sé,47.8,5.77,0.464048534631729
-46.6257,-23.5352,1292,27.67,69,1011,,1.05,3,chuva moderada,21.47,-23.5352,-46.6257,2024-01-09 17:20:00,verdadeiro,721.49,Sé,33.3,2.48,2.36490035057068
-46.6321,-23.5193,1293,21.16,83,1012,,0.66,4,chuva leve ,18.16,-23.5193,-46.6321,2024-01-09 18:00:00,verdadeiro,720.65,Sé,33.3,3.59,3.37449097633362
-46.6488,-23.5384,1294,20.82,83,1012,,0.66,4,chuva leve ,17.83,-23.5384,-46.6488,2024-01-09 17:33:00,verdadeiro,738.91,Sé,33.3,3.59,7.29769134521484
-46.6303,-23.5229,1295,21.18,83,1012,,0.66,4,chuva leve ,18.18,-23.5229,-46.6303,2024-01-09 17:37:00,verdadeiro,721.73,Sé,33.3,3.59,2.10017395019531
-46.6495,-23.5558,1296,27.64,66,1010,,1.75,4,chuva moderada,20.71,-23.5558,-46.6495,2024-01-08 16:30:00,verdadeiro,753.38,Sé,37.6,5.04,0.984320282936096
-46.6387,-23.5486,1297,28.48,50,1010,,0.8,2,chuva leve ,17.05,-23.5486,-46.6387,2024-01-08 15:29:00,verdadeiro,732.77,Sé,37.6,1.54,14.8122987747192
-46.6481,-23.5396,1298,25.76,83,1010,,0.21,4,chuva leve ,22.65,-23.5396,-46.6481,2024-01-08 18:19:00,verdadeiro,743.04,Sé,37.6,2.97,4.40595388412476
-46.6496,-23.537,1299,25.84,83,1010,,0.21,4,chuva leve ,22.73,-23.537,-46.6496,2024-01-08 16:44:00,verdadeiro,741.67,Sé,37.6,3.5,4.14342880249023
-46.6484,-23.5378,1300,25.84,83,1010,,0.21,4,chuva leve ,22.73,-23.5378,-46.6484,2024-01-08 17:27:00,verdadeiro,736.46,Sé,37.6,3.5,10.1897420883179
-46.6342,-23.5415,1301,25.86,83,1010,,0.21,4,chuva leve ,22.75,-23.5415,-46.6342,2024-01-08 17:29:00,verdadeiro,727.48,Sé,37.6,3.5,3.29412221908569
-46.6356,-23.5432,1302,22.86,80,1012,,0.7,4,chuva leve ,19.23,-23.5432,-46.6356,2025-02-18 15:35:00,verdadeiro,726.39,Sé,40.7,2.35,4.30785942077637
-46.6309,-23.5236,1303,23.99,81,1013,,0.24,4,chuva leve ,20.53,-23.5236,-46.6309,2025-02-18 17:01:00,verdadeiro,721.85,Sé,40.7,2.43,4.40595388412476
-46.6455,-23.5421,1304,23.76,78,1013,,0.24,4,chuva leve ,19.7,-23.5421,-46.6455,2025-02-18 17:15:00,verdadeiro,751.6,Sé,40.7,2.43,2.31902623176575
-46.6419,-23.5377,1305,23.79,78,1013,,0.24,4,chuva leve ,19.72,-23.5377,-46.6419,2025-02-18 17:14:00,verdadeiro,743.37,Sé,40.7,2.43,4.72177028656006
-46.6303,-23.5229,1306,23.47,81,1016,,39.37,4,chuva forte,20.61,-23.5229,-46.6303,2025-02-18 20:25:00,verdadeiro,721.73,Sé,40.7,39.61,2.10017395019531
-46.6318,-23.5196,1307,19.26,89,1016,,13.72,1,chuva forte,17.4,-23.5196,-46.6318,2025-02-18 20:50:00,verdadeiro,720.77,Sé,40.7,13.72,2.07442665100098
-46.6323,-23.5193,1308,19.29,89,1016,,11.94,1,chuva forte,17.43,-23.5193,-46.6323,2025-02-18 20:57:00,verdadeiro,720.87,Sé,40.7,11.94,3.37449097633362
-46.6509,-23.5289,1309,21.89,96,1016,,2.79,1,chuva moderada,21.22,-23.5289,-46.6509,2024-01-10 22:07:00,verdadeiro,726.87,Sé,55.5,2.79,9.18427562713623
-46.6275,-23.5186,1310,21.74,95,1016,,10.67,1,chuva forte,20.9,-23.5186,-46.6275,2024-01-10 22:00:00,verdadeiro,720.35,Sé,55.5,10.67,4.86640167236328
-46.6286,-23.5184,1311,22.41,93,1016,,1.02,3,chuva moderada,21.22,-23.5184,-46.6286,2024-01-10 23:25:00,verdadeiro,720.82,Sé,55.5,6.86,1.18295407295227
-46.6362,-23.5444,1312,22.27,95,1015,,2.29,3,chuva moderada,21.43,-23.5444,-46.6362,2024-01-10 23:36:00,verdadeiro,732.32,Sé,55.5,23.62,1.03755331039429
-46.6362,-23.5445,1313,21.72,95,1016,,2.79,2,chuva moderada,20.88,-23.5445,-46.6362,2024-01-10 22:23:00,verdadeiro,732.51,Sé,55.5,10.54,1.03755331039429
-46.6257,-23.5352,1314,22.38,93,1015,,3.56,1,chuva moderada,21.19,-23.5352,-46.6257,2024-01-10 23:43:00,verdadeiro,721.49,Sé,55.5,3.56,2.36490035057068
-46.6495,-23.5558,1315,22.19,94,1015,,2.29,3,chuva moderada,21.18,-23.5558,-46.6495,2024-01-10 23:34:00,verdadeiro,753.38,Sé,55.5,29.59,0.984320282936096
-46.6257,-23.5352,1316,21.86,95,1016,,11.94,1,chuva forte,21.02,-23.5352,-46.6257,2024-01-10 21:57:00,verdadeiro,721.49,Sé,55.5,11.94,2.36490035057068
-46.63607,-23.465619,1317,18.58,93,1015,,5.61,4,chuva forte,17.43,-23.465619,-46.63607,2022-11-11 18:43:00,verdadeiro,803.32,Jaçanã/ Tremembé,45,17.59,4.58413982391357
-46.611826,-23.508425,1318,19.08,94,1015,,4.09,3,chuva forte,18.09,-23.508425,-46.611826,2022-11-11 18:33:00,verdadeiro,722.13,Vila Maria/ Vila Guilherme,52.2,6.8,3.2449369430542
-46.68604,-23.502518,1319,18.36,94,1011,,30.48,4,chuva muito forte,17.38,-23.502518,-46.68604,2022-11-23 19:25:00,verdadeiro,721.14,Freguesia do Ó,31.1,65.39,1.46716165542603
-46.578874,-23.468703,1320,18.08,88,1012,,0.18,1,chuva leve,16.06,-23.468703,-46.578874,2022-11-23 19:37:00,verdadeiro,743.29,Jaçanã/ Tremembé,25.4,0.18,4.19471979141235
-46.75307,-23.508499,1321,17.83,97,1011,,0,4,trovoada com chuva forte,17.35,-23.508499,-46.75307,2022-11-23 19:12:00,verdadeiro,742.24,Pirituba/Jaraguá,37.5,3.52,6.88871479034424
-46.558432,-23.51905,1322,16.2,92,1015,,0,0,nublado,14.9,-23.51905,-46.558432,2022-11-25 06:16:00,verdadeiro,723.95,Vila Maria/ Vila Guilherme,8.4,0,2.62327790260315
-46.611052,-23.523706,1323,19.85,92,1005,,0.63,4,chuva leve,18.51,-23.523706,-46.611052,2022-11-29 16:55:00,verdadeiro,721.42,Freguesia do Ó,5.7,12.03,3.10994267463684
-46.748927,-23.505653,1324,21.13,88,1012,,14.99,4,chuva forte,19.06,-23.505653,-46.748927,2022-12-03 16:07:00,verdadeiro,738.46,Pirituba/Jaraguá,39.7,18.54,8.9779109954834
-46.765057,-23.40615,1325,22.42,88,1011,,0.29,4,chuva leve,20.33,-23.40615,-46.765057,2022-12-03 17:06:00,verdadeiro,739.07,Perus,40,5.62,8.85516166687012
-46.57208,-23.472963,1326,19.98,99,1016,,0,4,chuva forte,19.82,-23.472963,-46.57208,2022-12-06 21:23:00,verdadeiro,731.74,Jaçanã/ Tremembé,43.5,2.12,1.46716165542603
-46.603729,-23.50707,1327,20.97,97,1015,,0,4,trovoadas,20.48,-23.50707,-46.603729,2022-12-06 20:17:00,verdadeiro,724.14,Vila Maria/ Vila Guilherme,63.5,6.45,0.464048534631729
-46.624659,-23.503491,1328,21.93,95,1014,,0.28,4,chuva leve,21.09,-23.503491,-46.624659,2022-12-06 19:05:00,verdadeiro,725.13,Santana,53.3,9.77,1.85558569431305
-46.634116,-23.519187,1329,20.16,96,1016,,13.72,4,chuva forte,19.5,-23.519187,-46.634116,2022-12-06 20:47:00,verdadeiro,720.45,Santana,53.3,14.92,3.98554301261902
-46.672228,-23.503975,1330,17.36,94,1007,,17.53,4,chuva muito forte,16.39,-23.503975,-46.672228,2022-12-13 08:26:00,verdadeiro,724.79,Casa Verde,28,19.82,4.65347290039062
-46.624593,-23.511561,1331,17.18,99,1007,,2.25,4,chuva forte,17.02,-23.511561,-46.624593,2022-12-13 08:15:00,verdadeiro,720.71,Santana,29.9,3.48,0.733701109886169
-46.774782,-23.43621,1332,20.67,93,1017,,0.1,4,chuva leve,19.5,-23.43621,-46.774782,2022-12-29 20:30:00,verdadeiro,800.21,Perus,12.4,1.02,8.73654842376709
-46.690665,-23.588431,1333,19.43,93,1014,,7.75,3,chuva forte,18.27,-23.588431,-46.690665,2022-11-11 17:29:00,verdadeiro,720.32,Pinheiros,14.3,17.35,2.9506402015686
-46.734269,-23.546835,1334,18.37,89,1013,,11.43,4,chuva forte,16.53,-23.546835,-46.734269,2022-11-23 20:36:00,verdadeiro,717.75,Butantã,37.2,76.46,2.36490035057068
-46.699802,-23.524897,1335,18.88,93,1011,,32.26,4,chuva muito forte,17.72,-23.524897,-46.699802,2022-11-23 18:39:00,verdadeiro,734.08,Lapa,55.9,35.78,1.99518501758575
-46.702002,-23.524139,1336,18.92,93,1011,,32.26,4,chuva muito forte,17.76,-23.524139,-46.702002,2022-11-23 18:48:00,verdadeiro,726.87,Lapa,55.9,35.78,2.82047843933105
-46.674224,-23.519645,1337,18.52,95,1011,,32.26,4,chuva muito forte,17.7,-23.519645,-46.674224,2022-11-23 19:00:00,verdadeiro,720.38,Lapa,55.9,35.78,0.733701109886169
-46.677362,-23.529636,1338,17.89,99,1011,,0,4,trovoada com chuva forte,17.73,-23.529636,-46.677362,2022-11-23 19:02:00,verdadeiro,731.39,Lapa,55.9,3.92,2.31902623176575
-46.683807,-23.499249,1339,17.9,99,1011,,0,4,trovoada com chuva forte,17.74,-23.499249,-46.683807,2022-11-23 19:04:00,verdadeiro,730.08,Lapa,55.9,3.52,6.27809810638428
-46.686315,-23.53217,1340,17.68,99,1011,,0,4,trovoada com chuva forte,17.52,-23.53217,-46.686315,2022-11-23 19:08:00,verdadeiro,758.45,Lapa,55.9,3.52,5.89472436904907
-46.727941,-23.539619,1341,18.12,95,1011,,0,4,trovoada com chuva forte,17.31,-23.539619,-46.727941,2022-11-23 19:14:00,verdadeiro,720.91,Lapa,55.9,3.52,2.07442665100098
-46.702517,-23.524778,1342,17.88,88,1008,,0.92,3,chuva leve,15.87,-23.524778,-46.702517,2022-11-28 14:07:00,verdadeiro,727.27,Lapa,18,2.25,1.46716165542603
-46.686845,-23.577508,1343,17.4,94,1008,,9.03,4,chuva forte,16.42,-23.577508,-46.686845,2022-11-28 14:30:00,verdadeiro,724.58,Pinheiros,27.2,11.28,3.34257745742798
-46.738665,-23.595856,1344,19.3,90,1005,,8.64,4,chuva forte,17.62,-23.595856,-46.738665,2022-11-29 16:05:00,verdadeiro,739.28,Butantã,36.7,26.99,5.28619813919067
-46.693692,-23.526092,1345,19.13,91,1008,,0,0,algumas nuvens,17.63,-23.526092,-46.693692,2022-11-29 07:05:00,verdadeiro,744.61,Lapa,21.9,0,1.67271196842194
-46.739355,-23.528664,1346,20.52,94,1005,,7.78,4,chuva forte,19.52,-23.528664,-46.739355,2022-11-29 15:19:00,verdadeiro,718.21,Lapa,21.9,19.18,5.08072853088379
-46.663049,-23.604343,1347,21.93,82,1004,,9.12,4,chuva forte,18.72,-23.604343,-46.663049,2022-11-29 14:04:00,verdadeiro,747.27,Pinheiros,23.2,11.75,2.82047843933105
-46.664409,-23.605762,1348,21.94,82,1004,,9.12,4,chuva forte,18.73,-23.605762,-46.664409,2022-11-29 14:07:00,verdadeiro,746.96,Pinheiros,23.2,11.75,2.2001416683197
-46.690651,-23.588358,1349,21.08,90,1004,,9.91,4,chuva forte,19.38,-23.588358,-46.690651,2022-11-29 14:28:00,verdadeiro,720.31,Pinheiros,23.2,12.54,2.9506402015686
-46.69596,-23.588885,1350,21.36,83,1005,,1.45,4,chuva moderada,18.36,-23.588885,-46.69596,2022-11-30 15:24:00,verdadeiro,724.47,Butantã,27.9,3.4,1.46716165542603
-46.738693,-23.595833,1351,21.3,83,1006,,2.09,4,chuva moderada,18.3,-23.595833,-46.738693,2022-11-30 15:31:00,verdadeiro,739.1,Butantã,27.9,5.18,5.28619813919067
-46.753093,-23.611097,1352,20.09,87,1006,,2.09,4,chuva moderada,17.86,-23.611097,-46.753093,2022-11-30 15:38:00,verdadeiro,735.17,Butantã,27.9,5.18,2.78216338157654
-46.737833,-23.53,1353,21.27,100,1006,,2.09,4,chuva moderada,21.27,-23.53,-46.737833,2022-11-30 15:52:00,verdadeiro,718.11,Lapa,12.3,5.18,2.56114077568054
-46.696023,-23.588773,1354,23.35,91,1010,,16.76,3,chuva muito forte,21.8,-23.588773,-46.696023,2022-12-02 15:26:00,verdadeiro,725.71,Butantã,13.5,17.91,1.39190220832825
-46.683132,-23.527645,1355,22.86,88,1010,,3.65,3,chuva moderada,20.77,-23.527645,-46.683132,2022-12-02 15:16:00,verdadeiro,725.64,Lapa,15.6,4.8,4.54907035827637
-46.702816,-23.590413,1356,23.06,90,1010,,16.76,3,chuva muito forte,21.33,-23.590413,-46.702816,2022-12-02 15:23:00,verdadeiro,743.47,Lapa,15.6,17.91,15.991473197937
-46.688532,-23.585722,1357,23.07,91,1010,,0.51,4,chuva leve,21.52,-23.585722,-46.688532,2022-12-02 16:16:00,verdadeiro,720.67,Pinheiros,10.2,5.31,5.08072853088379
-46.738772,-23.59568,1358,21.36,90,1011,,0.29,4,chuva leve,19.65,-23.59568,-46.738772,2022-12-03 16:51:00,verdadeiro,737.5,Butantã,30.5,8.61,2.49744963645935
-46.753172,-23.508497,1359,20.63,89,1012,,24.89,4,chuva muito forte,18.75,-23.508497,-46.753172,2022-12-03 16:10:00,verdadeiro,742.44,Lapa,24.9,28.44,6.88871479034424
-46.734332,-23.54675,1360,21.1,89,1012,,3.05,4,chuva moderada,19.22,-23.54675,-46.734332,2022-12-03 19:09:00,verdadeiro,717.75,Lapa,24.9,38.35,3.42179822921753
-46.653353,-23.587228,1361,23.33,77,1012,,0.89,4,chuva leve,19.07,-23.587228,-46.653353,2022-12-03 15:17:00,verdadeiro,755.71,Pinheiros,31.4,3.88,3.70728707313538
-46.718255,-23.545658,1362,20.63,89,1012,,27.69,4,chuva muito forte,18.75,-23.545658,-46.718255,2022-12-03 16:24:00,verdadeiro,721,Pinheiros,31.4,31.37,2.96876573562622
-46.69727,-23.597572,1363,22.45,86,1012,,3.81,4,chuva moderada,19.99,-23.597572,-46.69727,2022-12-05 15:58:00,verdadeiro,726.98,Butantã,12.3,12.55,3.37449097633362
-46.734269,-23.546805,1364,21.63,90,1013,,7.11,4,chuva forte,19.92,-23.546805,-46.734269,2022-12-05 13:25:00,verdadeiro,717.75,Lapa,17.4,13.31,3.7360565662384
-46.711939,-23.592217,1365,21.53,87,1016,,0.17,4,chuva leve,19.27,-23.592217,-46.711939,2022-12-06 09:45:00,verdadeiro,793.1,Butantã,53.2,13.5,3.27780985832214
-46.710785,-23.570499,1366,20.52,89,1016,,25.66,4,chuva muito forte,18.64,-23.570499,-46.710785,2022-12-06 20:57:00,verdadeiro,724.99,Butantã,53.2,74.1,6.08080530166626
-46.738778,-23.595662,1367,19.57,91,1016,,33.78,4,chuva muito forte,18.06,-23.595662,-46.738778,2022-12-06 21:11:00,verdadeiro,737.37,Butantã,53.2,35.49,2.49744963645935
-46.690716,-23.588518,1368,20.2,93,1016,,23.75,4,chuva muito forte,19.03,-23.588518,-46.690716,2022-12-06 21:53:00,verdadeiro,720.28,Butantã,53.2,78.37,3.34257745742798
-46.74059,-23.528919,1369,20.62,89,1016,,1.02,4,chuva moderada,18.74,-23.528919,-46.74059,2022-12-06 08:04:00,verdadeiro,718.75,Lapa,41.4,15.45,2.49744963645935
-46.69535,-23.512181,1370,22.4,93,1014,,0.51,4,chuva moderada,21.21,-23.512181,-46.69535,2022-12-06 16:55:00,verdadeiro,720.07,Lapa,41.4,2.8,1.03755331039429
-46.675195,-23.519269,1371,19.76,94,1016,,33.78,4,chuva muito forte,18.77,-23.519269,-46.675195,2022-12-06 21:19:00,verdadeiro,719.56,Lapa,41.4,35.49,5.57038927078247
-46.697113,-23.559298,1372,20.44,87,1016,,1.52,4,chuva moderada,18.2,-23.559298,-46.697113,2022-12-06 07:52:00,verdadeiro,727.35,Pinheiros,65.4,17.98,3.09265065193176
-46.660936,-23.602052,1373,22.13,90,1014,,3.18,4,chuva moderada,20.41,-23.602052,-46.660936,2022-12-06 16:59:00,verdadeiro,751.39,Pinheiros,65.4,5.47,8.17378044128418
-46.689596,-23.593998,1374,20.47,93,1016,,15.75,4,chuva forte,19.3,-23.593998,-46.689596,2022-12-06 20:41:00,verdadeiro,720.77,Pinheiros,65.4,22.79,3.98554301261902
-46.694462,-23.593718,1375,21.92,92,1015,,0.76,4,chuva leve,20.56,-23.593718,-46.694462,2022-12-07 09:59:00,verdadeiro,723.6,Butantã,3.4,1.38,8.52475452423096
-46.738668,-23.595854,1376,17.97,90,1007,,15.75,4,chuva forte,16.31,-23.595854,-46.738668,2022-12-13 07:48:00,verdadeiro,739.28,Butantã,25.6,17.59,5.28619813919067
-46.719246,-23.604353,1377,18.18,94,1007,,2.11,4,chuva moderada,17.2,-23.604353,-46.719246,2022-12-13 07:56:00,verdadeiro,743.56,Butantã,25.6,3.95,0.984320282936096
-46.680671,-23.514677,1378,18.13,93,1008,,2.29,4,chuva moderada,16.98,-23.514677,-46.680671,2022-12-13 08:58:00,verdadeiro,723.83,Lapa,24.8,5.99,8.14809894561768
-46.695991,-23.588962,1379,17.94,90,1007,,15.75,4,chuva forte,16.28,-23.588962,-46.695991,2022-12-13 07:47:00,verdadeiro,724.54,Pinheiros,27.4,17.59,1.39190220832825
-46.70916,-23.55293,1380,16.98,100,1007,,2.11,4,chuva forte,16.98,-23.55293,-46.70916,2022-12-13 07:59:00,verdadeiro,720.25,Pinheiros,27.4,3.95,4.2579517364502
-46.71825,-23.545644,1381,18.29,89,1008,,17.53,4,chuva muito forte,16.45,-23.545644,-46.71825,2022-12-13 08:33:00,verdadeiro,721,Pinheiros,27.4,20.39,2.96876573562622
-46.531227,-23.544331,1382,19.08,99,1014,,1.44,2,chuva moderada,18.92,-23.544331,-46.531227,2022-11-11 18:22:00,verdadeiro,730.34,Aricanduva/ Vila Formosa,35.9,2.71,4.14342880249023
-46.457891,-23.537263,1383,18.69,100,1014,,1.44,2,chuva moderada,18.69,-23.537263,-46.457891,2022-11-11 18:17:00,verdadeiro,751.06,Aricanduva/ Vila Formosa,35.9,2.71,5.00677919387817
-46.516475,-23.516891,1384,18.94,100,1014,,1.44,2,chuva moderada,18.94,-23.516891,-46.516475,2022-11-11 18:11:00,verdadeiro,741.84,Aricanduva/ Vila Formosa,35.9,2.71,1.85558569431305
-46.535154,-23.514405,1385,18.94,97,1015,,4.09,3,chuva forte,18.45,-23.514405,-46.535154,2022-11-11 18:32:00,verdadeiro,735.16,Aricanduva/ Vila Formosa,35.9,6.8,3.34257745742798
-46.459074,-23.541066,1386,22.11,88,1013,,0.27,2,chuva leve,20.03,-23.541066,-46.459074,2022-11-22 18:17:00,verdadeiro,749.66,Itaquera,13,0.4,3.54483652114868
-46.602464,-23.547743,1387,18.56,93,1010,,0,4,trovoada com chuva forte,17.41,-23.547743,-46.602464,2022-11-23 19:10:00,verdadeiro,735.15,Mooca,30.9,0.28,2.82047843933105
-46.60664,-23.542773,1388,18.95,87,1012,,0.18,1,chuva leve,16.74,-23.542773,-46.60664,2022-11-23 19:32:00,verdadeiro,732.14,Mooca,30.9,0.18,1.35270059108734
-46.607073,-23.568005,1389,17.94,88,1008,,5.64,3,chuva forte,15.92,-23.568005,-46.607073,2022-11-28 14:05:00,verdadeiro,728.09,Mooca,29.9,7.09,0.464048534631729
-46.577459,-23.555965,1390,18.25,84,1008,,5.64,3,chuva forte,15.5,-23.555965,-46.577459,2022-11-28 14:08:00,verdadeiro,735.38,Vila Prudente,38.1,7.09,5.64620971679688
-46.54394,-23.590061,1391,18.48,82,1008,,5.64,3,chuva forte,15.35,-23.590061,-46.54394,2022-11-28 14:13:00,verdadeiro,752.82,Vila Prudente,38.1,7.09,0.928036212921143
-46.567847,-23.589144,1392,18.57,82,1008,,5.64,3,chuva forte,15.44,-23.589144,-46.567847,2022-11-28 14:18:00,verdadeiro,772.67,Vila Prudente,38.1,7.09,1.35270059108734
-46.572097,-23.579958,1393,23.52,78,1012,,3.88,4,chuva moderada,19.46,-23.579958,-46.572097,2022-12-03 15:04:00,verdadeiro,740.18,Mooca,23.3,12.02,1.91265225410461
-46.543729,-23.590331,1394,23.41,78,1012,,3.88,4,chuva moderada,19.36,-23.590331,-46.543729,2022-12-03 15:10:00,verdadeiro,753.54,Mooca,23.3,12.02,0.984320282936096
-46.59052,-23.587396,1395,23.38,78,1012,,3.88,4,chuva moderada,19.33,-23.587396,-46.59052,2022-12-03 15:07:00,verdadeiro,728.76,Vila Prudente,34.7,12.02,2.36490035057068
-46.450673,-23.532735,1396,20.49,100,1016,,0,4,chuva moderada,20.49,-23.532735,-46.450673,2022-12-06 20:55:00,verdadeiro,754.98,Itaquera,42.8,2.12,4.63047933578491
-46.457623,-23.54159,1397,20.38,100,1016,,0,4,trovoada com chuva fraca,20.38,-23.54159,-46.457623,2022-12-06 22:24:00,verdadeiro,747.32,Itaquera,42.8,0.28,0.464048534631729
-46.609973,-23.539626,1398,21.09,96,1015,,0,4,trovoadas,20.43,-23.539626,-46.609973,2022-12-06 19:58:00,verdadeiro,729.83,Mooca,47.3,6.45,5.96631669998169
-46.575019,-23.526789,1399,20.02,99,1016,,0.57,4,chuva leve,19.86,-23.526789,-46.575019,2022-12-06 06:50:00,verdadeiro,721.32,Penha,42.9,2.93,5.84952116012573
-46.518237,-23.535653,1400,20.91,100,1015,,0,4,chuva forte,20.91,-23.535653,-46.518237,2022-12-06 20:16:00,verdadeiro,745.57,Penha,42.9,6.45,4.36943054199219
-46.54039,-23.533505,1401,20,99,1016,,0,4,chuva forte,19.84,-23.533505,-46.54039,2022-12-06 20:57:00,verdadeiro,739.14,Penha,42.9,2.12,11.2804288864136
-46.457546,-23.541331,1402,28.33,57,1009,,0.57,1,chuva leve,19,-23.541331,-46.457546,2022-12-11 15:14:00,verdadeiro,747.1,Itaquera,25.1,0.57,1.35270059108734
-46.458746,-23.540703,1403,28.33,57,1009,,0.57,1,chuva leve,19,-23.540703,-46.458746,2022-12-11 15:23:00,verdadeiro,750.32,Itaquera,25.1,0.57,2.93240189552307
-46.456539,-23.537558,1404,28.61,58,1009,,0.58,2,chuva leve,19.54,-23.537558,-46.456539,2022-12-11 15:31:00,verdadeiro,745.81,Itaquera,25.1,1.15,3.99894142150879
-46.458893,-23.542724,1405,28.62,58,1009,,0.58,2,chuva leve,19.55,-23.542724,-46.458893,2022-12-11 15:39:00,verdadeiro,747.77,Itaquera,25.1,1.15,1.91265225410461
-46.532996,-23.531981,1406,17.57,95,1007,,2.25,4,chuva forte,16.76,-23.531981,-46.532996,2022-12-13 07:59:00,verdadeiro,742.04,Mooca,26.7,3.48,12.1325874328613
-46.602094,-23.547553,1407,17.32,98,1007,,2.25,4,chuva forte,17,-23.547553,-46.602094,2022-12-13 08:01:00,verdadeiro,735.21,Mooca,26.7,3.48,2.64366388320923
-46.51538,-23.528963,1408,21.63,88,1016,,6.8,4,chuva forte,19.56,-23.528963,-46.51538,2022-12-31 14:06:00,verdadeiro,743.44,Penha,22.1,8.18,6.01061630249023
-46.519926,-23.536925,1409,21.82,88,1016,,6.8,4,chuva forte,19.74,-23.536925,-46.519926,2022-12-31 14:10:00,verdadeiro,742.71,Penha,22.1,8.18,4.99612379074097
-46.526944,-23.549566,1410,21.95,85,1016,,5.72,4,chuva forte,19.31,-23.549566,-46.526944,2022-12-31 14:34:00,verdadeiro,733.63,Penha,22.1,13.74,1.35270059108734
-46.68191,-23.617792,1411,19.32,95,1015,,8.38,3,chuva forte,18.5,-23.617792,-46.68191,2022-11-11 17:49:00,verdadeiro,736.57,Santo Amaro,18.1,12.12,4.10453462600708
-46.698804,-23.61461,1412,20.18,86,1013,,0.44,3,chuva leve,17.76,-23.61461,-46.698804,2022-11-22 17:55:00,verdadeiro,722.86,Santo Amaro,6.5,1.44,2.07442665100098
-46.686853,-23.625663,1413,19.09,89,1013,,6.6,3,chuva forte,17.24,-23.625663,-46.686853,2022-11-23 19:48:00,verdadeiro,730.53,Santo Amaro,21.9,57.91,1.85558569431305
-46.749814,-23.676285,1414,16,88,1015,,0,0,névoa,14.02,-23.676285,-46.749814,2022-11-25 05:12:00,verdadeiro,759.87,M'Boi Mirim,12.6,0,8.56755828857422
-46.736086,-23.807587,1415,17.31,95,1016,,0.17,4,chuva leve,16.5,-23.807587,-46.736086,2022-11-25 00:06:00,verdadeiro,777.08,Parelheiros,15.1,0.47,2.38750553131104
-46.769979,-23.664084,1416,18.42,94,1009,,2.54,4,chuva moderada,17.44,-23.664084,-46.769979,2022-11-28 14:58:00,verdadeiro,758.51,Campo Limpo,31.2,13.43,1.35270059108734
-46.653412,-23.584975,1417,19.23,77,1008,,0.92,3,chuva leve,15.1,-23.584975,-46.653412,2022-11-28 14:13:00,verdadeiro,750.56,Vila Mariana,21.5,2.25,2.80138683319092
-46.662487,-23.617136,1418,19.19,77,1008,,0.92,3,chuva leve,15.06,-23.617136,-46.662487,2022-11-28 14:17:00,verdadeiro,753.64,Vila Mariana,21.5,2.25,3.94507098197937
-46.664367,-23.605762,1419,17.23,94,1008,,9.03,4,chuva forte,16.26,-23.605762,-46.664367,2022-11-28 14:38:00,verdadeiro,746.59,Vila Mariana,21.5,11.28,2.2001416683197
-46.662803,-23.604074,1420,17.23,94,1008,,9.03,4,chuva forte,16.26,-23.604074,-46.662803,2022-11-28 14:40:00,verdadeiro,748.61,Vila Mariana,21.5,11.28,1.35270059108734
-46.739881,-23.670088,1421,20.28,92,1006,,0.69,4,chuva leve,18.94,-23.670088,-46.739881,2022-11-30 18:19:00,verdadeiro,733.31,Campo Limpo,34.4,13.22,3.29412221908569
-46.690676,-23.588416,1422,23.43,93,1010,,16.76,4,chuva muito forte,22.23,-23.588416,-46.690676,2022-12-02 15:50:00,verdadeiro,720.26,Santo Amaro,3.6,21.56,2.9506402015686
-46.690651,-23.588407,1423,24.57,81,1012,,0.89,4,chuva leve,21.09,-23.588407,-46.690651,2022-12-03 15:23:00,verdadeiro,720.33,Vila Mariana,45,3.88,2.9506402015686
-46.690725,-23.588531,1424,21.72,88,1012,,3.81,4,chuva moderada,19.65,-23.588531,-46.690725,2022-12-03 15:48:00,verdadeiro,720.27,Vila Mariana,45,7.36,3.34257745742798
-46.683914,-23.621529,1425,21.64,91,1013,,8.51,4,chuva forte,20.11,-23.621529,-46.683914,2022-12-05 12:59:00,verdadeiro,733.42,Santo Amaro,12.9,8.81,2.9506402015686
-46.678637,-23.622484,1426,20.81,93,1012,,12.19,4,chuva forte,19.64,-23.622484,-46.678637,2022-12-05 16:14:00,verdadeiro,731.56,Santo Amaro,12.9,20.3,2.31902623176575
-46.687888,-23.627112,1427,21.57,94,1015,,28.7,4,chuva muito forte,20.56,-23.627112,-46.687888,2022-12-06 19:51:00,verdadeiro,727.73,Santo Amaro,44.8,37.52,3.94507098197937
-46.678363,-23.622801,1428,21.33,94,1015,,20.96,4,chuva muito forte,20.32,-23.622801,-46.678363,2022-12-06 20:06:00,verdadeiro,731.61,Santo Amaro,44.8,24.7,3.7360565662384
-46.658583,-23.607333,1429,22.05,91,1014,,2.54,4,chuva moderada,20.51,-23.607333,-46.658583,2022-12-06 17:04:00,verdadeiro,756.07,Vila Mariana,81.8,4.83,10.5670099258423
-46.653455,-23.58528,1430,21.29,94,1015,,0.51,4,chuva leve,20.29,-23.58528,-46.653455,2022-12-06 20:01:00,verdadeiro,749.86,Vila Mariana,81.8,4.89,3.94507098197937
-46.665905,-23.607566,1431,20.27,94,1016,,25.66,4,chuva muito forte,19.27,-23.607566,-46.665905,2022-12-06 20:49:00,verdadeiro,745.26,Vila Mariana,81.8,56.4,3.10994267463684
-46.668956,-23.585346,1432,19.91,93,1016,,19.18,4,chuva muito forte,18.74,-23.585346,-46.668956,2022-12-06 21:23:00,verdadeiro,732.5,Vila Mariana,81.8,34.86,0.984320282936096
-46.713219,-23.675165,1433,20.8,94,1015,,0,0,nublado,19.8,-23.675165,-46.713219,2022-12-07 07:28:00,verdadeiro,739.07,Capela do Socorro,1.2,0,2.31902623176575
-46.68709,-23.62608,1434,17.52,92,1007,,15.75,4,chuva forte,16.21,-23.62608,-46.68709,2022-12-13 07:44:00,verdadeiro,728.76,Santo Amaro,25.3,25.21,3.54483652114868
-46.680196,-23.615955,1435,19.55,94,1007,,2.11,4,chuva moderada,18.56,-23.615955,-46.680196,2022-12-13 07:53:00,verdadeiro,741.89,Santo Amaro,25.3,3.95,5.89472436904907
-46.702525,-23.658225,1436,19.73,94,1007,,3.18,4,chuva moderada,18.74,-23.658225,-46.702525,2022-12-13 08:04:00,verdadeiro,734.12,Santo Amaro,25.3,12.64,1.18295407295227
-46.690686,-23.588398,1437,18.39,96,1007,,1.02,4,chuva moderada,17.74,-23.588398,-46.690686,2022-12-13 08:16:00,verdadeiro,720.22,Santo Amaro,25.3,2.55,2.9506402015686
-46.729383,-23.668978,1438,18.24,94,1007,,3.09,4,chuva moderada,17.26,-23.668978,-46.729383,2022-12-13 08:17:00,verdadeiro,739.17,Santo Amaro,25.3,12.55,3.37449097633362
-46.654724,-23.586125,1439,19.58,94,1007,,2.11,4,chuva moderada,18.59,-23.586125,-46.654724,2022-12-13 07:58:00,verdadeiro,752.77,Vila Mariana,26.1,3.95,4.36943054199219
-46.651398,-23.600458,1440,18.18,94,1007,,2.11,4,chuva moderada,17.2,-23.600458,-46.651398,2022-12-13 07:59:00,verdadeiro,748.17,Vila Mariana,26.1,3.95,3.48386597633362
-46.653412,-23.585093,1441,18.15,96,1007,,1.78,4,chuva moderada,17.5,-23.585093,-46.653412,2022-12-13 08:20:00,verdadeiro,749.87,Vila Mariana,26.1,3.95,2.80138683319092
-46.63233,-23.590509,1442,17.09,82,1015,,0,0,nuvens dispersas,14,-23.590509,-46.63233,2022-12-14 06:55:00,verdadeiro,795.09,Vila Mariana,0.1,0,10.7788600921631
-46.686908,-23.625756,1443,20.72,91,1008,,0.34,4,chuva leve,19.2,-23.625756,-46.686908,2022-12-16 15:39:00,verdadeiro,730.4,Santo Amaro,19,3.5,3.10994267463684
-46.708196,-23.67967,1444,20.3,95,1012,,2.79,3,chuva moderada,19.47,-23.67967,-46.708196,2022-12-28 04:53:00,verdadeiro,749.53,Capela do Socorro,15.3,13.2,1.85558569431305
-46.714987,-23.674581,1445,20.15,96,1013,,4.06,4,chuva forte,19.49,-23.674581,-46.714987,2022-12-28 07:40:00,verdadeiro,737.89,Capela do Socorro,15.3,14.47,1.67271196842194
-46.705171,-23.680077,1446,20.17,95,1013,,0,4,chuva leve,19.34,-23.680077,-46.705171,2022-12-28 08:03:00,verdadeiro,736.62,Capela do Socorro,15.3,10.91,2.9506402015686
-46.729392,-23.668954,1447,20.25,95,1013,,0.42,4,chuva leve,19.42,-23.668954,-46.729392,2022-12-28 05:49:00,verdadeiro,738.94,M'Boi Mirim,17,0.65,3.37449097633362
-46.756421,-23.615445,1448,23.28,83,1016,,6.3,4,chuva forte,20.23,-23.615445,-46.756421,2022-12-31 15:26:00,verdadeiro,738.94,Campo Limpo,28.8,8.79,3.37449097633362
-46.684285,-23.488154,1449,25.15,76,1009,,0.17,3,chuva leve,20.62,-23.488154,-46.684285,2023-01-03 16:20:00,verdadeiro,727.11,Casa Verde,6.6,6.12,7.33369398117065
-46.611453,-23.491235,1450,21.05,95,1009,,0.36,4,chuva leve,20.22,-23.491235,-46.611453,2023-01-03 18:06:00,verdadeiro,741.47,Santana,8.7,2.39,6.54239559173584
-46.683775,-23.499212,1451,19.89,97,1014,,30.73,4,chuva muito forte,19.4,-23.499212,-46.683775,2023-01-10 16:52:00,verdadeiro,730.91,Freguesia do Ó,14.8,38.6,6.27809810638428
-46.692418,-23.494652,1452,19.86,96,1014,,8.89,4,chuva forte,19.2,-23.494652,-46.692418,2023-01-10 17:04:00,verdadeiro,727.11,Jaçanã/ Tremembé,6.8,35.3,5.11208724975586
-46.636322,-23.518053,1453,25.64,69,1010,,0,2,trovoada com chuva fraca,19.53,-23.518053,-46.636322,2023-01-23 14:04:00,verdadeiro,721.13,Santana,7.3,0.25,6.70211410522461
-46.571866,-23.472835,1454,22.97,88,1010,,0.17,4,chuva leve,20.88,-23.472835,-46.571866,2023-01-24 17:15:00,verdadeiro,732.01,Jaçanã/ Tremembé,24.8,2.38,1.03755331039429
-46.744011,-23.404911,1455,22.71,88,1009,,0.24,4,chuva leve,20.62,-23.404911,-46.744011,2023-01-24 17:21:00,verdadeiro,747.98,Perus,32.6,1.33,3.54483652114868
-46.752962,-23.404541,1456,22.79,88,1009,,0.24,4,chuva leve,20.7,-23.404541,-46.752962,2023-01-24 17:29:00,verdadeiro,735.32,Perus,32.6,1.33,1.03755331039429
-46.751521,-23.405635,1457,22.76,88,1010,,0.19,4,chuva leve,20.67,-23.405635,-46.751521,2023-01-24 17:30:00,verdadeiro,737.21,Perus,32.6,1.14,1.7665228843689
-46.750048,-23.405335,1458,23.61,79,1010,,0.15,4,chuva leve,19.76,-23.405335,-46.750048,2023-01-24 17:38:00,verdadeiro,736.63,Perus,32.6,0.79,3.10994267463684
-46.707034,-23.498715,1459,23.87,81,1014,,2,4,chuva moderada,20.41,-23.498715,-46.707034,2023-01-28 16:12:00,verdadeiro,725.43,Freguesia do Ó,31.9,6.1,3.02248573303223
-46.70659,-23.488671,1460,23.84,81,1014,,2,4,chuva moderada,20.38,-23.488671,-46.70659,2023-01-28 16:15:00,verdadeiro,764.01,Pirituba/Jaraguá,23.4,6.1,4.63047933578491
-46.721559,-23.460704,1461,21.35,94,1011,,0,4,trovoada com chuva,20.34,-23.460704,-46.721559,2023-01-29 15:54:00,verdadeiro,830.73,Perus,12.2,0.71,12.9068193435669
-46.561065,-23.507287,1462,21.1,97,1015,,0.7,3,chuva leve,20.61,-23.507287,-46.561065,2023-02-01 21:19:00,verdadeiro,728.43,Vila Maria/ Vila Guilherme,20.1,1.15,3.10994267463684
-46.684489,-23.502424,1463,24.45,78,1013,,0.12,4,chuva leva,20.36,-23.502424,-46.684489,2023-02-06 13:41:00,verdadeiro,721.02,Casa Verde,10.8,0.58,1.99518501758575
-46.683826,-23.499216,1464,19.89,100,1015,,1.5,4,chuva moderada,19.89,-23.499216,-46.683826,2023-02-07 15:57:00,verdadeiro,730.54,Casa Verde,47.7,9.83,6.27809810638428
-46.698744,-23.489819,1465,23.12,82,1015,,5.6,4,chuva forte,19.88,-23.489819,-46.698744,2023-02-07 14:30:00,verdadeiro,732.19,Freguesia do Ó,45.5,8.53,0.656249403953552
-46.709547,-23.496491,1466,19.9,100,1015,,1.5,4,chuva moderada,19.9,-23.496491,-46.709547,2023-02-07 16:02:00,verdadeiro,743.86,Freguesia do Ó,45.5,9.83,8.16736793518066
-46.57181,-23.472814,1467,20.88,94,1015,,4.47,4,chuva forte,19.88,-23.472814,-46.57181,2023-02-07 14:39:00,verdadeiro,731.98,Vila Maria/ Vila Guilherme,39.2,7.55,1.03755331039429
-46.57352,-23.473637,1468,20.84,97,1015,,4.47,4,chuva forte,20.35,-23.473637,-46.57352,2023-02-07 15:19:00,verdadeiro,732.78,Vila Maria/ Vila Guilherme,39.2,7.55,2.96876573562622
-46.727233,-23.512183,1469,19.94,98,1015,,1.12,4,chuva moderada,19.61,-23.512183,-46.727233,2023-02-07 16:31:00,verdadeiro,728.46,Pirituba/Jaraguá,36.3,9.49,1.46716165542603
-46.684639,-23.502828,1470,19.85,95,1013,,15.75,4,chuva forte,19.03,-23.502828,-46.684639,2023-02-12 18:16:00,verdadeiro,720.98,Casa Verde,22.6,18.19,1.91265225410461
-46.631839,-23.502829,1471,21.62,92,1008,,0,0,nuvens dispersas,20.26,-23.502829,-46.631839,2023-02-15 15:41:00,verdadeiro,727.63,Santana,15.3,0,3.48386597633362
-46.684639,-23.503438,1472,19.44,95,1010,,11.43,1,chuva forte,18.62,-23.503438,-46.684639,2023-02-16 21:17:00,verdadeiro,721.82,Casa Verde,38.2,11.43,2.2001416683197
-46.683995,-23.501119,1473,19.35,95,1010,,11.43,1,chuva forte,18.53,-23.501119,-46.683995,2023-02-16 21:22:00,verdadeiro,722.79,Casa Verde,38.2,11.43,2.64366388320923
-46.686068,-23.502482,1474,19.39,97,1010,,15.49,1,chuva forte,18.9,-23.502482,-46.686068,2023-02-16 21:34:00,verdadeiro,721.44,Casa Verde,38.2,15.49,1.46716165542603
-46.625269,-23.515329,1475,20.21,92,1008,,0,0,céu limpo,18.87,-23.515329,-46.625269,2023-02-17 03:12:00,verdadeiro,721.8,Santana,0.3,0,2.36490035057068
-46.661984,-23.493084,1476,23.72,83,1015,,4.06,4,chuva forte,20.66,-23.493084,-46.661984,2023-02-18 14:05:00,verdadeiro,732.57,Casa Verde,43.4,17.39,3.52969360351562
-46.629314,-23.513522,1477,21.69,92,1011,,0,0,chuva forte,20.33,-23.513522,-46.629314,2023-02-18 02:29:00,verdadeiro,722.21,Santana,43.3,0,4.56079053878784
-46.686426,-23.508753,1478,21.68,89,1015,,33.02,4,chuva muito forte,19.79,-23.508753,-46.686426,2023-02-18 14:15:00,verdadeiro,720.09,Santana,43.3,46.35,5.08072853088379
-46.625264,-23.515073,1479,20.79,92,1016,,0.42,4,chuva leve,19.44,-23.515073,-46.625264,2023-02-18 17:20:00,verdadeiro,721.67,Santana,43.3,4.81,3.6195912361145
-46.628793,-23.518396,1480,18.06,97,1018,,0.25,4,chuva moderada,17.58,-23.518396,-46.628793,2023-02-19 05:31:00,verdadeiro,720.39,Santana,24,4.19,2.80138683319092
-46.611079,-23.493713,1481,23.66,81,1015,,0.42,4,chuva leve,20.21,-23.493713,-46.611079,2023-02-20 17:44:00,verdadeiro,734.38,Vila Maria/ Vila Guilherme,30.6,4.37,2.96876573562622
-46.610352,-23.490465,1482,22.58,85,1015,,0.42,4,chuva leve,19.93,-23.490465,-46.610352,2023-02-20 17:55:00,verdadeiro,736.27,Santana,25.2,4.37,5.79479932785034
-46.615748,-23.50083,1483,22.62,87,1015,,0.42,4,chuva leve,20.35,-23.50083,-46.615748,2023-02-20 17:55:00,verdadeiro,728.37,Santana,25.2,4.37,2.07442665100098
-46.618303,-23.509798,1484,22.55,89,1015,,0.42,4,chuva leve,20.65,-23.509798,-46.618303,2023-02-20 18:07:00,verdadeiro,723.68,Santana,25.2,4.37,1.67271196842194
-46.61037,-23.490489,1485,20.8,93,1015,,0,4,chuva leve,19.63,-23.490489,-46.61037,2023-02-20 18:44:00,verdadeiro,736.31,Santana,25.2,3.23,5.79479932785034
-46.675737,-23.504983,1486,21.96,88,1017,,0.43,4,chuva leve,19.88,-23.504983,-46.675737,2023-02-23 16:30:00,verdadeiro,720.29,Casa Verde,6.5,1.69,0.733701109886169
-46.574002,-23.473863,1487,21.32,90,1017,,0.2,4,chuva leve,19.61,-23.473863,-46.574002,2023-02-23 16:04:00,verdadeiro,733.04,Vila Maria/ Vila Guilherme,11.1,4.97,0.733701109886169
-46.491949,-23.580719,1488,25.04,73,1015,,2.36,4,chuva moderada,19.86,-23.580719,-46.491949,2023-01-01 14:16:00,verdadeiro,744.08,Itaquera,20.4,4.12,10.0674085617065
-46.456802,-23.536909,1489,22.95,88,1014,,0.22,4,chuva leve,20.86,-23.536909,-46.456802,2023-01-01 14:35:00,verdadeiro,744.05,Itaquera,20.4,4.11,1.7665228843689
-46.602525,-23.54772,1490,17.12,96,1015,,1.28,4,chuva forte,16.48,-23.54772,-46.602525,2023-01-05 08:38:00,verdadeiro,735.54,Mooca,12.8,6.47,2.82047843933105
-46.602924,-23.555238,1491,24.8,75,1014,,1.02,4,chuva moderada,20.07,-23.555238,-46.602924,2023-01-10 16:19:00,verdadeiro,740.23,Mooca,12.6,1.93,0.984320282936096
-46.606897,-23.567918,1492,20.47,97,1014,,0.97,4,chuva leve,19.98,-23.567918,-46.606897,2023-01-10 17:30:00,verdadeiro,728.48,Mooca,12.6,4.94,0.464048534631729
-46.625601,-23.549306,1493,19.2,91,1014,,0,4,névoa,17.7,-23.549306,-46.625601,2023-01-12 05:58:00,verdadeiro,724.11,Mooca,0.9,1.53,1.46716165542603
-46.625623,-23.549326,1494,23.82,81,1013,,0,4,chuva forte,20.36,-23.549326,-46.625623,2023-01-13 08:59:00,verdadeiro,724.18,Mooca,30.4,0.25,1.46716165542603
-46.606911,-23.567888,1495,19.57,95,1014,,11.94,1,chuva forte,18.75,-23.567888,-46.606911,2023-01-13 22:43:00,verdadeiro,728.53,Mooca,30.4,11.94,2.36490035057068
-46.602489,-23.547708,1496,18.97,98,1014,,36.58,1,chuva muito forte,18.65,-23.547708,-46.602489,2023-01-13 22:55:00,verdadeiro,735.48,Mooca,30.4,36.58,2.82047843933105
-46.602489,-23.547708,1497,18.97,98,1014,,14.99,1,chuva forte,18.65,-23.547708,-46.602489,2023-01-13 23:02:00,verdadeiro,735.48,Mooca,30.4,14.99,2.82047843933105
-46.577469,-23.555981,1498,20.02,94,1013,,0,0,chuva leve,19.02,-23.555981,-46.577469,2023-01-14 01:08:00,verdadeiro,735.43,Mooca,3.7,0,3.48386597633362
-46.540393,-23.533437,1499,19.88,94,1013,,0,0,trovoada com chuva,18.89,-23.533437,-46.540393,2023-01-14 00:36:00,verdadeiro,738.91,Penha,3.9,0,7.1885552406311
-46.567844,-23.589059,1500,23.49,77,1014,,0.82,3,chuva leve,19.23,-23.589059,-46.567844,2023-01-15 17:25:00,verdadeiro,772.34,Vila Prudente,54.2,2.08,1.35270059108734
-46.54399,-23.58997,1501,21.11,88,1014,,0.82,3,chuva leve,19.05,-23.58997,-46.54399,2023-01-15 17:29:00,verdadeiro,752.96,Vila Prudente,54.2,2.08,0.928036212921143
-46.438464,-23.581579,1502,23.44,88,1015,,0,0,céu limpo,21.34,-23.581579,-46.438464,2023-01-16 06:46:00,verdadeiro,797.41,Itaquera,2,0,10.3304805755615
-46.602632,-23.547769,1503,21.16,89,1015,,0,4,névoa,19.28,-23.547769,-46.602632,2023-01-28 16:44:00,verdadeiro,735.63,Mooca,12.2,8.13,2.82047843933105
-46.457381,-23.541257,1504,22.97,83,1011,,0,4,trovoada com chuva fraca,19.93,-23.541257,-46.457381,2023-01-29 15:38:00,verdadeiro,746.55,Itaquera,70.6,2.94,1.35270059108734
-46.45656,-23.537552,1505,22.95,83,1011,,0,4,trovoada com chuva fraca,19.91,-23.537552,-46.45656,2023-01-29 16:13:00,verdadeiro,745.75,Itaquera,70.6,2.94,3.99894142150879
-46.454394,-23.534584,1506,23.01,83,1011,,0,4,trovoada com chuva fraca,19.97,-23.534584,-46.454394,2023-01-29 16:14:00,verdadeiro,743.04,Itaquera,70.6,2.94,2.2001416683197
-46.448083,-23.530486,1507,21.87,83,1011,,1.08,4,chuva moderada,18.85,-23.530486,-46.448083,2023-01-29 16:55:00,verdadeiro,762.48,Itaquera,70.6,3.86,8.25031757354736
-46.492001,-23.535795,1508,21.41,87,1011,,1.08,4,chuva moderada,19.16,-23.535795,-46.492001,2023-01-29 16:55:00,verdadeiro,785.9,Itaquera,70.6,3.86,3.37449097633362
-46.482537,-23.542684,1509,22.53,87,1011,,0,4,trovoada com chuva fraca,20.26,-23.542684,-46.482537,2023-01-29 16:13:00,verdadeiro,781.77,Penha,32.5,2.94,1.64024698734283
-46.489908,-23.621254,1510,19.98,93,1011,,1.08,4,chuva moderada,18.81,-23.621254,-46.489908,2023-01-29 16:45:00,verdadeiro,784.87,Sapopemba,41.1,3.86,6.24424839019775
-46.444684,-23.597162,1511,25.68,83,1011,,0,4,trovoada com chuva fraca,22.58,-23.597162,-46.444684,2023-01-29 15:36:00,verdadeiro,770.4,São Mateus,46.4,2.94,2.9506402015686
-46.526529,-23.547714,1512,21.64,90,1011,,1.62,4,chuva moderada,19.93,-23.547714,-46.526529,2023-01-29 17:35:00,verdadeiro,731.44,São Mateus,46.4,2.82,3.34257745742798
-46.54188,-23.539749,1513,21.86,95,1012,,0.21,3,chuva leve,21.02,-23.539749,-46.54188,2023-01-29 19:10:00,verdadeiro,728.55,São Mateus,46.4,2.91,4.63047933578491
-46.436763,-23.551056,1514,20.93,100,1016,,0,4,chuva forte,20.93,-23.551056,-46.436763,2023-01-31 22:00:00,verdadeiro,803.8,Itaquera,43.6,0.62,3.94507098197937
-46.457623,-23.54155,1515,19.97,100,1016,,0,4,chuva forte,19.97,-23.54155,-46.457623,2023-01-31 22:00:00,verdadeiro,746.82,Itaquera,43.6,0.62,0.464048534631729
-46.456813,-23.536919,1516,19.95,100,1016,,0,4,chuva forte,19.95,-23.536919,-46.456813,2023-01-31 22:07:00,verdadeiro,744.09,Itaquera,43.6,0.62,1.35270059108734
-46.453982,-23.506297,1517,20.06,100,1016,,0,4,chuva moderada,20.06,-23.506297,-46.453982,2023-01-31 22:38:00,verdadeiro,736.19,São Miguel Paulista,45.1,0.45,1.39190220832825
-46.486624,-23.507202,1518,19.85,100,1016,,0,4,chuva forte,19.85,-23.507202,-46.486624,2023-01-31 22:06:00,verdadeiro,774.86,Penha,35,0.62,5.89472436904907
-46.444667,-23.597197,1519,21.17,100,1016,,0,4,chuva moderada,21.17,-23.597197,-46.444667,2023-01-31 22:36:00,verdadeiro,770.42,São Mateus,45.8,0.45,2.9506402015686
-46.549652,-23.537929,1520,21.19,98,1015,,0.7,3,chuva leve,20.86,-23.537929,-46.549652,2023-02-01 21:07:00,verdadeiro,728.05,Aricanduva/ Vila Formosa,27.6,1.15,2.80138683319092
-46.457344,-23.541255,1521,21.97,94,1015,,0.3,2,chuva leve,20.96,-23.541255,-46.457344,2023-02-01 20:23:00,verdadeiro,746.49,Itaquera,33.2,0.45,3.94507098197937
-46.456788,-23.536875,1522,20.95,94,1015,,0.7,3,chuva leve,19.95,-23.536875,-46.456788,2023-02-01 20:36:00,verdadeiro,744.09,Itaquera,33.2,1.15,1.7665228843689
-46.452887,-23.492212,1523,22.12,94,1015,,0.7,2,chuva leve,21.11,-23.492212,-46.452887,2023-02-01 20:30:00,verdadeiro,731.37,São Miguel Paulista,34.8,1,1.67271196842194
-46.475855,-23.574054,1524,21.44,86,1015,,0.72,4,chuva leve,19,-23.574054,-46.475855,2023-02-01 07:51:00,verdadeiro,805.2,São Mateus,30.4,3.71,2.31902623176575
-46.406636,-23.593026,1525,23.45,75,1014,,0,0,trovoadas,18.77,-23.593026,-46.406636,2023-02-02 19:30:00,verdadeiro,791.53,Cidade Tiradentes,30.2,0,3.09265065193176
-46.393047,-23.574471,1526,23.52,75,1014,,0,0,trovoadas,18.83,-23.574471,-46.393047,2023-02-02 19:30:00,verdadeiro,790.41,Cidade Tiradentes,30.2,0,4.30785942077637
-46.401993,-23.56656,1527,23.59,75,1014,,0,0,trovoadas,18.9,-23.56656,-46.401993,2023-02-02 19:30:00,verdadeiro,774.91,Cidade Tiradentes,30.2,0,2.36490035057068
-46.401265,-23.487795,1528,22.75,78,1015,,0,0,trovoada com chuva fraca,18.72,-23.487795,-46.401265,2023-02-02 08:50:00,verdadeiro,730.13,São Miguel Paulista,0.7,0,2.64366388320923
-46.482728,-23.608089,1529,23.93,74,1014,,0,0,trovoadas,19.01,-23.608089,-46.482728,2023-02-02 19:30:00,verdadeiro,785,São Mateus,31,0,5.08072853088379
-46.489881,-23.621325,1530,23.94,72,1014,,0,0,trovoadas,18.59,-23.621325,-46.489881,2023-02-02 19:50:00,verdadeiro,784.09,Vila Prudente,30.2,0,6.24424839019775
-46.530923,-23.613852,1531,24.25,72,1014,,0,0,trovoadas,18.88,-23.613852,-46.530923,2023-02-02 20:00:00,verdadeiro,744.45,Vila Prudente,30.2,0,1.35270059108734
-46.443869,-23.515037,1532,20.83,100,1014,,1.48,4,chuva moderada,20.83,-23.515037,-46.443869,2023-02-06 18:50:00,verdadeiro,774.25,São Miguel Paulista,3.9,8.23,5.41548299789429
-46.434297,-23.543331,1533,23.22,78,1014,,1.37,4,chuva moderada,19.17,-23.543331,-46.434297,2023-02-07 13:40:00,verdadeiro,764.74,Itaquera,50.7,3.3,4.05208683013916
-46.439601,-23.540737,1534,23.18,78,1014,,1.37,4,chuva moderada,19.13,-23.540737,-46.439601,2023-02-07 13:42:00,verdadeiro,787.54,Itaquera,50.7,3.3,3.60476565361023
-46.457419,-23.541324,1535,20.97,100,1014,,1.37,4,chuva moderada,20.97,-23.541324,-46.457419,2023-02-07 13:43:00,verdadeiro,746.44,Itaquera,50.7,3.3,1.35270059108734
-46.410418,-23.485738,1536,24.43,78,1014,,1.37,4,chuva moderada,20.34,-23.485738,-46.410418,2023-02-07 13:43:00,verdadeiro,730.76,Itaquera,50.7,3.3,1.99518501758575
-46.461989,-23.543595,1537,20.91,100,1014,,1.37,4,chuva moderada,20.91,-23.543595,-46.461989,2023-02-07 13:45:00,verdadeiro,750.99,Itaquera,50.7,3.3,2.64366388320923
-46.445318,-23.552014,1538,22.61,100,1014,,1.37,4,chuva moderada,22.61,-23.552014,-46.445318,2023-02-07 13:50:00,verdadeiro,755.66,Itaquera,50.7,3.3,4.65347290039062
-46.458266,-23.537561,1539,20.95,100,1014,,1.37,4,chuva moderada,20.95,-23.537561,-46.458266,2023-02-07 14:00:00,verdadeiro,754.11,Itaquera,50.7,3.3,14.5097599029541
-46.456952,-23.537155,1540,20.95,100,1014,,1.37,4,chuva moderada,20.95,-23.537155,-46.456952,2023-02-07 14:07:00,verdadeiro,744.5,Itaquera,50.7,3.3,2.31902623176575
-46.45748,-23.541484,1541,20.98,99,1015,,4.47,4,chuva forte,20.82,-23.541484,-46.45748,2023-02-07 14:30:00,verdadeiro,746.93,Itaquera,50.7,7.55,1.35270059108734
-46.489028,-23.55898,1542,21.21,92,1015,,4.47,4,chuva forte,19.86,-23.55898,-46.489028,2023-02-07 14:30:00,verdadeiro,772.31,Itaquera,50.7,7.55,6.41990661621094
-46.444724,-23.596872,1543,20.71,100,1015,,1.28,4,chuva moderada,20.71,-23.596872,-46.444724,2023-02-07 15:39:00,verdadeiro,770.45,Itaquera,50.7,8.58,1.18295407295227
-46.603063,-23.547747,1544,22.15,85,1015,,4.47,4,chuva forte,19.51,-23.547747,-46.603063,2023-02-07 14:31:00,verdadeiro,738.18,Mooca,49.5,7.55,1.7665228843689
-46.607493,-23.547091,1545,21.38,91,1015,,4.47,4,chuva forte,19.85,-23.547091,-46.607493,2023-02-07 14:43:00,verdadeiro,732.11,Mooca,49.5,7.55,0.328135460615158
-46.602384,-23.547686,1546,20.93,90,1015,,9.4,4,chuva forte,19.23,-23.547686,-46.602384,2023-02-07 15:06:00,verdadeiro,735.36,Mooca,49.5,12.89,2.82047843933105
-46.450495,-23.538212,1547,19.97,100,1014,,1.37,4,chuva moderada,19.97,-23.538212,-46.450495,2023-02-07 13:32:00,verdadeiro,746.01,São Miguel Paulista,65.1,3.3,2.10017395019531
-46.444786,-23.593552,1548,20.34,100,1017,,0.47,4,chuva leve,20.34,-23.593552,-46.444786,2023-02-07 19:34:00,verdadeiro,770.21,São Mateus,21.2,3.54,3.27780985832214
-46.618567,-23.557306,1549,22.42,82,1015,,4.47,4,chuva forte,19.2,-23.557306,-46.618567,2023-02-07 14:32:00,verdadeiro,724.57,Vila Prudente,44.1,7.55,3.02248573303223
-46.543782,-23.590292,1550,19.84,97,1015,,4.47,4,chuva forte,19.35,-23.590292,-46.543782,2023-02-07 15:28:00,verdadeiro,753.62,Vila Prudente,44.1,7.55,2.10017395019531
-46.45748,-23.54141,1551,22.97,78,1013,,6.7,3,chuva forte,18.93,-23.54141,-46.45748,2023-02-12 16:31:00,verdadeiro,746.58,Itaquera,34.8,7.61,1.35270059108734
-46.429667,-23.523707,1552,23.25,73,1014,,0,3,trovoadas,18.14,-23.523707,-46.429667,2023-02-13 19:20:00,verdadeiro,741.38,Itaquera,20,0.98,0.733701109886169
-46.406701,-23.497892,1553,23,73,1014,,0,3,trovoadas,17.9,-23.497892,-46.406701,2023-02-13 19:21:00,verdadeiro,737.53,Itaim Paulista,54.6,0.98,7.53198862075806
-46.411166,-23.494936,1554,23.15,73,1014,,0,4,trovoadas,18.05,-23.494936,-46.411166,2023-02-13 19:30:00,verdadeiro,738.31,São Miguel Paulista,41.5,0.98,3.10994267463684
-46.452974,-23.492077,1555,20.12,100,1014,,0,4,trovoada com chuva,20.12,-23.492077,-46.452974,2023-02-13 20:17:00,verdadeiro,730.39,São Miguel Paulista,41.5,0.19,2.07442665100098
-46.453725,-23.543292,1556,21.83,83,1008,,0,0,trovoada com chuva fraca,18.81,-23.543292,-46.453725,2023-02-15 15:54:00,verdadeiro,769.81,Itaquera,7.6,0,4.91003084182739
-46.459087,-23.542803,1557,21.97,83,1008,,0,0,trovoada com chuva fraca,18.95,-23.542803,-46.459087,2023-02-15 15:56:00,verdadeiro,748.17,Itaquera,7.6,0,4.40595388412476
-46.410223,-23.491125,1558,27.85,61,1010,,0,0,nuvens dispersas,19.64,-23.491125,-46.410223,2023-02-15 10:38:00,verdadeiro,733.92,São Miguel Paulista,9.5,0,2.2001416683197
-46.457406,-23.541294,1559,20.97,94,1010,,0,0,trovoada com chuva,19.97,-23.541294,-46.457406,2023-02-16 21:27:00,verdadeiro,746.5,Itaquera,19.9,0,1.35270059108734
-46.602436,-23.547714,1560,19.69,95,1010,,18.54,1,chuva muito forte,18.87,-23.547714,-46.602436,2023-02-16 21:21:00,verdadeiro,735.26,Mooca,28.4,18.54,2.82047843933105
-46.606631,-23.542765,1561,19.55,95,1011,,0,0,trovoada com chuva forte,18.73,-23.542765,-46.606631,2023-02-16 21:30:00,verdadeiro,732.12,Mooca,28.4,0,1.35270059108734
-46.594843,-23.544869,1562,19.6,95,1011,,0,0,trovoada com chuva forte,18.78,-23.544869,-46.594843,2023-02-16 21:43:00,verdadeiro,740.17,Mooca,28.4,0,3.09265065193176
-46.621851,-23.52829,1563,20.08,96,1010,,0,0,chuva leve,19.42,-23.52829,-46.621851,2023-02-16 22:35:00,verdadeiro,719.55,Mooca,28.4,0,3.02248573303223
-46.491195,-23.535892,1564,20.22,95,1010,,0,0,trovoada com chuva,19.39,-23.535892,-46.491195,2023-02-16 21:20:00,verdadeiro,786.44,Penha,28.4,0,2.10017395019531
-46.751,-23.407104,1565,19.8,100,1010,,0,0,chuva leve,19.8,-23.407104,-46.751,2023-02-16 22:31:00,verdadeiro,736.96,Penha,28.4,0,1.46716165542603
-46.444467,-23.59246,1566,21.26,83,1008,,0,0,céu limpo,18.26,-23.59246,-46.444467,2023-02-17 05:27:00,verdadeiro,768.57,São Mateus,0.3,0,1.46716165542603
-46.444701,-23.59691,1567,19.44,94,1019,,1.12,4,chuva moderada,18.45,-23.59691,-46.444701,2023-02-18 21:44:00,verdadeiro,770.4,São Mateus,32.9,3.63,1.18295407295227
-46.528879,-23.613308,1568,23.67,76,1015,,5.4,4,chuva forte,19.19,-23.613308,-46.528879,2023-02-18 13:00:00,verdadeiro,744.49,Vila Prudente,32.3,7.91,3.48386597633362
-46.612255,-23.564438,1569,20.63,92,1016,,0.36,4,chuva leve,19.28,-23.564438,-46.612255,2023-02-18 16:58:00,verdadeiro,728.51,Vila Prudente,32.3,17.61,4.27048397064209
-46.443111,-23.578241,1570,18.33,100,1020,,5.68,4,chuva forte,18.33,-23.578241,-46.443111,2023-02-19 07:40:00,verdadeiro,782.88,São Mateus,21,22.65,3.02248573303223
-46.444967,-23.594995,1571,19.81,88,1019,,3.4,4,chuva moderada,17.77,-23.594995,-46.444967,2023-02-19 14:08:00,verdadeiro,772.36,São Mateus,21,13.34,0.733701109886169
-46.618015,-23.557909,1572,18.01,98,1019,,4.57,4,chuva forte,17.69,-23.557909,-46.618015,2023-02-19 06:48:00,verdadeiro,725.42,Vila Prudente,24,19.03,5.3263201713562
-46.612255,-23.564391,1573,18.1,97,1019,,1.78,4,chuva moderada,17.62,-23.564391,-46.612255,2023-02-19 06:54:00,verdadeiro,728.29,Vila Prudente,24,14.97,4.27048397064209
-46.624643,-23.534443,1574,18.11,96,1020,,3.05,4,chuva moderada,17.46,-23.534443,-46.624643,2023-02-19 08:26:00,verdadeiro,723.22,Vila Prudente,24,9.91,1.03755331039429
-46.458989,-23.542734,1575,25.08,73,1014,,0.83,4,chuva leve,19.9,-23.542734,-46.458989,2023-02-20 17:10:00,verdadeiro,747.83,Itaquera,10.7,4.65,1.91265225410461
-46.457633,-23.541521,1576,25.35,65,1015,,1.28,4,chuva moderada,18.3,-23.541521,-46.457633,2023-02-21 16:12:00,verdadeiro,746.94,Itaquera,40.6,4.86,1.35270059108734
-46.611054,-23.539888,1577,19.36,94,1018,,0,0,algumas nuvens,18.37,-23.539888,-46.611054,2023-02-21 23:20:00,verdadeiro,729.55,Mooca,22.5,0,0.656249403953552
-46.491528,-23.535838,1578,19.44,96,1018,,0,0,chuva moderada,18.79,-23.535838,-46.491528,2023-02-21 22:05:00,verdadeiro,786.44,Penha,35.8,0,2.07442665100098
-46.444945,-23.595627,1579,23.39,78,1020,,0,3,nublado,19.34,-23.595627,-46.444945,2023-02-22 08:46:00,verdadeiro,770.68,São Mateus,0.6,0.36,4.83341646194458
-46.393317,-23.574071,1580,23.06,87,1017,,0.2,4,chuva leve,20.78,-23.574071,-46.393317,2023-02-23 16:10:00,verdadeiro,789.99,Cidade Tiradentes,33.3,4.97,3.83503150939941
-46.42291,-23.543548,1581,22.91,89,1017,,1,4,chuva leve,21,-23.543548,-46.42291,2023-02-23 16:50:00,verdadeiro,747.67,Itaquera,21.4,5.18,2.93240189552307
-46.424507,-23.545033,1582,21.75,94,1017,,3.94,4,chuva moderada,20.74,-23.545033,-46.424507,2023-02-23 17:31:00,verdadeiro,749.91,Itaquera,21.4,5.34,1.31232666969299
-46.387622,-23.507407,1583,23.52,73,1017,,0.2,4,chuva leve,18.4,-23.507407,-46.387622,2023-02-23 15:00:00,verdadeiro,751.01,Itaim Paulista,24.9,5.01,9.62596988677979
-46.431806,-23.525203,1584,23.31,87,1017,,0.2,4,chuva leve,21.02,-23.525203,-46.431806,2023-02-23 16:00:00,verdadeiro,751.36,São Miguel Paulista,13.1,4.97,7.85308599472046
-46.444937,-23.595563,1585,21.66,94,1017,,3.94,4,chuva moderada,20.65,-23.595563,-46.444937,2023-02-23 17:59:00,verdadeiro,770.9,São Mateus,56.2,5.34,4.83341646194458
-46.444913,-23.595909,1586,19.62,100,1016,,0,0,névoa,19.62,-23.595909,-46.444913,2023-02-24 05:21:00,verdadeiro,770.47,São Mateus,1.5,0,1.67271196842194
-46.452952,-23.492375,1587,22.16,96,1019,,1.77,4,chuva moderada,21.49,-23.492375,-46.452952,2023-02-28 15:58:00,verdadeiro,731.18,Ermelino Matarazzo,48.5,11.5,2.49744963645935
-46.457601,-23.54149,1588,23.85,87,1019,,7.19,4,chuva forte,21.55,-23.54149,-46.457601,2023-02-28 14:15:00,verdadeiro,746.88,Itaquera,27.4,8.77,1.35270059108734
-46.484891,-23.554812,1589,20.56,96,1019,,0.15,4,chuva leve,19.9,-23.554812,-46.484891,2023-02-28 16:30:00,verdadeiro,807.74,Itaquera,27.4,10.43,11.7238216400146
-46.455594,-23.492336,1590,23.77,94,1019,,1.32,4,chuva moderada,22.75,-23.492336,-46.455594,2023-02-28 15:21:00,verdadeiro,730.32,São Miguel Paulista,44.3,9.96,3.82105112075806
-46.673264,-23.526739,1591,17.96,99,1011,,0,4,trovoada com chuva forte,17.8,-23.526739,-46.673264,2022-11-23 19:05:00,verdadeiro,726.74,Sé,41.3,3.52,7.29769134521484
-46.643994,-23.51889,1592,18.4,91,1011,,30.48,4,chuva muito forte,16.9,-23.51889,-46.643994,2022-11-23 19:25:00,verdadeiro,720.76,Sé,41.3,65.39,4.39381408691406
-46.698954,-23.615214,1593,19.19,89,1012,,6.6,4,chuva forte,17.33,-23.615214,-46.698954,2022-11-23 19:47:00,verdadeiro,723.35,Sé,41.3,58.78,4.45417881011963
-46.693876,-23.511336,1594,16.33,93,1012,,0,4,algumas nuvens,15.2,-23.511336,-46.693876,2022-11-24 05:56:00,verdadeiro,722.18,Sé,2.4,0.71,3.94507098197937
-46.694337,-23.51305,1595,22.1,75,1012,,0,4,nublado,17.46,-23.51305,-46.694337,2022-11-24 15:50:00,verdadeiro,719.68,Sé,2.4,5.53,1.64024698734283
-46.693619,-23.511768,1596,15.07,90,1014,,5.59,4,chuva forte,13.44,-23.511768,-46.693619,2022-11-25 01:39:00,verdadeiro,721.33,Sé,9.1,21.85,2.9506402015686
-46.694412,-23.513033,1597,20.13,85,1011,,0,0,nuvens dispersas,17.53,-23.513033,-46.694412,2022-11-28 07:39:00,verdadeiro,719.84,Sé,24.2,0,1.64024698734283
-46.693616,-23.512945,1598,19.37,90,1005,,0.51,4,chuva leve,17.69,-23.512945,-46.693616,2022-11-29 17:24:00,verdadeiro,718,Sé,11.7,20.74,1.91265225410461
-46.651052,-23.535496,1599,18.81,96,1005,,0.76,4,chuva leve,18.16,-23.535496,-46.651052,2022-11-29 18:10:00,verdadeiro,740.37,Sé,11.7,12.09,4.45417881011963
-46.606639,-23.54277,1600,21.37,81,1006,,2.76,4,chuva moderada,17.98,-23.54277,-46.606639,2022-11-30 15:14:00,verdadeiro,732.14,Sé,6.5,5.42,1.35270059108734
-46.599785,-23.552321,1601,19.28,93,1005,,0.42,4,chuva leve,18.12,-23.552321,-46.599785,2022-11-30 15:31:00,verdadeiro,739.81,Sé,6.5,5.18,1.91265225410461
-46.661098,-23.531999,1602,20.54,91,1015,,7.62,4,chuva forte,19.02,-23.531999,-46.661098,2022-12-06 06:28:00,verdadeiro,732.52,Sé,54.9,9.68,3.94507098197937
-46.647642,-23.53353,1603,23.81,87,1014,,0.86,4,chuva leve,21.52,-23.53353,-46.647642,2022-12-06 14:37:00,verdadeiro,737.54,Sé,54.9,4.83,3.27780985832214
-46.649068,-23.555736,1604,20.68,96,1015,,5.84,4,chuva forte,20.02,-23.555736,-46.649068,2022-12-06 19:43:00,verdadeiro,754.84,Sé,54.9,10.85,2.31902623176575
-46.638751,-23.549005,1605,20.71,98,1015,,28.7,4,chuva muito forte,20.38,-23.549005,-46.638751,2022-12-06 19:52:00,verdadeiro,733.23,Sé,54.9,37.48,12.3681535720825
-46.628874,-23.557066,1606,21.05,98,1015,,28.7,4,chuva muito forte,20.72,-23.557066,-46.628874,2022-12-06 19:52:00,verdadeiro,727.13,Sé,54.9,37.48,2.70389485359192
-46.638604,-23.549527,1607,20.71,98,1015,,47.24,4,chuva muito forte,20.38,-23.549527,-46.638604,2022-12-06 19:54:00,verdadeiro,733.34,Sé,54.9,53.14,22.6274299621582
-46.689971,-23.510114,1608,20.28,90,1014,,0,4,nublado,18.59,-23.510114,-46.689971,2022-12-07 01:31:00,verdadeiro,723.02,Sé,6.9,11.68,2.70389485359192
-46.661418,-23.532078,1609,18.95,93,1014,,0,3,nublado,17.79,-23.532078,-46.661418,2022-12-07 06:18:00,verdadeiro,734.76,Sé,6.9,0.25,4.27048397064209
-46.68984,-23.511359,1610,19.97,92,1015,,0.62,3,chuva leve,18.63,-23.511359,-46.68984,2022-12-07 06:46:00,verdadeiro,719.19,Sé,6.9,0.87,1.46716165542603
-46.625528,-23.523902,1611,20.08,94,1015,,0.62,4,chuva leve,19.08,-23.523902,-46.625528,2022-12-07 06:58:00,verdadeiro,720.99,Sé,6.9,0.87,1.7665228843689
-46.627938,-23.5223,1612,22.05,92,1015,,0,4,nuvens dispersas,20.69,-23.5223,-46.627938,2022-12-07 07:47:00,verdadeiro,719.25,Sé,6.9,0.87,1.67271196842194
-46.627281,-23.522882,1613,22.05,92,1015,,0,2,nuvens dispersas,20.69,-23.522882,-46.627281,2022-12-07 07:55:00,verdadeiro,719.05,Sé,6.9,0.62,2.78216338157654
-46.693574,-23.512935,1614,21.33,75,1013,,0,0,céu limpo,16.72,-23.512935,-46.693574,2022-12-08 08:15:00,verdadeiro,718.13,Sé,0,0,1.91265225410461
-46.69329,-23.512607,1615,21.32,75,1013,,0,0,céu limpo,16.71,-23.512607,-46.69329,2022-12-08 08:22:00,verdadeiro,721.13,Sé,0,0,2.70389485359192
-46.661422,-23.532017,1616,20.86,95,1006,,0.82,4,chuva leve,20.03,-23.532017,-46.661422,2022-12-13 06:48:00,verdadeiro,734.6,Sé,27.3,1.95,4.27048397064209
-46.623648,-23.55535,1617,19.83,94,1007,,2.25,4,chuva moderada,18.84,-23.55535,-46.623648,2022-12-13 07:57:00,verdadeiro,725.4,Sé,27.3,3.48,1.91265225410461
-46.694283,-23.513044,1618,18.16,92,1008,,2.29,4,chuva moderada,16.84,-23.513044,-46.694283,2022-12-13 08:56:00,verdadeiro,719.71,Sé,27.3,5.99,3.27780985832214
-46.689926,-23.509922,1619,18.16,92,1008,,5.08,4,chuva forte,16.84,-23.509922,-46.689926,2022-12-13 09:29:00,verdadeiro,720.5,Sé,27.3,24.65,2.70389485359192
-46.689821,-23.511356,1620,18.14,92,1009,,5.08,4,chuva forte,16.82,-23.511356,-46.689821,2022-12-13 09:36:00,verdadeiro,719.21,Sé,27.3,25.54,1.46716165542603
-46.693642,-23.512903,1621,17.09,86,1015,,0,0,nublado,14.73,-23.512903,-46.693642,2022-12-14 06:44:00,verdadeiro,718.52,Sé,0,0,3.02248573303223
-46.694685,-23.513086,1622,17.1,94,1013,,0,0,nublado,16.13,-23.513086,-46.694685,2022-12-21 05:52:00,verdadeiro,720.09,Sé,1.1,0,1.64024698734283
-46.632118,-23.549264,1623,19.69,100,1013,,3.56,4,chuva moderada,19.69,-23.549264,-46.632118,2022-12-28 06:40:00,verdadeiro,749.82,Sé,30.8,22.49,2.93240189552307
-46.632083,-23.539864,1624,19.89,95,1013,,2.54,4,chuva moderada,19.07,-23.539864,-46.632083,2022-12-28 06:59:00,verdadeiro,727.37,Sé,30.8,19.29,3.02248573303223
-46.630559,-23.547328,1625,18.96,99,1013,,3.05,4,chuva moderada,18.8,-23.547328,-46.630559,2022-12-28 08:13:00,verdadeiro,724.84,Sé,30.8,19.42,3.02248573303223
-46.647142,-23.555572,1626,18.69,98,1010,,13.21,4,chuva forte,18.37,-23.555572,-46.647142,2023-01-04 16:49:00,verdadeiro,768.42,Sé,39.3,15.5,7.36236333847046
-46.653396,-23.55047,1627,18.55,97,1010,,13.21,4,chuva forte,18.06,-23.55047,-46.653396,2023-01-04 16:50:00,verdadeiro,790.36,Sé,39.3,15.5,7.88643884658813
-46.714969,-23.674575,1628,17.16,95,1015,,0.97,4,chuva leve,16.35,-23.674575,-46.714969,2023-01-05 07:36:00,verdadeiro,738.04,Sé,12.4,3.8,1.67271196842194
-46.628522,-23.537998,1629,16.14,89,1018,,7.11,4,chuva forte,14.33,-23.537998,-46.628522,2023-01-06 15:26:00,verdadeiro,725.85,Sé,3.4,10.66,1.99518501758575
-46.638747,-23.548967,1630,20.81,86,1014,,23.12,4,chuva muito forte,18.38,-23.548967,-46.638747,2023-01-10 16:05:00,verdadeiro,733.32,Sé,22.7,27.43,15.7961130142212
-46.628685,-23.557392,1631,21.23,90,1014,,20.45,4,chuva muito forte,19.52,-23.557392,-46.628685,2023-01-10 16:13:00,verdadeiro,725.48,Sé,22.7,26.99,2.56114077568054
-46.638747,-23.548967,1632,20.27,89,1014,,16.51,4,chuva muito forte,18.4,-23.548967,-46.638747,2023-01-10 16:16:00,verdadeiro,733.32,Sé,22.7,23.05,15.7961130142212
-46.658924,-23.566801,1633,20.39,89,1014,,14.99,4,chuva forte,18.52,-23.566801,-46.658924,2023-01-10 16:19:00,verdadeiro,769.01,Sé,22.7,21.53,10.6058721542358
-46.638747,-23.548967,1634,19.72,89,1014,,16.13,4,chuva muito forte,17.86,-23.548967,-46.638747,2023-01-10 16:25:00,verdadeiro,733.32,Sé,22.7,27.63,15.7961130142212
-46.631681,-23.529987,1635,26.06,67,1012,,0.88,3,chuva leve,19.46,-23.529987,-46.631681,2023-01-13 11:44:00,verdadeiro,731.26,Sé,23.8,2.08,2.93240189552307
-46.64845,-23.555684,1636,18.69,98,1014,,27.44,2,chuva muito forte,18.37,-23.555684,-46.64845,2023-01-13 22:59:00,verdadeiro,761.76,Sé,23.8,35.06,2.31902623176575
-46.622217,-23.54604,1637,21.22,89,1015,,0,4,névoa,19.33,-23.54604,-46.622217,2023-01-28 16:44:00,verdadeiro,724.91,Sé,13.6,8.13,3.48386597633362
-46.606987,-23.567935,1638,22.52,92,1014,,1.78,4,chuva moderada,21.15,-23.567935,-46.606987,2023-01-31 19:52:00,verdadeiro,728.48,Sé,23,2.81,0.464048534631729
-46.622245,-23.546011,1639,20.48,96,1016,,12.58,4,chuva forte,19.82,-23.546011,-46.622245,2023-01-31 21:42:00,verdadeiro,725.28,Sé,23,18.6,3.48386597633362
-46.627307,-23.523379,1640,20.11,94,1014,,1.16,3,chuva moderada,19.11,-23.523379,-46.627307,2023-02-01 06:25:00,verdadeiro,720.32,Sé,10.9,2.43,1.18295407295227
-46.643849,-23.518901,1641,22.59,82,1015,,5.6,4,chuva forte,19.36,-23.518901,-46.643849,2023-02-07 14:38:00,verdadeiro,720.76,Sé,66.2,8.53,4.39381408691406
-46.606823,-23.567887,1642,22.47,85,1015,,4.47,4,chuva forte,19.82,-23.567887,-46.606823,2023-02-07 14:43:00,verdadeiro,728.06,Sé,66.2,7.55,2.36490035057068
-46.637692,-23.546687,1643,20.27,95,1015,,5.6,4,chuva forte,19.44,-23.546687,-46.637692,2023-02-07 14:49:00,verdadeiro,735.38,Sé,66.2,9.04,11.7757844924927
-46.643108,-23.535761,1644,20.47,94,1015,,5.6,4,chuva forte,19.47,-23.535761,-46.643108,2023-02-07 14:52:00,verdadeiro,743.79,Sé,66.2,8.53,7.87978029251099
-46.62844,-23.556919,1645,20.04,98,1015,,1.02,4,chuva moderada,19.71,-23.556919,-46.62844,2023-02-07 14:57:00,verdadeiro,725.26,Sé,66.2,5.47,2.38750553131104
-46.649637,-23.559166,1646,19.47,99,1015,,5.6,4,chuva forte,19.31,-23.559166,-46.649637,2023-02-07 15:19:00,verdadeiro,763.68,Sé,66.2,8.53,8.17378044128418
-46.661634,-23.532074,1647,19.96,98,1015,,5.6,4,chuva forte,19.63,-23.532074,-46.661634,2023-02-07 15:29:00,verdadeiro,736.28,Sé,66.2,8.53,2.36490035057068
-46.629424,-23.556438,1648,19.92,100,1015,,1.5,4,chuva moderada,19.92,-23.556438,-46.629424,2023-02-07 16:10:00,verdadeiro,726.53,Sé,66.2,9.83,2.38750553131104
-46.63062,-23.51938,1649,19.45,95,1010,,15.49,1,chuva forte,18.63,-23.51938,-46.63062,2023-02-16 21:29:00,verdadeiro,719.4,Sé,30.1,15.49,5.82222652435303
-46.63265,-23.519431,1650,19.46,95,1010,,15.49,1,chuva forte,18.64,-23.519431,-46.63265,2023-02-16 21:29:00,verdadeiro,720.85,Sé,30.1,15.49,3.7360565662384
-46.653481,-23.528219,1651,19.01,98,1010,,8.89,2,chuva forte,18.69,-23.528219,-46.653481,2023-02-16 22:10:00,verdadeiro,724.39,Sé,30.1,20.32,5.17422199249268
-46.606865,-23.567877,1652,20.18,97,1010,,5.84,2,chuva forte,19.69,-23.567877,-46.606865,2023-02-16 22:31:00,verdadeiro,728.33,Sé,30.1,6.86,2.36490035057068
-46.628033,-23.52329,1653,20.97,87,1009,,0,0,céu limpo,18.72,-23.52329,-46.628033,2023-02-17 06:42:00,verdadeiro,720.46,Sé,1.7,0,0.464048534631729
-46.630012,-23.556829,1654,20.95,87,1010,,0,0,céu limpo,18.7,-23.556829,-46.630012,2023-02-17 07:30:00,verdadeiro,726.66,Sé,1.7,0,2.78216338157654
-46.638697,-23.548945,1655,23.58,84,1015,,2.54,4,chuva moderada,20.72,-23.548945,-46.638697,2023-02-18 14:06:00,verdadeiro,733.76,Sé,40.3,15.87,15.7961130142212
-46.646894,-23.555541,1656,21.39,89,1015,,33.02,4,chuva muito forte,19.5,-23.555541,-46.646894,2023-02-18 14:22:00,verdadeiro,771.51,Sé,40.3,55.13,6.34523963928223
-46.642873,-23.519091,1657,21.68,95,1015,,1.23,4,chuva moderada,20.84,-23.519091,-46.642873,2023-02-18 14:33:00,verdadeiro,721.65,Sé,40.3,15.9,4.59576940536499
-46.627568,-23.522586,1658,20.73,92,1016,,0.42,4,chuva leve,19.38,-23.522586,-46.627568,2023-02-18 17:16:00,verdadeiro,718.56,Sé,40.3,82.64,2.78216338157654
-46.627507,-23.522647,1659,20.73,92,1016,,0.42,4,chuva leve,19.38,-23.522647,-46.627507,2023-02-18 17:18:00,verdadeiro,718.83,Sé,40.3,82.64,3.22837400436401
-46.627068,-23.524346,1660,20.06,93,1016,,0,4,névoa,18.89,-23.524346,-46.627068,2023-02-18 17:35:00,verdadeiro,722.57,Sé,40.3,19.77,1.03755331039429
-46.641924,-23.537697,1661,17.79,98,1019,,4.32,4,chuva forte,17.47,-23.537697,-46.641924,2023-02-19 07:12:00,verdadeiro,743.49,Sé,20.9,9.02,4.72177028656006
-46.627758,-23.541706,1662,18.17,96,1020,,3.94,4,chuva moderada,17.52,-23.541706,-46.627758,2023-02-19 08:42:00,verdadeiro,723.59,Sé,20.9,13.84,3.02248573303223
-46.640237,-23.518893,1663,18.15,97,1020,,3.05,4,chuva moderada,17.67,-23.518893,-46.640237,2023-02-19 08:56:00,verdadeiro,717.15,Sé,20.9,11.18,1.46716165542603
-46.649764,-23.517882,1664,18.07,98,1020,,3.05,4,chuva moderada,17.75,-23.517882,-46.649764,2023-02-19 09:06:00,verdadeiro,720.82,Sé,20.9,11.18,3.98554301261902
-46.617955,-23.558432,1665,18.92,98,1021,,1.02,4,chuva moderada,18.6,-23.558432,-46.617955,2023-02-19 10:45:00,verdadeiro,726.85,Sé,20.9,8.38,0.656249403953552
-46.63873,-23.548936,1666,21.37,89,1015,,13.47,4,chuva forte,19.48,-23.548936,-46.63873,2023-02-20 18:12:00,verdadeiro,733.43,Sé,22.9,22.11,15.7961130142212
-46.665005,-23.572541,1667,21.42,91,1015,,11.05,4,chuva forte,19.89,-23.572541,-46.665005,2023-02-20 18:22:00,verdadeiro,742.48,Sé,22.9,19.69,3.02248573303223
-46.630575,-23.51979,1668,21.19,93,1015,,1.78,4,chuva moderada,20.01,-23.51979,-46.630575,2023-02-20 18:54:00,verdadeiro,720.79,Sé,22.9,11.45,2.38750553131104
-46.666487,-23.514823,1669,19.99,88,1016,,0,4,céu limpo,17.94,-23.514823,-46.666487,2023-02-21 01:57:00,verdadeiro,719.69,Sé,25.7,0.41,6.73358678817749
-46.649164,-23.555745,1670,18.8,97,1016,,22.1,4,chuva muito forte,18.31,-23.555745,-46.649164,2023-02-21 19:01:00,verdadeiro,754.28,Sé,25.7,22.87,2.31902623176575
-46.630684,-23.547839,1671,25.96,69,1014,,0.3,3,chuva leve,19.84,-23.547839,-46.630684,2023-02-24 12:41:00,verdadeiro,724.96,Sé,0.3,0.77,6.14154291152954
-46.710324,-23.570625,1672,21.99,95,1011,,8.01,4,chuva forte,21.15,-23.570625,-46.710324,2024-12-03 10:41:00,verdadeiro,723.57,Butantã,26.4,32.3,1.7665228843689
-46.680012,-23.528129,1673,21.62,95,1014,,27.43,4,chuva muito forte,20.78,-23.528129,-46.680012,2024-12-05 19:32:00,verdadeiro,728.56,Lapa,13.1,31.86,4.27048397064209
-46.673899,-23.519481,1674,21.68,95,1014,,5.84,4,chuva forte,20.84,-23.519481,-46.673899,2024-12-05 19:34:00,verdadeiro,720.41,Lapa,13.1,10.27,1.46716165542603
-46.675299,-23.519088,1675,21.69,95,1014,,10.16,4,chuva forte,20.85,-23.519088,-46.675299,2024-12-05 19:40:00,verdadeiro,719.92,Lapa,13.1,14.59,5.57038927078247
-46.666208,-23.56884,1676,21.6,98,1014,,0,0,nublado,21.27,-23.56884,-46.666208,2024-12-05 23:46:00,verdadeiro,747.34,Pinheiros,9.1,0,8.051025390625
-46.703627,-23.569774,1677,22.43,88,1011,,4.66,4,chuva forte,20.34,-23.569774,-46.703627,2024-12-21 16:13:00,verdadeiro,720.06,Butantã,26.2,9.36,4.30785942077637
-46.686468,-23.532349,1678,20.69,94,1012,,7.84,4,chuva forte,19.69,-23.532349,-46.686468,2024-12-21 15:23:00,verdadeiro,760.55,Lapa,70.1,12.36,5.89472436904907
-46.658778,-23.566637,1679,23.01,94,1011,,1.78,4,chuva moderada,21.99,-23.566637,-46.658778,2024-12-21 15:32:00,verdadeiro,772.96,Pinheiros,53.8,11.06,10.6058721542358
-46.680752,-23.565658,1680,23.31,94,1011,,1.78,4,chuva moderada,22.29,-23.565658,-46.680752,2024-12-21 15:34:00,verdadeiro,740.25,Pinheiros,53.8,11.06,3.99894142150879
-46.667399,-23.574113,1681,23.3,94,1011,,4.66,4,chuva forte,22.28,-23.574113,-46.667399,2024-12-21 15:39:00,verdadeiro,739.11,Pinheiros,53.8,14.83,3.66370439529419
-46.671943,-23.56952,1682,22.28,88,1011,,4.66,4,chuva forte,20.2,-23.56952,-46.671943,2024-12-21 16:07:00,verdadeiro,742.35,Pinheiros,53.8,14.95,3.09265065193176
-46.658788,-23.566651,1683,22.24,91,1012,,6.91,4,chuva forte,20.7,-23.566651,-46.658788,2024-12-21 17:10:00,verdadeiro,772.71,Pinheiros,53.8,16.14,10.6058721542358
-46.74168,-23.597429,1684,23.97,97,1009,,0.64,4,chuva leve,23.46,-23.597429,-46.74168,2024-12-25 17:38:00,verdadeiro,739.99,Butantã,24.8,3.44,1.46716165542603
-46.711595,-23.570451,1685,20.42,94,1009,,0.64,4,chuva leve,19.42,-23.570451,-46.711595,2024-12-25 18:20:00,verdadeiro,722.19,Butantã,24.8,3.44,3.37449097633362
-46.693295,-23.587744,1686,20.45,94,1010,,0.54,4,chuva leve,19.45,-23.587744,-46.693295,2024-12-25 18:37:00,verdadeiro,723.67,Butantã,24.8,3.59,5.41548299789429
-46.686464,-23.532358,1687,22.67,84,1008,,2.07,4,chuva moderada,19.83,-23.532358,-46.686464,2024-12-25 17:08:00,verdadeiro,760.63,Lapa,23.3,3.06,5.89472436904907
-46.688896,-23.529862,1688,22.89,87,1009,,0.64,4,chuva leve,20.61,-23.529862,-46.688896,2024-12-25 17:30:00,verdadeiro,744.64,Lapa,23.3,3.44,4.58413982391357
-46.61859,-23.557374,1689,22.73,89,1010,,0.63,4,chuva leve,20.82,-23.557374,-46.61859,2024-12-25 17:30:00,verdadeiro,725.46,Lapa,23.3,4.05,5.71170616149902
-46.69106,-23.531005,1690,19.98,95,1009,,0.64,4,chuva leve,19.15,-23.531005,-46.69106,2024-12-25 17:41:00,verdadeiro,751.34,Lapa,23.3,3.44,1.99518501758575
-46.677483,-23.529672,1691,19.88,94,1009,,0.64,4,chuva leve,18.89,-23.529672,-46.677483,2024-12-25 17:46:00,verdadeiro,731.2,Lapa,23.3,8.99,2.31902623176575
-46.653548,-23.516181,1692,21,83,1011,,1.71,4,chuva moderada,18,-23.516181,-46.653548,2024-12-25 20:01:00,verdadeiro,719.32,Lapa,23.3,4.96,3.60476565361023
-46.686362,-23.583265,1693,22.64,95,1009,,0.64,4,chuva leve,21.8,-23.583265,-46.686362,2024-12-25 17:30:00,verdadeiro,720.86,Pinheiros,38.1,3.44,4.63047933578491
-46.691105,-23.570996,1694,20.36,94,1009,,0.64,4,chuva leve,19.36,-23.570996,-46.691105,2024-12-25 18:10:00,verdadeiro,727.05,Pinheiros,38.1,3.44,8.81383991241455
-46.658777,-23.566629,1695,20.01,94,1009,,0.64,4,chuva leve,19.01,-23.566629,-46.658777,2024-12-25 18:15:00,verdadeiro,773.16,Pinheiros,38.1,3.44,10.6058721542358
-46.680697,-23.588264,1696,20.37,94,1009,,0.64,4,chuva leve,19.37,-23.588264,-46.680697,2024-12-25 18:20:00,verdadeiro,725.47,Pinheiros,38.1,3.44,4.10453462600708
-46.690721,-23.588505,1697,21.31,95,1011,,1.71,4,chuva moderada,20.48,-23.588505,-46.690721,2024-12-25 19:40:00,verdadeiro,720.25,Pinheiros,38.1,4.96,3.34257745742798
-46.686639,-23.586972,1698,21.26,95,1011,,1.71,4,chuva moderada,20.43,-23.586972,-46.686639,2024-12-25 19:43:00,verdadeiro,722.74,Pinheiros,38.1,4.96,3.09265065193176
-46.690652,-23.588488,1699,21.31,95,1011,,1.71,4,chuva moderada,20.48,-23.588488,-46.690652,2024-12-25 19:51:00,verdadeiro,720.46,Pinheiros,38.1,16.61,5.00677919387817
-46.686459,-23.583154,1700,21.56,96,1011,,1.53,4,chuva moderada,20.89,-23.583154,-46.686459,2024-12-25 20:38:00,verdadeiro,721.15,Pinheiros,38.1,4.42,6.86567735671997
-46.698936,-23.613957,1701,20.3,95,1010,,1.25,4,chuva moderada,19.47,-23.613957,-46.698936,2024-12-26 03:29:00,verdadeiro,723.6,Pinheiros,38.1,15.09,3.7360565662384
-46.724054,-23.551164,1702,19.71,98,1011,,1.02,4,chuva moderada,19.39,-23.551164,-46.724054,2024-12-27 00:31:00,verdadeiro,721.03,Lapa,10.3,13.15,4.58413982391357
-46.690845,-23.587692,1703,19.6,99,1011,,4.7,4,chuva forte,19.44,-23.587692,-46.690845,2024-12-27 00:39:00,verdadeiro,718.8,Pinheiros,10,23.37,0.733701109886169
-46.68681,-23.58766,1704,19.5,99,1011,,0.38,4,chuva leve,19.34,-23.58766,-46.68681,2024-12-27 00:49:00,verdadeiro,722.84,Pinheiros,10,36.58,6.28653144836426
-46.688699,-23.585723,1705,20.47,97,1012,,0,4,nublado,19.98,-23.585723,-46.688699,2024-12-27 06:28:00,verdadeiro,720.39,Pinheiros,10,1.02,5.08072853088379
-46.655411,-23.568128,1706,27.35,66,1010,,1.75,3,chuva moderada,20.44,-23.568128,-46.655411,2024-01-08 16:13:00,verdadeiro,788.62,Pinheiros,6,3.29,5.62735319137573
-46.710784,-23.57985,1707,22.65,98,1012,,4.57,4,chuva forte,22.32,-23.57985,-46.710784,2025-01-16 18:16:00,verdadeiro,733.54,Butantã,72.7,10.55,4.59576940536499
-46.697294,-23.597628,1708,22.06,99,1012,,4.57,4,chuva forte,21.9,-23.597628,-46.697294,2025-01-16 18:17:00,verdadeiro,727.34,Butantã,72.7,10.55,3.37449097633362
-46.696566,-23.595916,1709,22.07,99,1013,,0,4,trovoada com chuva,21.91,-23.595916,-46.696566,2025-01-16 18:31:00,verdadeiro,730.06,Butantã,72.7,4.59,8.74848747253418
-46.686525,-23.532356,1710,22.29,95,1012,,0.31,4,chuva moderada,21.45,-23.532356,-46.686525,2025-01-16 17:42:00,verdadeiro,760.82,Lapa,58.7,6.29,5.89472436904907
-46.672277,-23.526174,1711,22.38,95,1012,,7.11,4,chuva forte,21.54,-23.526174,-46.672277,2025-01-16 17:50:00,verdadeiro,726.31,Lapa,58.7,11.37,1.91265225410461
-46.73526,-23.543103,1712,22.91,96,1012,,1.78,4,chuva moderada,22.24,-23.543103,-46.73526,2025-01-16 17:54:00,verdadeiro,718.65,Lapa,58.7,5.28,7.33369398117065
-46.672234,-23.526124,1713,22.38,95,1012,,1.78,4,chuva moderada,21.54,-23.526124,-46.672234,2025-01-16 17:54:00,verdadeiro,726.55,Lapa,58.7,5.28,1.91265225410461
-46.676051,-23.518894,1714,21.96,95,1015,,0.11,4,chuva leve,21.12,-23.518894,-46.676051,2025-01-16 21:29:00,verdadeiro,719.85,Lapa,58.7,3.98,1.99518501758575
-46.674188,-23.519648,1715,21.32,99,1015,,0.32,3,chuva leve,21.16,-23.519648,-46.674188,2025-01-16 21:31:00,verdadeiro,720.43,Lapa,58.7,3.88,0.733701109886169
-46.686475,-23.532376,1716,21.22,99,1015,,4.57,2,chuva forte,21.06,-23.532376,-46.686475,2025-01-16 21:48:00,verdadeiro,760.84,Lapa,58.7,4.68,3.29412221908569
-46.697713,-23.571747,1717,22.78,98,1012,,1.78,4,chuva moderada,22.45,-23.571747,-46.697713,2025-01-16 18:22:00,verdadeiro,721.4,Pinheiros,67.5,7.76,2.96876573562622
-46.680898,-23.559894,1718,21.5,99,1015,,21.46,2,chuva muito forte,21.34,-23.559894,-46.680898,2025-01-16 21:43:00,verdadeiro,757.51,Pinheiros,67.5,23.24,1.64024698734283
-46.598983,-23.601249,1719,26.17,70,1014,,0,0,nuvens dispersas,20.27,-23.601249,-46.598983,2025-01-17 13:23:00,verdadeiro,736.35,Butantã,1.2,0,2.07442665100098
-46.668442,-23.54003,1720,26.36,65,1015,,0,4,nublado,19.25,-23.54003,-46.668442,2025-01-17 12:44:00,verdadeiro,789.36,Lapa,1.7,0.46,10.8689460754395
-46.695561,-23.586361,1721,21.4,95,1015,,16.76,4,chuva muito forte,20.57,-23.586361,-46.695561,2025-01-24 16:37:00,verdadeiro,721.65,Butantã,44.6,21.06,0.733701109886169
-46.734349,-23.546767,1722,21.39,92,1016,,0,4,céu limpo,20.04,-23.546767,-46.734349,2025-01-24 20:34:00,verdadeiro,717.75,Butantã,44.6,3.56,3.42179822921753
-46.702013,-23.524169,1723,27.96,89,1014,,3.97,4,chuva moderada,25.98,-23.524169,-46.702013,2025-01-24 15:58:00,verdadeiro,726.82,Lapa,47,4.44,2.82047843933105
-46.675139,-23.519232,1724,26.71,79,1014,,3.97,4,chuva moderada,22.76,-23.519232,-46.675139,2025-01-24 16:00:00,verdadeiro,719.63,Lapa,47,4.44,5.57038927078247
-46.67744,-23.529657,1725,26.35,73,1014,,3.97,4,chuva moderada,21.12,-23.529657,-46.67744,2025-01-24 16:03:00,verdadeiro,731.33,Lapa,47,4.44,2.31902623176575
-46.683504,-23.533879,1726,27.33,87,1014,,3.97,4,chuva moderada,24.97,-23.533879,-46.683504,2025-01-24 16:04:00,verdadeiro,771.8,Lapa,47,4.44,6.50996494293213
-46.693244,-23.522759,1727,28.23,96,1014,,3.97,4,chuva moderada,27.53,-23.522759,-46.693244,2025-01-24 16:05:00,verdadeiro,727.23,Lapa,47,4.44,1.99518501758575
-46.679488,-23.513997,1728,28.12,92,1014,,3.97,4,chuva moderada,26.7,-23.513997,-46.679488,2025-01-24 16:05:00,verdadeiro,720.68,Lapa,47,4.44,7.53198862075806
-46.698727,-23.514815,1729,18.99,94,1015,,0,4,trovoada com chuva,18,-23.514815,-46.698727,2025-01-24 17:30:00,verdadeiro,719.91,Lapa,47,6.93,4.16915416717529
-46.686505,-23.532377,1730,20.9,92,1015,,0,4,chuva leve,19.55,-23.532377,-46.686505,2025-01-24 19:09:00,verdadeiro,760.93,Lapa,47,11.4,3.29412221908569
-46.733657,-23.545736,1731,21.38,92,1015,,0,4,algumas nuvens,20.03,-23.545736,-46.733657,2025-01-24 20:22:00,verdadeiro,720.39,Lapa,47,5.65,1.91265225410461
-46.68798,-23.56142,1732,21.19,97,1015,,25.65,4,chuva muito forte,20.69,-23.56142,-46.68798,2025-01-24 16:34:00,verdadeiro,747.11,Pinheiros,52,27.76,2.96876573562622
-46.699065,-23.614478,1733,22.15,91,1015,,0,4,chuva leve,20.61,-23.614478,-46.699065,2025-01-24 19:13:00,verdadeiro,723.51,Pinheiros,52,10.9,2.64366388320923
-46.699545,-23.572655,1734,22.03,95,1014,,17.27,4,chuva muito forte,21.19,-23.572655,-46.699545,2025-01-26 17:36:00,verdadeiro,720.45,Butantã,36,36.84,8.85516166687012
-46.734314,-23.546751,1735,21.85,94,1015,,0,4,névoa,20.84,-23.546751,-46.734314,2025-01-26 20:38:00,verdadeiro,717.75,Butantã,36,29.53,3.42179822921753
-46.690781,-23.588498,1736,22.11,96,1014,,18.42,4,chuva muito forte,21.44,-23.588498,-46.690781,2025-01-26 17:43:00,verdadeiro,720.16,Pinheiros,36.8,35.83,3.34257745742798
-46.653376,-23.51622,1737,20.99,94,1013,,1.27,2,chuva moderada,19.99,-23.51622,-46.653376,2025-01-29 14:00:00,verdadeiro,719.19,Lapa,17.2,1.41,6.1673846244812
-46.73872,-23.595755,1738,22.66,95,1012,,0,0,chuva moderada,21.82,-23.595755,-46.73872,2025-01-31 21:39:00,verdadeiro,738.11,Butantã,63,0,5.28619813919067
-46.697245,-23.597557,1739,21.73,97,1012,,1.02,3,chuva moderada,21.23,-23.597557,-46.697245,2025-01-31 21:55:00,verdadeiro,726.92,Butantã,63,2.8,3.37449097633362
-46.728473,-23.588912,1740,22.43,97,1012,,23.88,3,chuva muito forte,21.93,-23.588912,-46.728473,2025-01-31 21:58:00,verdadeiro,736.26,Butantã,63,25.66,2.2001416683197
-46.711191,-23.565795,1741,21.57,95,1012,,27.44,4,chuva muito forte,20.73,-23.565795,-46.711191,2025-01-31 22:14:00,verdadeiro,718.86,Butantã,63,28.46,1.31232666969299
-46.663665,-23.563231,1742,25.5,57,1009,,0,4,nublado,16.36,-23.563231,-46.663665,2025-01-31 17:19:00,verdadeiro,773,Pinheiros,44.9,1.08,6.98007392883301
-46.708052,-23.553492,1743,22.52,88,1012,,1.02,1,chuva moderada,20.43,-23.553492,-46.708052,2025-01-31 21:53:00,verdadeiro,720.46,Pinheiros,44.9,1.02,2.31902623176575
-46.690751,-23.54771,1744,21.69,88,1012,,23.88,1,chuva muito forte,19.62,-23.54771,-46.690751,2025-01-31 21:56:00,verdadeiro,786.73,Pinheiros,44.9,23.88,6.41990661621094
-46.68898,-23.557286,1745,21.36,90,1012,,20.58,4,chuva muito forte,19.65,-23.557286,-46.68898,2025-01-31 22:10:00,verdadeiro,766.78,Pinheiros,44.9,23.37,4.40595388412476
-46.688057,-23.555177,1746,21.28,90,1012,,27.44,4,chuva muito forte,19.57,-23.555177,-46.688057,2025-01-31 22:14:00,verdadeiro,777.1,Pinheiros,44.9,28.46,0.928036212921143
-46.688647,-23.557096,1747,21.28,90,1012,,27.44,4,chuva muito forte,19.57,-23.557096,-46.688647,2025-01-31 22:14:00,verdadeiro,764.57,Pinheiros,44.9,28.46,3.54483652114868
-46.686179,-23.550562,1748,21.36,89,1012,,27.44,4,chuva muito forte,19.47,-23.550562,-46.686179,2025-01-31 22:14:00,verdadeiro,763.17,Pinheiros,44.9,28.46,0.656249403953552
-46.682921,-23.580491,1749,21.32,95,1012,,23.5,4,chuva muito forte,20.49,-23.580491,-46.682921,2025-01-31 22:18:00,verdadeiro,724.34,Pinheiros,44.9,24.52,1.64024698734283
-46.697017,-23.559298,1750,21.36,92,1012,,21.46,1,chuva muito forte,20.01,-23.559298,-46.697017,2025-01-31 22:19:00,verdadeiro,727.69,Pinheiros,44.9,21.46,4.76674842834473
-46.697794,-23.571749,1751,21.55,96,1012,,38.35,1,chuva muito forte,20.88,-23.571749,-46.697794,2025-01-31 22:21:00,verdadeiro,721.54,Pinheiros,44.9,38.35,2.96876573562622
-46.690684,-23.588449,1752,21.39,96,1012,,38.35,1,chuva muito forte,20.73,-23.588449,-46.690684,2025-01-31 22:24:00,verdadeiro,720.29,Pinheiros,44.9,38.35,2.9506402015686
-46.69071,-23.588545,1753,20.59,99,1012,,5.84,4,chuva forte,20.43,-23.588545,-46.69071,2025-01-31 22:53:00,verdadeiro,720.32,Pinheiros,44.9,9.65,3.34257745742798
-46.731106,-23.586289,1754,19.89,99,1011,,0,4,névoa,19.73,-23.586289,-46.731106,2025-02-01 06:07:00,verdadeiro,728.08,Butantã,29.7,16.99,3.70728707313538
-46.731106,-23.586289,1755,20.25,99,1011,,1.75,4,chuva moderada,20.09,-23.586289,-46.731106,2025-02-01 06:37:00,verdadeiro,728.08,Butantã,29.7,11.65,3.70728707313538
-46.7248,-23.514729,1756,19.73,98,1010,,5.84,4,chuva forte,19.4,-23.514729,-46.7248,2025-02-01 04:36:00,verdadeiro,719.67,Lapa,30.1,18.54,3.83503150939941
-46.689014,-23.508602,1757,19.74,99,1010,,2.79,4,chuva forte,19.58,-23.508602,-46.689014,2025-02-01 04:46:00,verdadeiro,720.02,Lapa,30.1,18.02,3.02248573303223
-46.724811,-23.514699,1758,20.52,96,1012,,1.19,4,chuva moderada,19.86,-23.514699,-46.724811,2025-02-01 08:06:00,verdadeiro,719.74,Lapa,30.1,5.2,3.83503150939941
-46.686725,-23.586716,1759,20.29,100,1011,,1.75,4,chuva moderada,20.29,-23.586716,-46.686725,2025-02-01 06:35:00,verdadeiro,723.15,Pinheiros,36.5,16.74,5.00677919387817
-46.72882,-23.589134,1760,22.65,96,1010,,5.84,4,chuva forte,21.98,-23.589134,-46.72882,2025-02-02 18:25:00,verdadeiro,737.77,Butantã,81.5,24.91,2.07442665100098
-46.751387,-23.605992,1761,22.41,95,1011,,2.79,4,chuva moderada,21.57,-23.605992,-46.751387,2025-02-02 19:40:00,verdadeiro,734.58,Butantã,81.5,7.85,2.49744963645935
-46.700676,-23.510863,1762,21.96,92,1011,,0,0,algumas nuvens,20.6,-23.510863,-46.700676,2025-02-02 06:51:00,verdadeiro,720.43,Lapa,47.3,0,0.656249403953552
-46.675808,-23.519157,1763,23.97,78,1011,,0,0,céu limpo,19.9,-23.519157,-46.675808,2025-02-02 09:13:00,verdadeiro,719.98,Lapa,47.3,0,2.80138683319092
-46.724886,-23.514798,1764,22.3,95,1011,,2.26,4,chuva moderada,21.46,-23.514798,-46.724886,2025-02-02 19:06:00,verdadeiro,719.78,Lapa,47.3,32.76,7.63600492477417
-46.649764,-23.517902,1765,22.08,94,1011,,2.26,4,chuva moderada,21.07,-23.517902,-46.649764,2025-02-02 19:21:00,verdadeiro,720.87,Lapa,47.3,5.17,3.98554301261902
-46.649555,-23.51795,1766,22.08,94,1011,,2.79,4,chuva moderada,21.07,-23.51795,-46.649555,2025-02-02 19:54:00,verdadeiro,721.26,Lapa,47.3,7.85,4.72177028656006
-46.70237,-23.567954,1767,22.51,96,1011,,2.29,4,chuva moderada,21.84,-23.567954,-46.70237,2025-02-02 20:13:00,verdadeiro,719.51,Lapa,47.3,15.13,2.82047843933105
-46.697605,-23.608969,1768,21.29,96,1013,,11.3,4,chuva forte,20.63,-23.608969,-46.697605,2025-02-02 21:49:00,verdadeiro,723.63,Pinheiros,44.5,22.33,12.7972059249878
-46.697605,-23.608969,1769,21.33,100,1012,,3.68,4,chuva moderada,21.33,-23.608969,-46.697605,2025-02-03 00:10:00,verdadeiro,723.63,Butantã,10.6,17.52,12.7972059249878
-46.728795,-23.516674,1770,20.87,98,1011,,3.56,4,chuva moderada,20.54,-23.516674,-46.728795,2025-02-03 02:38:00,verdadeiro,719.49,Lapa,13.8,16.66,1.46716165542603
-46.741321,-23.521389,1771,21.66,89,1014,,0.61,4,chuva leve,19.77,-23.521389,-46.741321,2025-02-03 09:19:00,verdadeiro,721.75,Lapa,13.8,3.77,2.49744963645935
-46.686456,-23.583077,1772,21.38,100,1012,,5.84,4,chuva forte,21.38,-23.583077,-46.686456,2025-02-03 00:39:00,verdadeiro,721.18,Pinheiros,13.5,14.86,6.86567735671997
-46.697562,-23.608812,1773,21.33,100,1012,,4.95,4,chuva forte,21.33,-23.608812,-46.697562,2025-02-03 01:21:00,verdadeiro,723.81,Pinheiros,13.5,25.65,12.7972059249878
-46.68879,-23.585545,1774,21.13,96,1011,,2.29,4,chuva moderada,20.47,-23.585545,-46.68879,2025-02-03 03:03:00,verdadeiro,720.46,Pinheiros,13.5,15.5,4.14342880249023
-46.688079,-23.589204,1775,22.14,90,1011,,0.65,4,chuva leve,20.42,-23.589204,-46.688079,2025-02-03 04:39:00,verdadeiro,723.82,Pinheiros,13.5,8.92,4.68774795532227
-46.710838,-23.550482,1776,21.34,90,1014,,0.61,4,chuva leve,19.63,-23.550482,-46.710838,2025-02-03 09:12:00,verdadeiro,723.75,Pinheiros,13.5,3.01,2.07442665100098
-46.682504,-23.526768,1777,22.96,83,1014,,27.43,1,chuva muito forte,19.92,-23.526768,-46.682504,2025-02-06 19:23:00,verdadeiro,726.54,Lapa,18.1,27.43,1.18295407295227
-46.737378,-23.53048,1778,21.13,90,1015,,0,0,trovoada com chuva,19.43,-23.53048,-46.737378,2025-02-06 19:37:00,verdadeiro,718.82,Lapa,18.1,0,0.984320282936096
-46.672298,-23.526223,1779,20.97,91,1015,,0,0,trovoada com chuva,19.45,-23.526223,-46.672298,2025-02-06 19:46:00,verdadeiro,726.24,Lapa,18.1,0,1.91265225410461
-46.701629,-23.521193,1780,20.86,93,1015,,1.78,1,chuva moderada,19.69,-23.521193,-46.701629,2025-02-06 19:55:00,verdadeiro,725.96,Lapa,18.1,1.78,5.3263201713562
-46.718922,-23.553899,1781,20.92,94,1015,,1.78,1,chuva moderada,19.92,-23.553899,-46.718922,2025-02-06 20:03:00,verdadeiro,719.13,Lapa,18.1,1.78,3.94507098197937
-46.724289,-23.514176,1782,21.21,94,1015,,1.02,1,chuva moderada,20.21,-23.514176,-46.724289,2025-02-06 20:05:00,verdadeiro,721.38,Lapa,18.1,1.02,5.27611875534058
-46.686041,-23.508812,1783,21.16,94,1015,,1.02,1,chuva moderada,20.16,-23.508812,-46.686041,2025-02-06 20:09:00,verdadeiro,719.99,Lapa,18.1,1.02,5.41548299789429
-46.737365,-23.513828,1784,21.24,94,1015,,1.02,2,chuva moderada,20.24,-23.513828,-46.737365,2025-02-06 20:13:00,verdadeiro,721.46,Lapa,18.1,2.04,2.80138683319092
-46.724755,-23.514736,1785,21.6,94,1015,,0,0,nuvens dispersas,20.59,-23.514736,-46.724755,2025-02-06 21:50:00,verdadeiro,719.64,Lapa,18.1,0,3.83503150939941
-46.710336,-23.579404,1786,24.22,92,1015,,0.16,4,chuva leve,22.84,-23.579404,-46.710336,2025-02-10 16:52:00,verdadeiro,729.69,Butantã,29.2,0.67,2.10017395019531
-46.693947,-23.524951,1787,20.86,82,1014,,0.32,1,chuva leve,17.67,-23.524951,-46.693947,2025-02-13 15:40:00,verdadeiro,738.96,Lapa,18.8,0.32,3.94507098197937
-46.701755,-23.521836,1788,20.93,82,1014,,0.32,1,chuva leve,17.74,-23.521836,-46.701755,2025-02-13 15:48:00,verdadeiro,725.81,Lapa,18.8,0.32,0.733701109886169
-46.727917,-23.539513,1789,20.97,82,1014,,0.32,1,chuva leve,17.78,-23.539513,-46.727917,2025-02-13 16:01:00,verdadeiro,721.12,Lapa,18.8,0.32,1.64024698734283
-46.693523,-23.522758,1790,20.96,82,1014,,0.32,1,chuva leve,17.77,-23.522758,-46.693523,2025-02-13 16:02:00,verdadeiro,727.36,Lapa,18.8,0.32,2.64366388320923
-46.742219,-23.528757,1791,21,82,1014,,0.32,1,chuva leve,17.81,-23.528757,-46.742219,2025-02-13 16:06:00,verdadeiro,717.95,Lapa,18.8,0.32,5.39579963684082
-46.675521,-23.519044,1792,19.97,100,1012,,3.4,4,chuva moderada,19.97,-23.519044,-46.675521,2025-02-14 14:48:00,verdadeiro,719.99,Lapa,19.1,7.73,3.70728707313538
-46.681106,-23.555579,1793,19.94,90,1016,,0,0,trovoada com chuva fraca,18.25,-23.555579,-46.681106,2025-02-18 20:34:00,verdadeiro,763.38,Pinheiros,23.5,0,7.1885552406311
-46.674168,-23.519548,1794,28.44,70,1015,,0,0,nuvens dispersas,22.44,-23.519548,-46.674168,2025-02-26 16:55:00,verdadeiro,720.25,Lapa,6.8,0,1.35270059108734
-46.6251,-23.5347,1795,26.12,62,1012,,0,4,nublado,18.27,-23.5347,-46.6251,2025-01-25 18:56:02,falso,721.61,Sé,0,0.3,0.464048534631729
-46.6303,-23.5229,1796,23.17,73,1014,,0,0,nuvens dispersas,18.07,-23.5229,-46.6303,2025-01-25 21:55:30,falso,721.73,Sé,0,0,2.10017395019531
-46.6275,-23.5186,1797,22.15,78,1015,,0.12,1,chuva leve,18.13,-23.5186,-46.6275,2025-01-25 22:46:29,falso,720.35,Sé,0,0.12,4.86640167236328
-46.6509,-23.5289,1798,24.92,73,1011,,0,0,céu limpo,19.75,-23.5289,-46.6509,2024-01-20 10:05:19,falso,726.87,Sé,0,0,9.18427562713623
-46.6509,-23.5289,1799,22.44,90,1011,,0,2,nublado,20.72,-23.5289,-46.6509,2024-01-20 04:57:22,falso,726.87,Sé,0,1.78,9.18427562713623
-46.6509,-23.5289,1800,21.86,86,1014,,0.2,4,chuva leve,19.41,-23.5289,-46.6509,2024-01-21 18:01:20,falso,726.87,Sé,0,30.17,9.18427562713623
-46.6509,-23.5289,1801,21.33,95,1011,,0.28,1,chuva leve,20.5,-23.5289,-46.6509,2024-01-21 02:21:11,falso,726.87,Sé,0,0.28,9.18427562713623
-46.6509,-23.5289,1802,23.56,69,1015,,0,3,nublado,17.54,-23.5289,-46.6509,2024-01-22 16:29:32,falso,726.87,Sé,0,0.11,9.18427562713623
-46.6509,-23.5289,1803,19.66,93,1016,,0,0,nublado,18.5,-23.5289,-46.6509,2024-01-22 02:21:59,falso,726.87,Sé,0,0,9.18427562713623
-46.6303,-23.5229,1804,23.81,83,1012,,0,0,nublado,20.75,-23.5229,-46.6303,2024-01-20 00:56:17,falso,721.73,Sé,0,0,2.10017395019531
-46.6303,-23.5229,1805,25.17,74,1011,,0,0,céu limpo,20.21,-23.5229,-46.6303,2024-01-20 10:22:28,falso,721.73,Sé,0,0,2.10017395019531
-46.6303,-23.5229,1806,22.05,84,1013,,0.32,2,chuva leve,19.22,-23.5229,-46.6303,2024-01-21 08:01:10,falso,721.73,Sé,0,0.56,2.10017395019531
-46.6303,-23.5229,1807,24.7,76,1014,,3.83,4,chuva moderada,20.19,-23.5229,-46.6303,2024-01-21 11:14:42,falso,721.73,Sé,0,4.54,2.10017395019531
-46.6303,-23.5229,1808,20.29,82,1017,,0,0,nublado,17.12,-23.5229,-46.6303,2024-01-22 19:47:25,falso,721.73,Sé,0,0,2.10017395019531
-46.6303,-23.5229,1809,23.19,71,1016,,0.1,1,chuva leve,17.64,-23.5229,-46.6303,2024-01-22 12:25:59,falso,721.73,Sé,0,0.1,2.10017395019531
-46.6275,-23.5186,1810,26.18,73,1009,,2.82,4,chuva moderada,20.96,-23.5186,-46.6275,2024-01-20 15:23:19,falso,720.35,Sé,0,6.86,4.86640167236328
-46.6275,-23.5186,1811,27.28,70,1010,,0.19,3,chuva leve,21.33,-23.5186,-46.6275,2024-01-20 13:08:32,falso,720.35,Sé,0,0.45,4.86640167236328
-46.6275,-23.5186,1812,26.91,62,1013,,0.59,4,chuva leve,19.02,-23.5186,-46.6275,2024-01-21 13:01:00,falso,720.35,Sé,0,6.18,4.86640167236328
-46.6275,-23.5186,1813,23.2,77,1014,,0.18,3,chuva leve,18.95,-23.5186,-46.6275,2024-01-21 09:29:47,falso,720.35,Sé,0,0.74,4.86640167236328
-46.6275,-23.5186,1814,20.27,81,1017,,0,0,nublado,16.91,-23.5186,-46.6275,2024-01-22 19:54:53,falso,720.35,Sé,0,0,4.86640167236328
-46.6275,-23.5186,1815,19.59,94,1016,,0,0,nublado,18.6,-23.5186,-46.6275,2024-01-22 02:51:51,falso,720.35,Sé,0,0,4.86640167236328
-46.611794,-23.508373,1816,31.08,38,1009,,0,0,céu limpo,15.1,-23.508373,-46.611794,2023-12-18 13:58:11,falso,722.37,Vila Maria/Vila Guilherme,0,0,4.56079053878784
-46.611794,-23.508373,1817,21.24,90,1013,,0,0,céu limpo,19.53,-23.508373,-46.611794,2023-12-18 06:20:23,falso,722.37,Vila Maria/Vila Guilherme,0,0,4.56079053878784
-46.611794,-23.508373,1818,25.06,64,1011,,0,0,céu limpo,17.78,-23.508373,-46.611794,2023-12-19 10:19:55,falso,722.37,Vila Maria/Vila Guilherme,0,0,4.56079053878784
-46.611794,-23.508373,1819,30.03,44,1009,,0,0,nublado,16.45,-23.508373,-46.611794,2023-12-19 12:33:12,falso,722.37,Vila Maria/Vila Guilherme,0,0,4.56079053878784
-46.611794,-23.508373,1820,26.88,48,1012,,0,0,céu limpo,14.95,-23.508373,-46.611794,2023-12-20 11:50:03,falso,722.37,Vila Maria/Vila Guilherme,0,0,4.56079053878784
-46.611794,-23.508373,1821,27.26,55,1011,,0,0,nuvens dispersas,17.44,-23.508373,-46.611794,2023-12-20 15:17:18,falso,722.37,Vila Maria/Vila Guilherme,0,0,4.56079053878784
-46.611794,-23.508373,1822,20.92,87,1015,,0,4,nublado,18.68,-23.508373,-46.611794,2023-12-21 21:00:26,falso,722.37,Vila Maria/Vila Guilherme,0,0.13,4.56079053878784
-46.611794,-23.508373,1823,20.4,81,1014,,0,0,céu limpo,17.03,-23.508373,-46.611794,2023-12-21 03:31:48,falso,722.37,Vila Maria/Vila Guilherme,0,0,4.56079053878784
-46.611794,-23.508373,1824,30.03,50,1013,,0.33,1,chuva leve,18.47,-23.508373,-46.611794,2023-12-22 13:00:41,falso,722.37,Vila Maria/Vila Guilherme,0,0.33,4.56079053878784
-46.611794,-23.508373,1825,28.1,61,1014,,0,0,nuvens dispersas,19.87,-23.508373,-46.611794,2023-12-22 10:45:32,falso,722.37,Vila Maria/Vila Guilherme,0,0,4.56079053878784
-46.611794,-23.508373,1826,30.13,51,1011,,0,4,algumas nuvens,18.88,-23.508373,-46.611794,2023-12-23 15:23:35,falso,722.37,Vila Maria/Vila Guilherme,0,1.2,4.56079053878784
-46.611794,-23.508373,1827,30.13,51,1011,,0,4,algumas nuvens,18.88,-23.508373,-46.611794,2023-12-23 15:27:40,falso,722.37,Vila Maria/Vila Guilherme,0,1.2,4.56079053878784
-46.611794,-23.508373,1828,32.43,42,1011,,0,2,céu limpo,17.87,-23.508373,-46.611794,2023-12-24 16:01:08,falso,722.37,Vila Maria/Vila Guilherme,0,0.32,4.56079053878784
-46.611794,-23.508373,1829,25.99,65,1015,,0,3,nublado,18.9,-23.508373,-46.611794,2023-12-24 10:58:23,falso,722.37,Vila Maria/Vila Guilherme,0,0.12,4.56079053878784
-46.611794,-23.508373,1830,30.99,46,1013,,0,0,algumas nuvens,18.02,-23.508373,-46.611794,2023-12-25 12:22:25,falso,722.37,Vila Maria/Vila Guilherme,0,0,4.56079053878784
-46.611794,-23.508373,1831,26.46,59,1012,,0,0,céu limpo,17.8,-23.508373,-46.611794,2023-12-25 21:11:15,falso,722.37,Vila Maria/Vila Guilherme,0,0,4.56079053878784
-46.611794,-23.508373,1832,24.41,76,1012,,1.98,2,chuva moderada,19.91,-23.508373,-46.611794,2023-12-26 14:08:47,falso,722.37,Vila Maria/Vila Guilherme,0,2.32,4.56079053878784
-46.611794,-23.508373,1833,19.95,86,1017,,0,0,nublado,17.54,-23.508373,-46.611794,2023-12-26 21:04:16,falso,722.37,Vila Maria/Vila Guilherme,0,0,4.56079053878784
-46.611794,-23.508373,1834,24.84,57,1016,,0,0,nublado,15.75,-23.508373,-46.611794,2023-12-27 16:44:05,falso,722.37,Vila Maria/Vila Guilherme,0,0,4.56079053878784
-46.611794,-23.508373,1835,22.1,54,1016,,0,0,nublado,12.37,-23.508373,-46.611794,2023-12-27 18:17:14,falso,722.37,Vila Maria/Vila Guilherme,0,0,4.56079053878784
-46.611794,-23.508373,1836,17.18,80,1017,,0,0,céu limpo,13.7,-23.508373,-46.611794,2023-12-28 05:33:11,falso,722.37,Vila Maria/Vila Guilherme,0,0,4.56079053878784
-46.611794,-23.508373,1837,19.22,72,1017,,0,0,céu limpo,14.05,-23.508373,-46.611794,2023-12-28 06:34:27,falso,722.37,Vila Maria/Vila Guilherme,0,0,4.56079053878784
-46.611794,-23.508373,1838,32.71,40,1009,,0,0,céu limpo,17.35,-23.508373,-46.611794,2023-12-29 18:10:37,falso,722.37,Vila Maria/Vila Guilherme,0,0,4.56079053878784
-46.611794,-23.508373,1839,25.96,62,1013,,0,0,céu limpo,18.12,-23.508373,-46.611794,2023-12-29 07:54:40,falso,722.37,Vila Maria/Vila Guilherme,0,0,4.56079053878784
-46.611794,-23.508373,1840,20.95,82,1017,,0,3,nublado,17.76,-23.508373,-46.611794,2023-12-30 13:33:51,falso,722.37,Vila Maria/Vila Guilherme,0,0.37,4.56079053878784
-46.611794,-23.508373,1841,19.3,89,1018,,0,0,nuvens dispersas,17.44,-23.508373,-46.611794,2023-12-30 21:53:49,falso,722.37,Vila Maria/Vila Guilherme,0,0,4.56079053878784
-46.611794,-23.508373,1842,23.54,60,1016,,0,0,nublado,15.33,-23.508373,-46.611794,2023-12-31 11:59:32,falso,722.37,Vila Maria/Vila Guilherme,0,0,4.56079053878784
-46.611794,-23.508373,1843,22.72,59,1017,,0,0,céu limpo,14.3,-23.508373,-46.611794,2023-12-31 10:14:49,falso,722.37,Vila Maria/Vila Guilherme,0,0,4.56079053878784
-46.611794,-23.508373,1844,22,65,1016,,0,0,nublado,15.12,-23.508373,-46.611794,2024-01-01 09:47:56,falso,722.37,Vila Maria/Vila Guilherme,0,0,4.56079053878784
-46.611794,-23.508373,1845,23.94,61,1015,,0,0,nublado,15.96,-23.508373,-46.611794,2024-01-01 13:13:41,falso,722.37,Vila Maria/Vila Guilherme,0,0,4.56079053878784
-46.611794,-23.508373,1846,21.95,75,1011,,0.19,3,chuva leve,17.32,-23.508373,-46.611794,2024-01-02 17:41:57,falso,722.37,Vila Maria/Vila Guilherme,0,0.42,4.56079053878784
-46.611794,-23.508373,1847,20.95,82,1015,,0,0,nublado,17.76,-23.508373,-46.611794,2024-01-02 01:54:11,falso,722.37,Vila Maria/Vila Guilherme,0,0,4.56079053878784
-46.611794,-23.508373,1848,20.3,87,1012,,0,0,algumas nuvens,18.07,-23.508373,-46.611794,2024-01-03 05:36:22,falso,722.37,Vila Maria/Vila Guilherme,0,0,4.56079053878784
-46.611794,-23.508373,1849,21.78,82,1012,,0,0,nublado,18.57,-23.508373,-46.611794,2024-01-03 00:35:49,falso,722.37,Vila Maria/Vila Guilherme,0,0,4.56079053878784
-46.611794,-23.508373,1850,23.99,78,1012,,0.16,4,chuva leve,19.92,-23.508373,-46.611794,2024-01-04 16:01:22,falso,722.37,Vila Maria/Vila Guilherme,0,0.41,4.56079053878784
-46.611794,-23.508373,1851,20.04,95,1015,,0,3,chuva leve,19.21,-23.508373,-46.611794,2024-01-04 22:23:54,falso,722.37,Vila Maria/Vila Guilherme,0,2.79,4.56079053878784
-46.611794,-23.508373,1852,21.92,80,1014,,0.11,1,chuva leve,18.31,-23.508373,-46.611794,2024-01-05 07:47:38,falso,722.37,Vila Maria/Vila Guilherme,0,0.11,4.56079053878784
-46.611794,-23.508373,1853,22.98,74,1014,,0.47,3,chuva leve,18.1,-23.508373,-46.611794,2024-01-05 10:05:59,falso,722.37,Vila Maria/Vila Guilherme,0,0.82,4.56079053878784
-46.611794,-23.508373,1854,26.9,60,1013,,0.22,4,chuva leve,18.48,-23.508373,-46.611794,2024-01-06 15:19:21,falso,722.37,Vila Maria/Vila Guilherme,0,0.51,4.56079053878784
-46.611794,-23.508373,1855,20.68,84,1014,,0,0,algumas nuvens,17.88,-23.508373,-46.611794,2024-01-06 01:26:26,falso,722.37,Vila Maria/Vila Guilherme,0,0,4.56079053878784
-46.611794,-23.508373,1856,25,63,1015,,0,0,céu limpo,17.47,-23.508373,-46.611794,2024-01-07 09:17:55,falso,722.37,Vila Maria/Vila Guilherme,0,0,4.56079053878784
-46.611794,-23.508373,1857,27.93,59,1011,,0.45,4,chuva leve,19.18,-23.508373,-46.611794,2024-01-07 16:06:25,falso,722.37,Vila Maria/Vila Guilherme,0,0.65,4.56079053878784
-46.611794,-23.508373,1858,24.04,82,1013,,0,0,céu limpo,20.78,-23.508373,-46.611794,2024-01-08 00:54:13,falso,722.37,Vila Maria/Vila Guilherme,0,0,4.56079053878784
-46.611794,-23.508373,1859,32.97,38,1010,,0,4,nuvens dispersas,16.77,-23.508373,-46.611794,2024-01-08 15:13:27,falso,722.37,Vila Maria/Vila Guilherme,0,0.98,4.56079053878784
-46.611794,-23.508373,1860,28.02,56,1015,,0,0,céu limpo,18.43,-23.508373,-46.611794,2024-01-09 11:16:55,falso,722.37,Vila Maria/Vila Guilherme,0,0,4.56079053878784
-46.611794,-23.508373,1861,29.99,51,1014,,0,0,céu limpo,18.75,-23.508373,-46.611794,2024-01-09 12:25:33,falso,722.37,Vila Maria/Vila Guilherme,0,0,4.56079053878784
-46.611794,-23.508373,1862,28,70,1012,,0,4,nuvens dispersas,22.02,-23.508373,-46.611794,2024-01-10 16:31:51,falso,722.37,Vila Maria/Vila Guilherme,0,0.55,4.56079053878784
-46.611794,-23.508373,1863,21.24,87,1015,,0,0,céu limpo,18.99,-23.508373,-46.611794,2024-01-10 06:13:33,falso,722.37,Vila Maria/Vila Guilherme,0,0,4.56079053878784
-46.611794,-23.508373,1864,29.21,54,1012,,0.12,1,chuva leve,18.95,-23.508373,-46.611794,2024-01-11 13:29:42,falso,722.37,Vila Maria/Vila Guilherme,0,0.12,4.56079053878784
-46.611794,-23.508373,1865,24.04,84,1012,,0,0,chuva leve,21.17,-23.508373,-46.611794,2024-01-11 23:36:02,falso,722.37,Vila Maria/Vila Guilherme,0,0,4.56079053878784
-46.611794,-23.508373,1866,22.2,92,1012,,1.42,3,chuva moderada,20.84,-23.508373,-46.611794,2024-01-12 06:20:44,falso,722.37,Vila Maria/Vila Guilherme,0,4.05,4.56079053878784
-46.611794,-23.508373,1867,24,87,1013,,0,4,nublado,21.7,-23.508373,-46.611794,2024-01-12 17:40:26,falso,722.37,Vila Maria/Vila Guilherme,0,4.11,4.56079053878784
-46.611794,-23.508373,1868,21.78,97,1014,,2.79,4,chuva moderada,21.28,-23.508373,-46.611794,2024-01-13 02:12:49,falso,722.37,Vila Maria/Vila Guilherme,0,17.77,4.56079053878784
-46.611794,-23.508373,1869,19,84,1016,,0.38,3,chuva leve,16.24,-23.508373,-46.611794,2024-01-13 18:10:00,falso,722.37,Vila Maria/Vila Guilherme,0,1.21,4.56079053878784
-46.611794,-23.508373,1870,27.34,67,1013,,0.49,2,chuva leve,20.67,-23.508373,-46.611794,2024-01-14 17:33:07,falso,722.37,Vila Maria/Vila Guilherme,0,0.87,4.56079053878784
-46.611794,-23.508373,1871,23.07,85,1016,,0,0,céu limpo,20.41,-23.508373,-46.611794,2024-01-14 23:18:13,falso,722.37,Vila Maria/Vila Guilherme,0,0,4.56079053878784
-46.611794,-23.508373,1872,22.88,89,1015,,0,0,algumas nuvens,20.97,-23.508373,-46.611794,2024-01-15 01:28:10,falso,722.37,Vila Maria/Vila Guilherme,0,0,4.56079053878784
-46.611794,-23.508373,1873,26.06,73,1016,,0,0,nublado,20.84,-23.508373,-46.611794,2024-01-15 10:01:14,falso,722.37,Vila Maria/Vila Guilherme,0,0,4.56079053878784
-46.611794,-23.508373,1874,28.17,61,1016,,0,0,algumas nuvens,19.94,-23.508373,-46.611794,2024-01-16 10:27:23,falso,722.37,Vila Maria/Vila Guilherme,0,0,4.56079053878784
-46.611794,-23.508373,1875,25.45,77,1015,,0,0,céu limpo,21.12,-23.508373,-46.611794,2024-01-16 02:18:13,falso,722.37,Vila Maria/Vila Guilherme,0,0,4.56079053878784
-46.611794,-23.508373,1876,32.93,46,1013,,0,0,nublado,19.78,-23.508373,-46.611794,2024-01-17 14:21:41,falso,722.37,Vila Maria/Vila Guilherme,0,0,4.56079053878784
-46.611794,-23.508373,1877,31.89,47,1013,,0,0,nuvens dispersas,19.18,-23.508373,-46.611794,2024-01-17 15:18:19,falso,722.37,Vila Maria/Vila Guilherme,0,0,4.56079053878784
-46.611794,-23.508373,1878,24.22,81,1015,,0,3,nublado,20.75,-23.508373,-46.611794,2024-01-18 23:10:43,falso,722.37,Vila Maria/Vila Guilherme,0,0.13,4.56079053878784
-46.611794,-23.508373,1879,32.77,45,1012,,0,2,nublado,19.28,-23.508373,-46.611794,2024-01-18 15:18:52,falso,722.37,Vila Maria/Vila Guilherme,0,0.4,4.56079053878784
-46.611794,-23.508373,1880,22.03,81,1014,,0.11,4,chuva leve,18.62,-23.508373,-46.611794,2024-01-19 07:11:52,falso,722.37,Vila Maria/Vila Guilherme,0,0.83,4.56079053878784
-46.611794,-23.508373,1881,24.04,81,1015,,0,4,trovoada com chuva fraca,20.58,-23.508373,-46.611794,2024-01-19 00:00:58,falso,722.37,Vila Maria/Vila Guilherme,0,0.13,4.56079053878784
-46.611794,-23.508373,1882,26.16,74,1009,,0,4,nuvens dispersas,21.16,-23.508373,-46.611794,2024-01-20 17:22:03,falso,722.37,Vila Maria/Vila Guilherme,0,7.77,4.56079053878784
-46.611794,-23.508373,1883,26.16,75,1010,,0.36,4,chuva leve,21.38,-23.508373,-46.611794,2024-01-20 17:36:54,falso,722.37,Vila Maria/Vila Guilherme,0,2.67,4.56079053878784
-46.611794,-23.508373,1884,21.41,95,1011,,0.13,1,chuva leve,20.58,-23.508373,-46.611794,2024-01-21 01:44:23,falso,722.37,Vila Maria/Vila Guilherme,0,0.13,4.56079053878784
-46.611794,-23.508373,1885,22.2,87,1013,,2.79,4,chuva moderada,19.93,-23.508373,-46.611794,2024-01-21 14:44:04,falso,722.37,Vila Maria/Vila Guilherme,0,8.22,4.56079053878784
-46.611794,-23.508373,1886,20.12,84,1018,,0,0,nublado,17.33,-23.508373,-46.611794,2024-01-22 21:45:27,falso,722.37,Vila Maria/Vila Guilherme,0,0,4.56079053878784
-46.611794,-23.508373,1887,21.12,79,1016,,0,0,chuva leve,17.34,-23.508373,-46.611794,2024-01-22 18:34:50,falso,722.37,Vila Maria/Vila Guilherme,0,0,4.56079053878784
-46.603548,-23.50703,1888,23.55,75,1013,,0,0,nublado,18.86,-23.50703,-46.603548,2023-12-18 00:57:02,falso,725.7,Vila Maria/Vila Guilherme,0,0,0.464048534631729
-46.603548,-23.50703,1889,23.06,75,1012,,0,0,nublado,18.39,-23.50703,-46.603548,2023-12-18 02:31:28,falso,725.7,Vila Maria/Vila Guilherme,0,0,0.464048534631729
-46.603548,-23.50703,1890,28.04,57,1008,,0,0,céu limpo,18.73,-23.50703,-46.603548,2023-12-19 14:31:20,falso,725.7,Vila Maria/Vila Guilherme,0,0,0.464048534631729
-46.603548,-23.50703,1891,25.99,65,1008,,0,0,céu limpo,18.9,-23.50703,-46.603548,2023-12-19 16:14:11,falso,725.7,Vila Maria/Vila Guilherme,0,0,0.464048534631729
-46.603548,-23.50703,1892,27.87,51,1011,,0,0,nuvens dispersas,16.81,-23.50703,-46.603548,2023-12-20 14:06:00,falso,725.7,Vila Maria/Vila Guilherme,0,0,0.464048534631729
-46.603548,-23.50703,1893,21.15,77,1015,,0,0,nublado,16.96,-23.50703,-46.603548,2023-12-20 21:43:26,falso,725.7,Vila Maria/Vila Guilherme,0,0,0.464048534631729
-46.603548,-23.50703,1894,20.28,78,1014,,0,0,nuvens dispersas,16.32,-23.50703,-46.603548,2023-12-21 04:39:19,falso,725.7,Vila Maria/Vila Guilherme,0,0,0.464048534631729
-46.603548,-23.50703,1895,21.53,83,1016,,0,0,nublado,18.52,-23.50703,-46.603548,2023-12-21 23:23:51,falso,725.7,Vila Maria/Vila Guilherme,0,0,0.464048534631729
-46.603548,-23.50703,1896,23.51,87,1013,,0,4,névoa,21.22,-23.50703,-46.603548,2023-12-22 20:09:05,falso,725.7,Vila Maria/Vila Guilherme,0,2.65,0.464048534631729
-46.603548,-23.50703,1897,30.41,48,1014,,0,0,nublado,18.17,-23.50703,-46.603548,2023-12-22 12:16:49,falso,725.7,Vila Maria/Vila Guilherme,0,0,0.464048534631729
-46.603548,-23.50703,1898,29.99,51,1012,,0.27,3,chuva leve,18.75,-23.50703,-46.603548,2023-12-23 13:14:42,falso,725.7,Vila Maria/Vila Guilherme,0,0.67,0.464048534631729
-46.603548,-23.50703,1899,27.98,58,1015,,0,0,nuvens dispersas,18.95,-23.50703,-46.603548,2023-12-23 09:35:21,falso,725.7,Vila Maria/Vila Guilherme,0,0,0.464048534631729
-46.603548,-23.50703,1900,23.68,81,1014,,0,0,céu limpo,20.23,-23.50703,-46.603548,2023-12-24 20:58:09,falso,725.7,Vila Maria/Vila Guilherme,0,0,0.464048534631729
-46.603548,-23.50703,1901,24.4,81,1013,,0,0,céu limpo,20.93,-23.50703,-46.603548,2023-12-24 20:10:54,falso,725.7,Vila Maria/Vila Guilherme,0,0,0.464048534631729
-46.603548,-23.50703,1902,23.67,81,1013,,0,0,nublado,20.22,-23.50703,-46.603548,2023-12-25 01:30:49,falso,725.7,Vila Maria/Vila Guilherme,0,0,0.464048534631729
-46.603548,-23.50703,1903,27.37,57,1012,,0,0,céu limpo,18.1,-23.50703,-46.603548,2023-12-25 22:08:39,falso,725.7,Vila Maria/Vila Guilherme,0,0,0.464048534631729
-46.603548,-23.50703,1904,20.16,71,1018,,0,0,nublado,14.74,-23.50703,-46.603548,2023-12-26 23:13:08,falso,725.7,Vila Maria/Vila Guilherme,0,0,0.464048534631729
-46.603548,-23.50703,1905,23.56,84,1012,,0,0,nuvens dispersas,20.7,-23.50703,-46.603548,2023-12-26 01:47:12,falso,725.7,Vila Maria/Vila Guilherme,0,0,0.464048534631729
-46.603548,-23.50703,1906,20.37,72,1018,,0,0,céu limpo,15.16,-23.50703,-46.603548,2023-12-27 19:57:53,falso,725.7,Vila Maria/Vila Guilherme,0,0,0.464048534631729
-46.603548,-23.50703,1907,20.07,62,1017,,0,0,nuvens dispersas,12.57,-23.50703,-46.603548,2023-12-27 18:47:04,falso,725.7,Vila Maria/Vila Guilherme,0,0,0.464048534631729
-46.603548,-23.50703,1908,27.98,51,1015,,0,0,nuvens dispersas,16.91,-23.50703,-46.603548,2023-12-28 11:43:14,falso,725.7,Vila Maria/Vila Guilherme,0,0,0.464048534631729
-46.603548,-23.50703,1909,22.16,73,1015,,0,0,céu limpo,17.09,-23.50703,-46.603548,2023-12-28 22:31:09,falso,725.7,Vila Maria/Vila Guilherme,0,0,0.464048534631729
-46.603548,-23.50703,1910,30.42,42,1010,,0,0,céu limpo,16.07,-23.50703,-46.603548,2023-12-29 19:04:37,falso,725.7,Vila Maria/Vila Guilherme,0,0,0.464048534631729
-46.603548,-23.50703,1911,30.3,45,1011,,0,0,céu limpo,17.05,-23.50703,-46.603548,2023-12-29 19:36:35,falso,725.7,Vila Maria/Vila Guilherme,0,0,0.464048534631729
-46.603548,-23.50703,1912,21.27,84,1017,,0.14,2,chuva leve,18.46,-23.50703,-46.603548,2023-12-30 13:19:31,falso,725.7,Vila Maria/Vila Guilherme,0,0.37,0.464048534631729
-46.603548,-23.50703,1913,20.19,88,1017,,0,0,chuva leve,18.14,-23.50703,-46.603548,2023-12-30 09:17:15,falso,725.7,Vila Maria/Vila Guilherme,0,0,0.464048534631729
-46.603548,-23.50703,1914,19.28,84,1017,,0,0,nublado,16.51,-23.50703,-46.603548,2023-12-31 00:59:26,falso,725.7,Vila Maria/Vila Guilherme,0,0,0.464048534631729
-46.603548,-23.50703,1915,18.88,81,1016,,0,0,nublado,15.55,-23.50703,-46.603548,2023-12-31 03:05:12,falso,725.7,Vila Maria/Vila Guilherme,0,0,0.464048534631729
-46.603548,-23.50703,1916,21.03,80,1015,,0,0,névoa,17.45,-23.50703,-46.603548,2024-01-01 21:01:37,falso,725.7,Vila Maria/Vila Guilherme,0,0,0.464048534631729
-46.603548,-23.50703,1917,18.13,78,1016,,0,0,nuvens dispersas,14.24,-23.50703,-46.603548,2024-01-01 06:18:03,falso,725.7,Vila Maria/Vila Guilherme,0,0,0.464048534631729
-46.603548,-23.50703,1918,20.84,82,1015,,0,0,nublado,17.66,-23.50703,-46.603548,2024-01-02 02:19:33,falso,725.7,Vila Maria/Vila Guilherme,0,0,0.464048534631729
-46.603548,-23.50703,1919,22.97,74,1011,,0.23,4,chuva leve,18.09,-23.50703,-46.603548,2024-01-02 16:14:23,falso,725.7,Vila Maria/Vila Guilherme,0,0.35,0.464048534631729
-46.603548,-23.50703,1920,21.85,82,1012,,0,0,nublado,18.64,-23.50703,-46.603548,2024-01-03 00:34:18,falso,725.7,Vila Maria/Vila Guilherme,0,0,0.464048534631729
-46.603548,-23.50703,1921,21.36,86,1012,,0,0,nublado,18.92,-23.50703,-46.603548,2024-01-03 05:13:15,falso,725.7,Vila Maria/Vila Guilherme,0,0,0.464048534631729
-46.603548,-23.50703,1922,24.01,82,1012,,0,4,chuva leve,20.75,-23.50703,-46.603548,2024-01-04 14:08:20,falso,725.7,Vila Maria/Vila Guilherme,0,0.81,0.464048534631729
-46.603548,-23.50703,1923,20.03,94,1015,,0,0,chuva leve,19.03,-23.50703,-46.603548,2024-01-04 21:45:13,falso,725.7,Vila Maria/Vila Guilherme,0,0,0.464048534631729
-46.603548,-23.50703,1924,25.98,65,1013,,0.37,4,chuva leve,18.89,-23.50703,-46.603548,2024-01-05 15:20:33,falso,725.7,Vila Maria/Vila Guilherme,0,0.68,0.464048534631729
-46.603548,-23.50703,1925,20.21,95,1013,,0,0,nuvens dispersas,19.38,-23.50703,-46.603548,2024-01-05 02:30:00,falso,725.7,Vila Maria/Vila Guilherme,0,0,0.464048534631729
-46.603548,-23.50703,1926,20.7,86,1014,,0,0,algumas nuvens,18.27,-23.50703,-46.603548,2024-01-06 02:33:09,falso,725.7,Vila Maria/Vila Guilherme,0,0,0.464048534631729
-46.603548,-23.50703,1927,20.7,85,1014,,0,0,nublado,18.09,-23.50703,-46.603548,2024-01-06 05:20:23,falso,725.7,Vila Maria/Vila Guilherme,0,0,0.464048534631729
-46.603548,-23.50703,1928,20.12,80,1014,,0,0,nublado,16.56,-23.50703,-46.603548,2024-01-07 05:56:52,falso,725.7,Vila Maria/Vila Guilherme,0,0,0.464048534631729
-46.603548,-23.50703,1929,21.85,81,1015,,0,0,nublado,18.44,-23.50703,-46.603548,2024-01-07 00:10:23,falso,725.7,Vila Maria/Vila Guilherme,0,0,0.464048534631729
-46.603548,-23.50703,1930,20.99,83,1010,,0.61,4,chuva leve,17.99,-23.50703,-46.603548,2024-01-08 16:37:44,falso,725.7,Vila Maria/Vila Guilherme,0,3.34,0.464048534631729
-46.603548,-23.50703,1931,22.18,80,1014,,0,0,chuva leve,18.57,-23.50703,-46.603548,2024-01-08 20:55:26,falso,725.7,Vila Maria/Vila Guilherme,0,0,0.464048534631729
-46.603548,-23.50703,1932,22.35,85,1016,,0,3,céu limpo,19.71,-23.50703,-46.603548,2024-01-09 22:50:07,falso,725.7,Vila Maria/Vila Guilherme,0,0.34,0.464048534631729
-46.603548,-23.50703,1933,27.99,56,1015,,0,0,céu limpo,18.4,-23.50703,-46.603548,2024-01-09 10:52:02,falso,725.7,Vila Maria/Vila Guilherme,0,0,0.464048534631729
-46.603548,-23.50703,1934,25.98,70,1015,,0,0,céu limpo,20.09,-23.50703,-46.603548,2024-01-10 07:32:01,falso,725.7,Vila Maria/Vila Guilherme,0,0,0.464048534631729
-46.603548,-23.50703,1935,28.01,57,1014,,0,0,céu limpo,18.7,-23.50703,-46.603548,2024-01-10 10:25:52,falso,725.7,Vila Maria/Vila Guilherme,0,0,0.464048534631729
-46.603548,-23.50703,1936,21.54,92,1013,,0,0,céu limpo,20.18,-23.50703,-46.603548,2024-01-11 03:48:13,falso,725.7,Vila Maria/Vila Guilherme,0,0,0.464048534631729
-46.603548,-23.50703,1937,23.25,83,1013,,0,0,céu limpo,20.2,-23.50703,-46.603548,2024-01-11 23:27:14,falso,725.7,Vila Maria/Vila Guilherme,0,0,0.464048534631729
-46.603548,-23.50703,1938,25.99,66,1013,,4.56,4,chuva forte,19.15,-23.50703,-46.603548,2024-01-12 12:03:54,falso,725.7,Vila Maria/Vila Guilherme,0,5.14,0.464048534631729
-46.603548,-23.50703,1939,21.14,99,1015,,3.15,4,chuva moderada,20.98,-23.50703,-46.603548,2024-01-12 21:51:43,falso,725.7,Vila Maria/Vila Guilherme,0,6.57,0.464048534631729
-46.603548,-23.50703,1940,21.96,76,1017,,0.14,4,chuva leve,17.54,-23.50703,-46.603548,2024-01-13 11:08:16,falso,725.7,Vila Maria/Vila Guilherme,0,0.36,0.464048534631729
-46.603548,-23.50703,1941,21.9,97,1015,,2.72,4,chuva moderada,21.4,-23.50703,-46.603548,2024-01-13 00:36:43,falso,725.7,Vila Maria/Vila Guilherme,0,13.69,0.464048534631729
-46.603548,-23.50703,1942,19.25,79,1018,,0,0,nublado,15.52,-23.50703,-46.603548,2024-01-14 07:02:27,falso,725.7,Vila Maria/Vila Guilherme,0,0,0.464048534631729
-46.603548,-23.50703,1943,19.58,87,1018,,0,0,nublado,17.36,-23.50703,-46.603548,2024-01-14 01:00:14,falso,725.7,Vila Maria/Vila Guilherme,0,0,0.464048534631729
-46.603548,-23.50703,1944,22.94,89,1014,,0,0,nublado,21.03,-23.50703,-46.603548,2024-01-15 04:04:09,falso,725.7,Vila Maria/Vila Guilherme,0,0,0.464048534631729
-46.603548,-23.50703,1945,22.94,89,1015,,0,0,algumas nuvens,21.03,-23.50703,-46.603548,2024-01-15 00:56:16,falso,725.7,Vila Maria/Vila Guilherme,0,0,0.464048534631729
-46.603548,-23.50703,1946,23.27,78,1015,,0,0,algumas nuvens,19.22,-23.50703,-46.603548,2024-01-16 02:56:46,falso,725.7,Vila Maria/Vila Guilherme,0,0,0.464048534631729
-46.603548,-23.50703,1947,25.55,69,1015,,0,0,céu limpo,19.44,-23.50703,-46.603548,2024-01-16 23:52:33,falso,725.7,Vila Maria/Vila Guilherme,0,0,0.464048534631729
-46.603548,-23.50703,1948,27.01,62,1016,,0,0,céu limpo,19.11,-23.50703,-46.603548,2024-01-17 08:12:18,falso,725.7,Vila Maria/Vila Guilherme,0,0,0.464048534631729
-46.603548,-23.50703,1949,25.99,69,1016,,0,0,céu limpo,19.86,-23.50703,-46.603548,2024-01-17 07:06:18,falso,725.7,Vila Maria/Vila Guilherme,0,0,0.464048534631729
-46.603548,-23.50703,1950,24.4,86,1014,,0,4,nublado,21.91,-23.50703,-46.603548,2024-01-18 20:16:42,falso,725.7,Vila Maria/Vila Guilherme,0,0.36,0.464048534631729
-46.603548,-23.50703,1951,24.45,83,1012,,0.36,4,trovoada com chuva fraca,21.37,-23.50703,-46.603548,2024-01-18 16:35:55,falso,725.7,Vila Maria/Vila Guilherme,0,2.28,0.464048534631729
-46.603548,-23.50703,1952,24.32,75,1012,,0,0,trovoadas,19.61,-23.50703,-46.603548,2024-01-19 19:59:11,falso,725.7,Vila Maria/Vila Guilherme,0,0,0.464048534631729
-46.603548,-23.50703,1953,24.33,76,1012,,0,0,trovoadas,19.83,-23.50703,-46.603548,2024-01-19 20:11:08,falso,725.7,Vila Maria/Vila Guilherme,0,0,0.464048534631729
-46.603548,-23.50703,1954,23.48,87,1011,,0,0,chuva leve,21.19,-23.50703,-46.603548,2024-01-20 03:19:17,falso,725.7,Vila Maria/Vila Guilherme,0,0,0.464048534631729
-46.603548,-23.50703,1955,27,70,1009,,0.14,3,chuva leve,21.06,-23.50703,-46.603548,2024-01-20 12:34:39,falso,725.7,Vila Maria/Vila Guilherme,0,0.69,0.464048534631729
-46.603548,-23.50703,1956,21.41,95,1011,,0.13,1,chuva leve,20.58,-23.50703,-46.603548,2024-01-21 01:50:07,falso,725.7,Vila Maria/Vila Guilherme,0,0.13,0.464048534631729
-46.603548,-23.50703,1957,20.03,90,1017,,0,4,chuva leve,18.34,-23.50703,-46.603548,2024-01-21 23:07:33,falso,725.7,Vila Maria/Vila Guilherme,0,0.29,0.464048534631729
-46.603548,-23.50703,1958,20.17,94,1016,,0,4,nublado,19.17,-23.50703,-46.603548,2024-01-22 00:41:58,falso,725.7,Vila Maria/Vila Guilherme,0,0.14,0.464048534631729
-46.603548,-23.50703,1959,19.68,94,1016,,0,0,nublado,18.69,-23.50703,-46.603548,2024-01-22 03:57:07,falso,725.7,Vila Maria/Vila Guilherme,0,0,0.464048534631729
-46.6549,-23.5858,1960,19.19,85,1017,,0,0,nuvens dispersas,16.61,-23.5858,-46.6549,2024-02-05 02:20:58,falso,752.24,Vila Mariana,0,0,2.07442665100098
-46.6549,-23.5858,1961,19.42,83,1016,,0,0,algumas nuvens,16.46,-23.5858,-46.6549,2024-02-05 00:32:38,falso,752.24,Vila Mariana,0,0,2.07442665100098
-46.6549,-23.5858,1962,21.28,75,1017,,0,0,nublado,16.67,-23.5858,-46.6549,2024-02-06 02:41:48,falso,752.24,Vila Mariana,0,0,2.07442665100098
-46.6549,-23.5858,1963,22.1,71,1018,,0,0,nublado,16.6,-23.5858,-46.6549,2024-02-06 01:22:39,falso,752.24,Vila Mariana,0,0,2.07442665100098
-46.6549,-23.5858,1964,27.09,60,1016,,0,0,céu limpo,18.66,-23.5858,-46.6549,2024-02-07 09:56:05,falso,752.24,Vila Mariana,0,0,2.07442665100098
-46.6549,-23.5858,1965,24.23,80,1013,,0,0,nublado,20.56,-23.5858,-46.6549,2024-02-07 16:32:04,falso,752.24,Vila Mariana,0,0,2.07442665100098
-46.6549,-23.5858,1966,21.28,85,1015,,0,0,céu limpo,18.66,-23.5858,-46.6549,2024-02-08 06:03:37,falso,752.24,Vila Mariana,0,0,2.07442665100098
-46.6549,-23.5858,1967,24.16,79,1014,,0,0,nublado,20.29,-23.5858,-46.6549,2024-02-08 19:19:42,falso,752.24,Vila Mariana,0,0,2.07442665100098
-46.6549,-23.5858,1968,21.51,84,1015,,0,0,céu limpo,18.69,-23.5858,-46.6549,2024-02-09 03:36:01,falso,752.24,Vila Mariana,0,0,2.07442665100098
-46.6549,-23.5858,1969,25.74,66,1016,,0,0,céu limpo,18.91,-23.5858,-46.6549,2024-02-09 09:14:19,falso,752.24,Vila Mariana,0,0,2.07442665100098
-46.6549,-23.5858,1970,31.77,37,1016,,0.17,1,chuva leve,15.29,-23.5858,-46.6549,2024-02-10 13:47:57,falso,752.24,Vila Mariana,0,0.17,2.07442665100098
-46.6549,-23.5858,1971,28.28,65,1015,,0.13,3,chuva leve,21.07,-23.5858,-46.6549,2024-02-10 16:20:08,falso,752.24,Vila Mariana,0,0.3,2.07442665100098
-46.6926,-23.6838,1972,29.73,45,1014,,0,0,algumas nuvens,16.53,-23.6838,-46.6926,2024-02-05 16:19:19,falso,724.09,Santo Amaro,0,0,3.6195912361145
-46.6926,-23.6838,1973,28.92,46,1017,,0,0,céu limpo,16.14,-23.6838,-46.6926,2024-02-05 12:08:03,falso,724.09,Santo Amaro,0,0,3.6195912361145
-46.6926,-23.6838,1974,22.72,84,1019,,0,0,nublado,19.88,-23.6838,-46.6926,2024-02-06 22:55:38,falso,724.09,Santo Amaro,0,0,3.6195912361145
-46.6926,-23.6838,1975,24.49,81,1017,,0,4,algumas nuvens,21.02,-23.6838,-46.6926,2024-02-06 18:44:10,falso,724.09,Santo Amaro,0,0.16,3.6195912361145
-46.6926,-23.6838,1976,25.08,69,1017,,0,0,céu limpo,19,-23.6838,-46.6926,2024-02-07 09:27:31,falso,724.09,Santo Amaro,0,0,3.6195912361145
-46.6926,-23.6838,1977,29.38,50,1016,,0,0,céu limpo,17.88,-23.6838,-46.6926,2024-02-07 11:30:00,falso,724.09,Santo Amaro,0,0,3.6195912361145
-46.6926,-23.6838,1978,28.41,65,1013,,0.31,2,chuva leve,21.2,-23.6838,-46.6926,2024-02-08 14:39:46,falso,724.09,Santo Amaro,0,0.41,3.6195912361145
-46.6926,-23.6838,1979,26.25,73,1013,,0,4,nuvens dispersas,21.03,-23.6838,-46.6926,2024-02-08 16:44:35,falso,724.09,Santo Amaro,0,0.68,3.6195912361145
-46.6926,-23.6838,1980,27.39,67,1016,,0,0,céu limpo,20.72,-23.6838,-46.6926,2024-02-09 09:46:38,falso,724.09,Santo Amaro,0,0,3.6195912361145
-46.6926,-23.6838,1981,29.84,51,1016,,0,0,céu limpo,18.62,-23.6838,-46.6926,2024-02-09 11:23:09,falso,724.09,Santo Amaro,0,0,3.6195912361145
-46.6926,-23.6838,1982,22.53,85,1019,,0,0,nuvens dispersas,19.88,-23.6838,-46.6926,2024-02-10 06:48:33,falso,724.09,Santo Amaro,0,0,3.6195912361145
-46.6926,-23.6838,1983,22.53,86,1017,,0,0,nuvens dispersas,20.07,-23.6838,-46.6926,2024-02-10 04:08:28,falso,724.09,Santo Amaro,0,0,3.6195912361145
-46.6973,-23.6072,1984,18.33,90,1017,,0,0,nublado,16.66,-23.6072,-46.6973,2024-02-05 05:22:25,falso,723.23,Santo Amaro,0,0,8.22488880157471
-46.6973,-23.6072,1985,24.51,70,1016,,0,0,céu limpo,18.68,-23.6072,-46.6973,2024-02-05 19:40:43,falso,723.23,Santo Amaro,0,0,8.22488880157471
-46.6973,-23.6072,1986,29.7,61,1018,,0,0,nublado,21.38,-23.6072,-46.6973,2024-02-06 12:49:32,falso,723.23,Santo Amaro,0,0,8.22488880157471
-46.6973,-23.6072,1987,26.65,63,1020,,0,0,céu limpo,19.03,-23.6072,-46.6973,2024-02-06 09:05:35,falso,723.23,Santo Amaro,0,0,8.22488880157471
-46.6973,-23.6072,1988,22.2,81,1016,,0,0,nublado,18.79,-23.6072,-46.6973,2024-02-07 02:11:09,falso,723.23,Santo Amaro,0,0,8.22488880157471
-46.6973,-23.6072,1989,23.33,84,1015,,0,0,céu limpo,20.47,-23.6072,-46.6973,2024-02-07 20:26:03,falso,723.23,Santo Amaro,0,0,8.22488880157471
-46.6973,-23.6072,1990,25.38,69,1016,,0,0,céu limpo,19.28,-23.6072,-46.6973,2024-02-08 08:33:38,falso,723.23,Santo Amaro,0,0,8.22488880157471
-46.6973,-23.6072,1991,24.3,85,1014,,0,0,nublado,21.62,-23.6072,-46.6973,2024-02-08 19:29:21,falso,723.23,Santo Amaro,0,0,8.22488880157471
-46.6973,-23.6072,1992,23.71,88,1018,,0,0,nuvens dispersas,21.6,-23.6072,-46.6973,2024-02-09 22:54:48,falso,723.23,Santo Amaro,0,0,8.22488880157471
-46.6973,-23.6072,1993,24.33,86,1016,,0,0,nublado,21.84,-23.6072,-46.6973,2024-02-09 20:13:34,falso,723.23,Santo Amaro,0,0,8.22488880157471
-46.6973,-23.6072,1994,29.74,69,1015,,0,2,nuvens dispersas,23.44,-23.6072,-46.6973,2024-02-10 15:10:33,falso,723.23,Santo Amaro,0,0.17,8.22488880157471
-46.6973,-23.6072,1995,24.05,84,1016,,0,4,nuvens dispersas,21.18,-23.6072,-46.6973,2024-02-10 19:27:52,falso,723.23,Santo Amaro,0,0.13,8.22488880157471
-46.598701,-23.526522,1996,28.82,47,1014,,0,0,céu limpo,16.39,-23.526522,-46.598701,2024-02-05 17:06:59,falso,714.58,Santana,0,0,5.12249660491943
-46.598701,-23.526522,1997,28.01,47,1018,,0.15,1,chuva leve,15.65,-23.526522,-46.598701,2024-02-05 11:02:08,falso,714.58,Santana,0,0.15,5.12249660491943
-46.598701,-23.526522,1998,29.06,51,1017,,0,0,nublado,17.9,-23.526522,-46.598701,2024-02-06 14:04:03,falso,714.58,Santana,0,0,5.12249660491943
-46.598701,-23.526522,1999,26.15,62,1020,,0,0,céu limpo,18.3,-23.526522,-46.598701,2024-02-06 09:14:42,falso,714.58,Santana,0,0,5.12249660491943
-46.598701,-23.526522,2000,24.92,75,1013,,0,4,nublado,20.18,-23.526522,-46.598701,2024-02-07 16:37:47,falso,714.58,Santana,0,0.1,5.12249660491943
-46.598701,-23.526522,2001,29.79,49,1016,,0,0,algumas nuvens,17.93,-23.526522,-46.598701,2024-02-07 11:26:04,falso,714.58,Santana,0,0,5.12249660491943
-46.598701,-23.526522,2002,29.5,58,1013,,0.13,1,chuva leve,20.37,-23.526522,-46.598701,2024-02-08 15:03:41,falso,714.58,Santana,0,0.13,5.12249660491943
-46.598701,-23.526522,2003,28.94,60,1012,,0,2,nublado,20.39,-23.526522,-46.598701,2024-02-08 15:59:46,falso,714.58,Santana,0,0.13,5.12249660491943
-46.598701,-23.526522,2004,29.27,53,1016,,0,0,algumas nuvens,18.71,-23.526522,-46.598701,2024-02-09 11:21:18,falso,714.58,Santana,0,0,5.12249660491943
-46.598701,-23.526522,2005,21.91,84,1015,,0,0,céu limpo,19.08,-23.526522,-46.598701,2024-02-09 04:14:26,falso,714.58,Santana,0,0,5.12249660491943
-46.598701,-23.526522,2006,22.34,81,1018,,0,0,céu limpo,18.92,-23.526522,-46.598701,2024-02-10 22:10:50,falso,714.58,Santana,0,0,5.12249660491943
-46.598701,-23.526522,2007,30.25,39,1017,,0,0,algumas nuvens,14.77,-23.526522,-46.598701,2024-02-10 13:13:02,falso,714.58,Santana,0,0,5.12249660491943
-46.598701,-23.526522,2008,21.76,89,1013,,0,0,nuvens dispersas,19.87,-23.526522,-46.598701,2023-12-24 01:46:56,falso,714.58,Santana,0,0,5.12249660491943
-46.598701,-23.526522,2009,28.04,56,1014,,0.1,4,chuva leve,18.45,-23.526522,-46.598701,2023-12-24 12:00:31,falso,714.58,Santana,0,0.22,5.12249660491943
-46.598701,-23.526522,2010,32.02,42,1011,,0,0,nuvens dispersas,17.5,-23.526522,-46.598701,2023-12-25 14:26:15,falso,714.58,Santana,0,0,5.12249660491943
-46.598701,-23.526522,2011,25.89,77,1015,,0,0,céu limpo,21.55,-23.526522,-46.598701,2023-12-25 07:57:10,falso,714.58,Santana,0,0,5.12249660491943
-46.598701,-23.526522,2012,21.94,89,1013,,0.58,4,chuva leve,20.04,-23.526522,-46.598701,2023-12-26 16:09:20,falso,714.58,Santana,0,3.56,5.12249660491943
-46.598701,-23.526522,2013,23.86,82,1013,,0.34,4,chuva leve,20.6,-23.526522,-46.598701,2023-12-26 12:32:02,falso,714.58,Santana,0,0.56,5.12249660491943
-46.598701,-23.526522,2014,19.06,73,1018,,0,0,nuvens dispersas,14.11,-23.526522,-46.598701,2023-12-27 22:31:30,falso,714.58,Santana,0,0,5.12249660491943
-46.598701,-23.526522,2015,23.87,55,1017,,0,0,nublado,14.29,-23.526522,-46.598701,2023-12-27 14:14:35,falso,714.58,Santana,0,0,5.12249660491943
-46.598701,-23.526522,2016,28.51,54,1012,,0,0,céu limpo,18.3,-23.526522,-46.598701,2023-12-28 15:43:59,falso,714.58,Santana,0,0,5.12249660491943
-46.598701,-23.526522,2017,19.06,74,1017,,0,0,nuvens dispersas,14.32,-23.526522,-46.598701,2023-12-28 02:20:38,falso,714.58,Santana,0,0,5.12249660491943
-46.598701,-23.526522,2018,19.13,97,1011,,0,0,nuvens dispersas,18.64,-23.526522,-46.598701,2023-12-29 05:11:42,falso,714.58,Santana,0,0,5.12249660491943
-46.598701,-23.526522,2019,22.5,76,1012,,0,0,céu limpo,18.06,-23.526522,-46.598701,2023-12-29 03:07:37,falso,714.58,Santana,0,0,5.12249660491943
-46.598701,-23.526522,2020,20.41,83,1016,,0,0,nublado,17.43,-23.526522,-46.598701,2023-12-30 18:33:22,falso,714.58,Santana,0,0,5.12249660491943
-46.598701,-23.526522,2021,19.28,88,1018,,0,0,nuvens dispersas,17.24,-23.526522,-46.598701,2023-12-30 21:34:31,falso,714.58,Santana,0,0,5.12249660491943
-46.598701,-23.526522,2022,19.15,84,1017,,0,0,nublado,16.38,-23.526522,-46.598701,2023-12-31 00:44:08,falso,714.58,Santana,0,0,5.12249660491943
-46.598701,-23.526522,2023,24.32,62,1015,,0,0,nublado,16.58,-23.526522,-46.598701,2023-12-31 13:35:08,falso,714.58,Santana,0,0,5.12249660491943
-46.598701,-23.526522,2024,23.01,71,1013,,0,0,nublado,17.47,-23.526522,-46.598701,2024-01-01 18:06:21,falso,714.58,Santana,0,0,5.12249660491943
-46.598701,-23.526522,2025,20.1,83,1016,,0,0,nublado,17.12,-23.526522,-46.598701,2024-01-01 21:48:02,falso,714.58,Santana,0,0,5.12249660491943
-46.598701,-23.526522,2026,26.04,58,1013,,0.11,1,chuva leve,17.14,-23.526522,-46.598701,2024-01-02 11:28:49,falso,714.58,Santana,0,0.11,5.12249660491943
-46.598701,-23.526522,2027,20.95,80,1013,,0,3,nublado,17.37,-23.526522,-46.598701,2024-01-02 20:22:40,falso,714.58,Santana,0,0.19,5.12249660491943
-46.598701,-23.526522,2028,21.24,82,1013,,0,4,nublado,18.05,-23.526522,-46.598701,2024-01-03 21:19:42,falso,714.58,Santana,0,0.53,5.12249660491943
-46.598701,-23.526522,2029,21.61,83,1012,,0,0,nublado,18.6,-23.526522,-46.598701,2024-01-03 01:12:35,falso,714.58,Santana,0,0,5.12249660491943
-46.598701,-23.526522,2030,24.06,80,1013,,0.28,3,chuva leve,20.4,-23.526522,-46.598701,2024-01-04 10:38:33,falso,714.58,Santana,0,0.62,5.12249660491943
-46.598701,-23.526522,2031,20.3,94,1014,,0,4,chuva leve,19.3,-23.526522,-46.598701,2024-01-04 19:30:43,falso,714.58,Santana,0,0.11,5.12249660491943
-46.598701,-23.526522,2032,21.99,77,1013,,0,4,nublado,17.77,-23.526522,-46.598701,2024-01-05 17:37:04,falso,714.58,Santana,0,0.74,5.12249660491943
-46.598701,-23.526522,2033,20.95,82,1015,,0,0,nublado,17.76,-23.526522,-46.598701,2024-01-05 20:47:59,falso,714.58,Santana,0,0,5.12249660491943
-46.598701,-23.526522,2034,21.09,79,1016,,0,0,nublado,17.31,-23.526522,-46.598701,2024-01-06 22:13:26,falso,714.58,Santana,0,0,5.12249660491943
-46.598701,-23.526522,2035,21.04,79,1015,,0,0,nublado,17.26,-23.526522,-46.598701,2024-01-06 21:25:10,falso,714.58,Santana,0,0,5.12249660491943
-46.598701,-23.526522,2036,24.94,63,1015,,0,0,céu limpo,17.41,-23.526522,-46.598701,2024-01-07 09:28:55,falso,714.58,Santana,0,0,5.12249660491943
-46.598701,-23.526522,2037,30.08,44,1013,,0,2,algumas nuvens,16.5,-23.526522,-46.598701,2024-01-07 11:43:02,falso,714.58,Santana,0,0.14,5.12249660491943
-46.622389,-23.511408,2038,25.16,77,1012,,0,0,algumas nuvens,20.84,-23.511408,-46.622389,2023-12-24 19:22:58,falso,722.07,Santana,0,0,4.65347290039062
-46.622389,-23.511408,2039,25.16,77,1012,,0,0,algumas nuvens,20.84,-23.511408,-46.622389,2023-12-24 19:10:41,falso,722.07,Santana,0,0,4.65347290039062
-46.622389,-23.511408,2040,32.92,39,1010,,0,0,céu limpo,17.13,-23.511408,-46.622389,2023-12-25 15:20:13,falso,722.07,Santana,0,0,4.65347290039062
-46.622389,-23.511408,2041,26.21,59,1012,,0,0,céu limpo,17.57,-23.511408,-46.622389,2023-12-25 20:52:14,falso,722.07,Santana,0,0,4.65347290039062
-46.622389,-23.511408,2042,19.45,87,1017,,0,0,nublado,17.23,-23.511408,-46.622389,2023-12-26 22:19:07,falso,722.07,Santana,0,0,4.65347290039062
-46.622389,-23.511408,2043,22.97,78,1013,,0.66,3,chuva leve,18.93,-23.511408,-46.622389,2023-12-26 15:13:29,falso,722.07,Santana,0,2.98,4.65347290039062
-46.622389,-23.511408,2044,23.94,51,1016,,0,0,nublado,13.19,-23.511408,-46.622389,2023-12-27 15:46:47,falso,722.07,Santana,0,0,4.65347290039062
-46.622389,-23.511408,2045,25.89,54,1017,,0,0,nuvens dispersas,15.88,-23.511408,-46.622389,2023-12-27 13:28:37,falso,722.07,Santana,0,0,4.65347290039062
-46.622389,-23.511408,2046,21.88,73,1014,,0,0,céu limpo,16.83,-23.511408,-46.622389,2023-12-28 20:34:52,falso,722.07,Santana,0,0,4.65347290039062
-46.622389,-23.511408,2047,21.02,64,1017,,0,0,céu limpo,13.96,-23.511408,-46.622389,2023-12-28 08:01:22,falso,722.07,Santana,0,0,4.65347290039062
-46.622389,-23.511408,2048,32.11,38,1010,,0,0,algumas nuvens,16.01,-23.511408,-46.622389,2023-12-29 13:12:36,falso,722.07,Santana,0,0,4.65347290039062
-46.622389,-23.511408,2049,25.94,62,1013,,0,0,céu limpo,18.1,-23.511408,-46.622389,2023-12-29 07:51:18,falso,722.07,Santana,0,0,4.65347290039062
-46.622389,-23.511408,2050,23.58,75,1014,,0,0,nublado,18.89,-23.511408,-46.622389,2023-12-30 05:22:30,falso,722.07,Santana,0,0,4.65347290039062
-46.622389,-23.511408,2051,19.9,85,1016,,0,0,nublado,17.3,-23.511408,-46.622389,2023-12-30 19:48:50,falso,722.07,Santana,0,0,4.65347290039062
-46.622389,-23.511408,2052,23.87,63,1015,,0,0,nublado,16.4,-23.511408,-46.622389,2023-12-31 13:49:43,falso,722.07,Santana,0,0,4.65347290039062
-46.622389,-23.511408,2053,23.01,69,1015,,0.35,1,chuva leve,17.02,-23.511408,-46.622389,2023-12-31 14:50:12,falso,722.07,Santana,0,0.35,4.65347290039062
-46.622389,-23.511408,2054,23.83,67,1014,,0,0,nublado,17.34,-23.511408,-46.622389,2024-01-01 14:18:26,falso,722.07,Santana,0,0,4.65347290039062
-46.622389,-23.511408,2055,19.5,74,1016,,0,0,nublado,14.75,-23.511408,-46.622389,2024-01-01 02:58:28,falso,722.07,Santana,0,0,4.65347290039062
-46.622389,-23.511408,2056,20.99,82,1015,,0,0,nublado,17.8,-23.511408,-46.622389,2024-01-02 01:00:36,falso,722.07,Santana,0,0,4.65347290039062
-46.622389,-23.511408,2057,22.99,74,1011,,0.23,4,chuva moderada,18.11,-23.511408,-46.622389,2024-01-02 15:31:55,falso,722.07,Santana,0,0.35,4.65347290039062
-46.622389,-23.511408,2058,21.36,81,1013,,0,4,nublado,17.97,-23.511408,-46.622389,2024-01-03 21:01:14,falso,722.07,Santana,0,0.53,4.65347290039062
-46.622389,-23.511408,2059,29.07,53,1010,,0.5,4,chuva leve,18.52,-23.511408,-46.622389,2024-01-03 12:55:27,falso,722.07,Santana,0,1.32,4.65347290039062
-46.622389,-23.511408,2060,24,78,1012,,0.16,4,chuva leve,19.93,-23.511408,-46.622389,2024-01-04 16:01:19,falso,722.07,Santana,0,0.41,4.65347290039062
-46.622389,-23.511408,2061,20.18,90,1013,,0,0,névoa,18.49,-23.511408,-46.622389,2024-01-04 05:50:16,falso,722.07,Santana,0,0,4.65347290039062
-46.622389,-23.511408,2062,20.53,86,1014,,0,0,nublado,18.11,-23.511408,-46.622389,2024-01-05 07:23:07,falso,722.07,Santana,0,0,4.65347290039062
-46.622389,-23.511408,2063,20.09,95,1013,,0,0,nublado,19.26,-23.511408,-46.622389,2024-01-05 01:56:39,falso,722.07,Santana,0,0,4.65347290039062
-46.622389,-23.511408,2064,24.96,60,1014,,0.18,1,chuva leve,16.66,-23.511408,-46.622389,2024-01-06 10:31:56,falso,722.07,Santana,0,0.18,4.65347290039062
-46.622389,-23.511408,2065,20.62,84,1014,,0,0,algumas nuvens,17.82,-23.511408,-46.622389,2024-01-06 01:07:24,falso,722.07,Santana,0,0,4.65347290039062
-46.622389,-23.511408,2066,31.97,35,1012,,0,4,céu limpo,14.61,-23.511408,-46.622389,2024-01-07 13:40:52,falso,722.07,Santana,0,0.34,4.65347290039062
-46.622389,-23.511408,2067,24.97,64,1015,,0,0,céu limpo,17.69,-23.511408,-46.622389,2024-01-07 08:54:18,falso,722.07,Santana,0,0,4.65347290039062
-46.6905,-23.588,2068,18.51,81,1019,,0,4,nublado,15.19,-23.588,-46.6905,2023-01-07 14:22:34,falso,719.87,Pinheiros,0,0.11,2.07442665100098
-46.6905,-23.588,2069,17.32,87,1020,,0,0,nublado,15.14,-23.588,-46.6905,2023-01-07 23:40:24,falso,719.87,Pinheiros,0,0,2.07442665100098
-46.6905,-23.588,2070,18.31,91,1018,,0,0,nublado,16.82,-23.588,-46.6905,2023-01-08 22:51:42,falso,719.87,Pinheiros,0,0,2.07442665100098
-46.6905,-23.588,2071,18.61,92,1018,,0,0,névoa,17.29,-23.588,-46.6905,2023-01-08 21:27:29,falso,719.87,Pinheiros,0,0,2.07442665100098
-46.6905,-23.588,2072,19.64,88,1016,,0,4,nublado,17.6,-23.588,-46.6905,2023-01-09 19:29:49,falso,719.87,Pinheiros,0,0.38,2.07442665100098
-46.6905,-23.588,2073,17.65,91,1016,,0.13,2,chuva leve,16.16,-23.588,-46.6905,2023-01-09 05:16:55,falso,719.87,Pinheiros,0,0.25,2.07442665100098
-46.6862,-23.5504,2074,16.83,90,1020,,0,0,névoa,15.18,-23.5504,-46.6862,2023-01-07 20:04:35,falso,763.28,Pinheiros,0,0,1.91265225410461
-46.6862,-23.5504,2075,18.21,84,1019,,0,4,nublado,15.46,-23.5504,-46.6862,2023-01-07 14:14:41,falso,763.28,Pinheiros,0,0.11,1.91265225410461
-46.6862,-23.5504,2076,16.82,87,1020,,0,0,nublado,14.65,-23.5504,-46.6862,2023-01-08 00:19:17,falso,763.28,Pinheiros,0,0,1.91265225410461
-46.6862,-23.5504,2077,19.85,89,1018,,0.16,3,chuva leve,17.98,-23.5504,-46.6862,2023-01-08 14:45:16,falso,763.28,Pinheiros,0,0.4,1.91265225410461
-46.6862,-23.5504,2078,18.21,93,1017,,0,4,nublado,17.06,-23.5504,-46.6862,2023-01-09 07:27:41,falso,763.28,Pinheiros,0,0.25,1.91265225410461
-46.6862,-23.5504,2079,20.36,85,1015,,0.1,4,chuva leve,17.76,-23.5504,-46.6862,2023-01-09 17:02:49,falso,763.28,Pinheiros,0,0.96,1.91265225410461
-46.6905,-23.588,2080,23.98,74,1013,,0,4,céu limpo,19.06,-23.588,-46.6905,2023-01-11 20:15:44,falso,719.87,Pinheiros,0,0.16,2.07442665100098
-46.6905,-23.588,2081,23.98,74,1013,,0,4,céu limpo,19.06,-23.588,-46.6905,2023-01-11 20:23:46,falso,719.87,Pinheiros,0,0.16,2.07442665100098
-46.6933,-23.5129,2082,21.09,89,1013,,0,0,nublado,19.21,-23.5129,-46.6933,2023-02-25 01:54:25,falso,720.33,Lapa,0,0,4.19471979141235
-46.6933,-23.5129,2083,27.75,69,1012,,2.74,2,chuva moderada,21.54,-23.5129,-46.6933,2023-02-25 16:34:36,falso,720.33,Lapa,0,2.88,4.19471979141235
-46.6933,-23.5129,2084,21.49,91,1016,,0,0,céu limpo,19.96,-23.5129,-46.6933,2023-02-26 07:22:34,falso,720.33,Lapa,0,0,4.19471979141235
-46.6933,-23.5129,2085,27.39,58,1016,,0,2,nuvens dispersas,18.4,-23.5129,-46.6933,2023-02-26 18:00:02,falso,720.33,Lapa,0,0.33,4.19471979141235
-46.6933,-23.5129,2086,22.68,88,1019,,0,4,nublado,20.59,-23.5129,-46.6933,2023-02-27 16:46:16,falso,720.33,Lapa,0,3.66,4.19471979141235
-46.6933,-23.5129,2087,24.5,81,1019,,0.24,4,chuva leve,21.03,-23.5129,-46.6933,2023-02-27 15:38:57,falso,720.33,Lapa,0,4,4.19471979141235
-46.606797,-23.542416,2088,27.01,61,1015,,0,0,nuvens dispersas,18.85,-23.542416,-46.606797,2025-02-05 10:56:29,falso,733.11,Mooca,0,0,1.46716165542603
-46.606797,-23.542416,2089,20.47,95,1015,,0,0,céu limpo,19.64,-23.542416,-46.606797,2025-02-05 06:26:21,falso,733.11,Mooca,0,0,1.46716165542603
-46.606797,-23.542416,2090,23.89,88,1011,,0.12,3,chuvas fortes,21.78,-23.542416,-46.606797,2025-02-15 17:30:03,falso,733.11,Mooca,0,0.23,1.46716165542603
-46.606797,-23.542416,2091,24.31,87,1013,,0,0,nublado,22.01,-23.542416,-46.606797,2025-02-15 19:51:54,falso,733.11,Mooca,0,0,1.46716165542603
-46.457419,-23.541324,2092,19.45,82,1014,,0,4,nublado,16.3,-23.541324,-46.457419,2024-11-09 15:48:35,falso,746.44,Itaquera,0,0.33,1.35270059108734
-46.457419,-23.541324,2093,17.13,94,1012,,0,0,nublado,16.16,-23.541324,-46.457419,2024-11-09 04:15:31,falso,746.44,Itaquera,0,0,1.35270059108734
-46.457419,-23.541324,2094,22.35,58,1016,,0,0,nublado,13.69,-23.541324,-46.457419,2024-11-10 11:45:56,falso,746.44,Itaquera,0,0,1.35270059108734
-46.457419,-23.541324,2095,21.87,58,1014,,0,0,nublado,13.24,-23.541324,-46.457419,2024-11-10 15:27:01,falso,746.44,Itaquera,0,0,1.35270059108734
-46.457419,-23.541324,2096,25.97,32,1009,,0,0,céu limpo,8.02,-23.541324,-46.457419,2024-11-11 18:01:57,falso,746.44,Itaquera,0,0,1.35270059108734
-46.457419,-23.541324,2097,20.7,76,1014,,0,0,algumas nuvens,16.32,-23.541324,-46.457419,2024-11-11 08:02:49,falso,746.44,Itaquera,0,0,1.35270059108734
-46.457419,-23.541324,2098,17.82,88,1013,,0,0,chuva leve,15.81,-23.541324,-46.457419,2024-11-12 23:58:34,falso,746.44,Itaquera,0,0,1.35270059108734
-46.457419,-23.541324,2099,22.81,73,1010,,0,0,céu limpo,17.72,-23.541324,-46.457419,2024-11-12 06:35:28,falso,746.44,Itaquera,0,0,1.35270059108734
-46.457419,-23.541324,2100,16.71,92,1013,,0.48,4,chuva leve,15.4,-23.541324,-46.457419,2024-11-13 06:47:28,falso,746.44,Itaquera,0,5.92,1.35270059108734
-46.457419,-23.541324,2101,15.95,82,1015,,0,0,névoa,12.88,-23.541324,-46.457419,2024-11-13 18:46:41,falso,746.44,Itaquera,0,0,1.35270059108734
-46.457419,-23.541324,2102,15.14,88,1016,,0,0,nublado,13.17,-23.541324,-46.457419,2024-11-14 02:52:44,falso,746.44,Itaquera,0,0,1.35270059108734
-46.457419,-23.541324,2103,14.87,88,1016,,0,0,nublado,12.9,-23.541324,-46.457419,2024-11-14 00:42:58,falso,746.44,Itaquera,0,0,1.35270059108734
-46.685965,-23.502448,2104,28.29,68,1013,,0.23,1,chuva leve,21.82,-23.502448,-46.685965,2024-01-29 14:43:05,falso,721.33,Casa Verde,0,0.23,1.18295407295227
-46.685965,-23.502448,2105,27.71,58,1016,,0,0,céu limpo,18.7,-23.502448,-46.685965,2024-01-29 10:00:43,falso,721.33,Casa Verde,0,0,1.18295407295227
-46.685965,-23.502448,2106,20.84,86,1014,,0,0,algumas nuvens,18.41,-23.502448,-46.685965,2024-01-30 02:07:13,falso,721.33,Casa Verde,0,0,1.18295407295227
-46.685965,-23.502448,2107,26.03,64,1013,,0,0,céu limpo,18.69,-23.502448,-46.685965,2024-01-30 20:36:32,falso,721.33,Casa Verde,0,0,1.18295407295227
-46.68373,-23.499071,2108,19.09,90,1014,,0,0,nuvens dispersas,17.41,-23.499071,-46.68373,2024-01-29 02:25:38,falso,732.84,Casa Verde,0,0,4.30785942077637
-46.68373,-23.499071,2109,23.52,70,1015,,0,4,nuvens dispersas,17.73,-23.499071,-46.68373,2024-01-29 21:31:40,falso,732.84,Casa Verde,0,0.58,4.30785942077637
-46.68373,-23.499071,2110,20.76,86,1013,,0,0,algumas nuvens,18.33,-23.499071,-46.68373,2024-01-30 02:30:33,falso,732.84,Casa Verde,0,0,4.30785942077637
-46.68373,-23.499071,2111,25.74,69,1014,,0,0,céu limpo,19.63,-23.499071,-46.68373,2024-01-30 22:46:54,falso,732.84,Casa Verde,0,0,4.30785942077637
-46.7343,-23.6757,2112,20.86,93,1017,,0.14,4,chuva leve,19.69,-23.6757,-46.7343,2024-11-16 07:56:41,falso,751.13,Capela do Socorro,0,1.26,10.6252450942993
-46.7343,-23.6757,2113,20.5,93,1016,,0,4,nublado,19.33,-23.6757,-46.7343,2024-11-16 19:10:35,falso,751.13,Capela do Socorro,0,0.75,10.6252450942993
-46.7343,-23.6757,2114,19.66,92,1016,,0,0,nublado,18.32,-23.6757,-46.7343,2024-11-17 06:28:23,falso,751.13,Capela do Socorro,0,0,10.6252450942993
-46.7343,-23.6757,2115,21.35,89,1015,,0,4,nublado,19.46,-23.6757,-46.7343,2024-11-17 19:49:08,falso,751.13,Capela do Socorro,0,0.18,10.6252450942993
-46.7343,-23.6757,2116,21.82,80,1015,,0,0,céu limpo,18.22,-23.6757,-46.7343,2024-11-18 07:30:50,falso,751.13,Capela do Socorro,0,0,10.6252450942993
-46.7343,-23.6757,2117,30.55,59,1011,,0,0,céu limpo,21.63,-23.6757,-46.7343,2024-11-18 13:56:48,falso,751.13,Capela do Socorro,0,0,10.6252450942993
-46.7343,-23.6757,2118,25.08,69,1013,,0,0,nuvens dispersas,19,-23.6757,-46.7343,2024-11-19 16:22:12,falso,751.13,Capela do Socorro,0,0,10.6252450942993
-46.7343,-23.6757,2119,20.41,86,1016,,0,0,nublado,17.99,-23.6757,-46.7343,2024-11-19 20:48:02,falso,751.13,Capela do Socorro,0,0,10.6252450942993
-46.7343,-23.6757,2120,18.75,91,1015,,0,0,céu limpo,17.25,-23.6757,-46.7343,2024-11-20 01:21:19,falso,751.13,Capela do Socorro,0,0,10.6252450942993
-46.7343,-23.6757,2121,18.88,93,1014,,0,0,nublado,17.72,-23.6757,-46.7343,2024-11-20 03:50:07,falso,751.13,Capela do Socorro,0,0,10.6252450942993
-46.7343,-23.6757,2122,20.86,95,1016,,0.24,4,garoa de leve intensidade,20.03,-23.6757,-46.7343,2024-11-21 17:50:07,falso,751.13,Capela do Socorro,0,1.67,10.6252450942993
-46.7343,-23.6757,2123,20.28,92,1016,,0,0,nublado,18.94,-23.6757,-46.7343,2024-11-21 01:02:43,falso,751.13,Capela do Socorro,0,0,10.6252450942993
-46.7343,-23.6757,2124,19.33,92,1017,,0,0,nublado,18,-23.6757,-46.7343,2024-11-22 22:51:34,falso,751.13,Capela do Socorro,0,0,10.6252450942993
-46.7343,-23.6757,2125,19.43,95,1018,,0.59,4,chuva leve,18.61,-23.6757,-46.7343,2024-11-22 06:52:36,falso,751.13,Capela do Socorro,0,4.43,10.6252450942993
-46.7343,-23.6757,2126,17.67,96,1018,,0.12,4,chuva leve,17.02,-23.6757,-46.7343,2024-11-23 18:27:34,falso,751.13,Capela do Socorro,0,1.21,10.6252450942993
-46.7343,-23.6757,2127,18.72,95,1016,,0,0,nuvens dispersas,17.9,-23.6757,-46.7343,2024-11-23 03:05:51,falso,751.13,Capela do Socorro,0,0,10.6252450942993
-46.7343,-23.6757,2128,21.94,85,1019,,0,2,nublado,19.3,-23.6757,-46.7343,2024-11-24 13:40:02,falso,751.13,Capela do Socorro,0,0.1,10.6252450942993
-46.7343,-23.6757,2129,17.65,89,1020,,0,0,nublado,15.82,-23.6757,-46.7343,2024-11-24 20:22:11,falso,751.13,Capela do Socorro,0,0,10.6252450942993
-46.7343,-23.6757,2130,25.53,81,1016,,0,4,nuvens dispersas,22.03,-23.6757,-46.7343,2024-11-25 14:57:24,falso,751.13,Capela do Socorro,0,0.21,10.6252450942993
-46.7343,-23.6757,2131,25.18,84,1016,,0,4,céu limpo,22.28,-23.6757,-46.7343,2024-11-25 16:02:55,falso,751.13,Capela do Socorro,0,0.1,10.6252450942993
-46.7343,-23.6757,2132,23.08,68,1017,,0,0,céu limpo,16.86,-23.6757,-46.7343,2024-11-26 07:33:11,falso,751.13,Capela do Socorro,0,0,10.6252450942993
-46.7343,-23.6757,2133,28.41,64,1015,,0,0,céu limpo,20.94,-23.6757,-46.7343,2024-11-26 11:05:29,falso,751.13,Capela do Socorro,0,0,10.6252450942993
-46.7343,-23.6757,2134,24.67,61,1011,,0,0,nublado,16.65,-23.6757,-46.7343,2024-11-27 22:44:33,falso,751.13,Capela do Socorro,0,0,10.6252450942993
-46.7343,-23.6757,2135,33.35,50,1010,,0,0,nuvens dispersas,21.51,-23.6757,-46.7343,2024-11-27 13:52:53,falso,751.13,Capela do Socorro,0,0,10.6252450942993
-46.7835,-23.583,2136,26.39,63,1016,,0.31,2,chuva leve,18.78,-23.583,-46.7835,2023-01-01 10:53:12,falso,746.74,Butantã,0,0.54,4.27048397064209
-46.7835,-23.583,2137,18.17,88,1015,,0,0,céu limpo,16.15,-23.583,-46.7835,2023-01-01 04:11:27,falso,746.74,Butantã,0,0,4.27048397064209
-46.7835,-23.583,2138,25.27,65,1015,,0,0,céu limpo,18.22,-23.583,-46.7835,2023-01-02 08:55:28,falso,746.74,Butantã,0,0,4.27048397064209
-46.7835,-23.583,2139,24.32,78,1009,,0.28,2,chuva leve,20.24,-23.583,-46.7835,2023-01-02 14:44:51,falso,746.74,Butantã,0,1.05,4.27048397064209
-46.7835,-23.583,2140,19.86,84,1010,,0,0,céu limpo,17.08,-23.583,-46.7835,2023-01-03 04:44:21,falso,746.74,Butantã,0,0,4.27048397064209
-46.7835,-23.583,2141,25.31,70,1012,,0.12,1,chuva leve,19.45,-23.583,-46.7835,2023-01-03 09:41:48,falso,746.74,Butantã,0,0.12,4.27048397064209
-46.7835,-23.583,2142,22.67,82,1011,,0,0,nublado,19.44,-23.583,-46.7835,2023-01-04 08:03:59,falso,746.74,Butantã,0,0,4.27048397064209
-46.7835,-23.583,2143,20.52,86,1011,,0,0,nublado,18.1,-23.583,-46.7835,2023-01-04 05:41:03,falso,746.74,Butantã,0,0,4.27048397064209
-46.7835,-23.583,2144,17.48,91,1014,,1.78,4,chuva moderada,16,-23.583,-46.7835,2023-01-05 16:49:41,falso,746.74,Butantã,0,4.59,4.27048397064209
-46.7835,-23.583,2145,17.48,91,1014,,1.78,4,chuva moderada,16,-23.583,-46.7835,2023-01-05 16:47:28,falso,746.74,Butantã,0,4.59,4.27048397064209
-46.7835,-23.583,2146,15.9,90,1016,,0.51,2,chuva leve,14.26,-23.583,-46.7835,2023-01-06 04:16:44,falso,746.74,Butantã,0,0.76,4.27048397064209
-46.7835,-23.583,2147,15.9,90,1016,,0.25,1,chuva leve,14.26,-23.583,-46.7835,2023-01-06 03:24:07,falso,746.74,Butantã,0,0.25,4.27048397064209
-46.7835,-23.583,2148,18.1,84,1019,,0,0,garoa de leve intensidade,15.36,-23.583,-46.7835,2023-01-07 16:39:34,falso,746.74,Butantã,0,0,4.27048397064209
-46.7835,-23.583,2149,17.96,83,1019,,0,0,névoa,15.03,-23.583,-46.7835,2023-01-07 15:22:54,falso,746.74,Butantã,0,0,4.27048397064209
-46.7835,-23.583,2150,17,88,1018,,0,0,nublado,15,-23.583,-46.7835,2023-01-08 02:06:05,falso,746.74,Butantã,0,0,4.27048397064209
-46.7835,-23.583,2151,21.26,78,1019,,0.12,1,chuva leve,17.27,-23.583,-46.7835,2023-01-08 12:38:56,falso,746.74,Butantã,0,0.12,4.27048397064209
-46.7835,-23.583,2152,19.66,87,1016,,0,4,nublado,17.44,-23.583,-46.7835,2023-01-09 18:59:52,falso,746.74,Butantã,0,0.38,4.27048397064209
-46.7835,-23.583,2153,20.3,84,1015,,0.1,4,chuva leve,17.51,-23.583,-46.7835,2023-01-09 17:26:59,falso,746.74,Butantã,0,0.96,4.27048397064209
-46.7835,-23.583,2154,25.29,74,1014,,0.25,3,chuva leve,20.32,-23.583,-46.7835,2023-01-10 14:59:42,falso,746.74,Butantã,0,4.31,4.27048397064209
-46.7835,-23.583,2155,22.04,84,1016,,0.15,1,chuva leve,19.21,-23.583,-46.7835,2023-01-10 10:03:13,falso,746.74,Butantã,0,0.15,4.27048397064209
-46.7835,-23.583,2156,25.93,67,1013,,0.76,4,chuva leve,19.33,-23.583,-46.7835,2023-01-11 15:44:04,falso,746.74,Butantã,0,1.38,4.27048397064209
-46.7835,-23.583,2157,18.91,89,1015,,0,0,névoa,17.06,-23.583,-46.7835,2023-01-11 06:08:25,falso,746.74,Butantã,0,0,4.27048397064209
-46.7835,-23.583,2158,19.21,90,1013,,0.51,3,chuva leve,17.53,-23.583,-46.7835,2023-01-12 01:49:23,falso,746.74,Butantã,0,1.24,4.27048397064209
-46.7835,-23.583,2159,22.34,88,1011,,0,3,névoa,20.26,-23.583,-46.7835,2023-01-12 20:49:26,falso,746.74,Butantã,0,1,4.27048397064209
-46.7835,-23.583,2160,27.66,60,1010,,0.17,4,chuva leve,19.2,-23.583,-46.7835,2023-01-13 16:16:10,falso,746.74,Butantã,0,0.42,4.27048397064209
-46.7835,-23.583,2161,23.76,82,1010,,0.51,3,chuva leve,20.5,-23.583,-46.7835,2023-01-13 17:33:05,falso,746.74,Butantã,0,0.68,4.27048397064209
-46.7835,-23.583,2162,27.48,63,1012,,0,0,céu limpo,19.81,-23.583,-46.7835,2023-01-14 18:30:03,falso,746.74,Butantã,0,0,4.27048397064209
-46.7835,-23.583,2163,21.26,88,1014,,0.55,4,chuva leve,19.19,-23.583,-46.7835,2023-01-14 06:56:13,falso,746.74,Butantã,0,1.27,4.27048397064209
-46.7835,-23.583,2164,28.57,60,1016,,0,0,céu limpo,20.05,-23.583,-46.7835,2023-01-15 10:27:30,falso,746.74,Butantã,0,0,4.27048397064209
-46.7835,-23.583,2165,21.49,89,1014,,0,0,céu limpo,19.6,-23.583,-46.7835,2023-01-15 04:04:03,falso,746.74,Butantã,0,0,4.27048397064209
-46.731106,-23.586289,2166,27.24,70,1011,,5.56,3,chuva forte,21.29,-23.586289,-46.731106,2025-02-02 12:50:53,falso,728.08,Butantã,0,7.24,3.70728707313538
-46.731106,-23.586289,2167,24.01,90,1009,,0.11,4,chuva leve,22.27,-23.586289,-46.731106,2025-02-02 15:59:01,falso,728.08,Butantã,0,10.38,3.70728707313538
-46.731106,-23.586289,2168,22.8,86,1015,,0,4,céu limpo,20.34,-23.586289,-46.731106,2025-02-03 23:27:24,falso,728.08,Butantã,0,0.24,3.70728707313538
-46.731106,-23.586289,2169,21.32,94,1014,,0.61,4,chuva leve,20.31,-23.586289,-46.731106,2025-02-03 08:39:37,falso,728.08,Butantã,0,2.46,3.70728707313538
-46.731106,-23.586289,2170,23.38,78,1014,,0,0,céu limpo,19.33,-23.586289,-46.731106,2025-02-04 08:15:23,falso,728.08,Butantã,0,0,3.70728707313538
-46.731106,-23.586289,2171,25.29,79,1013,,0.24,1,chuva leve,21.39,-23.586289,-46.731106,2025-02-04 14:41:23,falso,728.08,Butantã,0,0.24,3.70728707313538
-46.731106,-23.586289,2172,27.41,74,1013,,18.54,1,chuva muito forte,22.36,-23.586289,-46.731106,2025-02-05 14:25:42,falso,728.08,Butantã,0,18.54,3.70728707313538
-46.731106,-23.586289,2173,29.46,55,1014,,0,0,nublado,19.48,-23.586289,-46.731106,2025-02-05 13:03:53,falso,728.08,Butantã,0,0,3.70728707313538
-46.731106,-23.586289,2174,22.38,83,1015,,0,0,céu limpo,19.35,-23.586289,-46.731106,2025-02-06 05:17:24,falso,728.08,Butantã,0,0,3.70728707313538
-46.731106,-23.586289,2175,22.15,84,1015,,0,0,nuvens dispersas,19.32,-23.586289,-46.731106,2025-02-06 21:29:08,falso,728.08,Butantã,0,0,3.70728707313538
-46.731106,-23.586289,2176,24.2,82,1017,,0,0,névoa,20.93,-23.586289,-46.731106,2025-02-07 20:59:51,falso,728.08,Butantã,0,0,3.70728707313538
-46.731106,-23.586289,2177,21.45,92,1015,,0,0,céu limpo,20.1,-23.586289,-46.731106,2025-02-07 06:01:58,falso,728.08,Butantã,0,0,3.70728707313538
-46.731106,-23.586289,2178,23.45,83,1017,,0,0,nublado,20.4,-23.586289,-46.731106,2025-02-08 19:35:12,falso,728.08,Butantã,0,0,3.70728707313538
-46.731106,-23.586289,2179,27.43,62,1018,,0,3,nublado,19.51,-23.586289,-46.731106,2025-02-08 10:41:13,falso,728.08,Butantã,0,0.29,3.70728707313538
-46.731106,-23.586289,2180,22.43,88,1019,,0,0,céu limpo,20.34,-23.586289,-46.731106,2025-02-09 07:14:23,falso,728.08,Butantã,0,0,3.70728707313538
-46.731106,-23.586289,2181,22.23,86,1017,,0,0,nuvens dispersas,19.78,-23.586289,-46.731106,2025-02-09 03:09:42,falso,728.08,Butantã,0,0,3.70728707313538
-46.731106,-23.586289,2182,24.14,78,1017,,0,0,céu limpo,20.06,-23.586289,-46.731106,2025-02-10 07:37:59,falso,728.08,Butantã,0,0,3.70728707313538
-46.731106,-23.586289,2183,22.8,90,1015,,0,4,garoa de leve intensidade,21.07,-23.586289,-46.731106,2025-02-10 19:17:49,falso,728.08,Butantã,0,7.27,3.70728707313538
-46.731106,-23.586289,2184,31.72,32,1012,,0,0,algumas nuvens,13.01,-23.586289,-46.731106,2025-02-11 15:45:29,falso,728.08,Butantã,0,0,3.70728707313538
-46.731106,-23.586289,2185,26.32,67,1014,,0,0,céu limpo,19.7,-23.586289,-46.731106,2025-02-11 22:49:12,falso,728.08,Butantã,0,0,3.70728707313538
-46.731106,-23.586289,2186,32.27,45,1012,,0,0,nuvens dispersas,18.83,-23.586289,-46.731106,2025-02-12 15:40:53,falso,728.08,Butantã,0,0,3.70728707313538
-46.731106,-23.586289,2187,28.54,52,1015,,0,0,céu limpo,17.73,-23.586289,-46.731106,2025-02-12 10:20:32,falso,728.08,Butantã,0,0,3.70728707313538
-46.731106,-23.586289,2188,22.13,92,1016,,1.64,2,chuva moderada,20.77,-23.586289,-46.731106,2025-02-13 23:00:14,falso,728.08,Butantã,0,4.85,3.70728707313538
-46.731106,-23.586289,2189,27.38,65,1016,,0,0,algumas nuvens,20.22,-23.586289,-46.731106,2025-02-13 09:55:16,falso,728.08,Butantã,0,0,3.70728707313538
-46.731106,-23.586289,2190,21.51,94,1015,,0,4,céu limpo,20.5,-23.586289,-46.731106,2025-02-14 01:00:45,falso,728.08,Butantã,0,4.85,3.70728707313538
-46.731106,-23.586289,2191,21.33,95,1014,,0,2,nublado,20.5,-23.586289,-46.731106,2025-02-14 04:13:52,falso,728.08,Butantã,0,0.31,3.70728707313538
-46.731106,-23.586289,2192,20.63,94,1014,,0,0,névoa,19.63,-23.586289,-46.731106,2025-02-15 06:06:04,falso,728.08,Butantã,0,0,3.70728707313538
-46.731106,-23.586289,2193,30.32,72,1014,,0,0,algumas nuvens,24.7,-23.586289,-46.731106,2025-02-15 11:50:31,falso,728.08,Butantã,0,0,3.70728707313538
-46.731106,-23.586289,2194,31.22,52,1014,,0,0,algumas nuvens,20.2,-23.586289,-46.731106,2025-02-16 12:06:46,falso,728.08,Butantã,0,0,3.70728707313538
-46.731106,-23.586289,2195,23.1,86,1014,,0,0,céu limpo,20.63,-23.586289,-46.731106,2025-02-16 05:30:36,falso,728.08,Butantã,0,0,3.70728707313538
-46.731106,-23.586289,2196,28.31,49,1014,,0,0,céu limpo,16.58,-23.586289,-46.731106,2025-02-17 22:09:10,falso,728.08,Butantã,0,0,3.70728707313538
-46.731106,-23.586289,2197,26.32,65,1014,,0,0,céu limpo,19.22,-23.586289,-46.731106,2025-02-17 23:51:39,falso,728.08,Butantã,0,0,3.70728707313538
-46.731106,-23.586289,2198,25.39,84,1015,,0,0,nuvens dispersas,22.49,-23.586289,-46.731106,2025-02-18 07:23:57,falso,728.08,Butantã,0,0,3.70728707313538
-46.731106,-23.586289,2199,24.37,89,1014,,0,4,nublado,22.44,-23.586289,-46.731106,2025-02-18 18:52:19,falso,728.08,Butantã,0,0.94,3.70728707313538
-46.731106,-23.586289,2200,27.38,65,1014,,0.43,3,chuva leve,20.22,-23.586289,-46.731106,2025-02-19 20:16:48,falso,728.08,Butantã,0,1.51,3.70728707313538
-46.731106,-23.586289,2201,21.85,94,1016,,0,3,céu limpo,20.84,-23.586289,-46.731106,2025-02-19 01:30:02,falso,728.08,Butantã,0,1.02,3.70728707313538
-46.731106,-23.586289,2202,24.82,89,1018,,0,0,algumas nuvens,22.88,-23.586289,-46.731106,2025-02-20 23:14:02,falso,728.08,Butantã,0,0,3.70728707313538
-46.731106,-23.586289,2203,31.58,52,1016,,0,0,nuvens dispersas,20.53,-23.586289,-46.731106,2025-02-20 12:26:16,falso,728.08,Butantã,0,0,3.70728707313538
-46.731106,-23.586289,2204,23.61,93,1019,,0,0,nublado,22.41,-23.586289,-46.731106,2025-02-21 21:21:41,falso,728.08,Butantã,0,0,3.70728707313538
-46.731106,-23.586289,2205,24.18,91,1019,,0,0,névoa,22.62,-23.586289,-46.731106,2025-02-21 06:53:10,falso,728.08,Butantã,0,0,3.70728707313538
-46.731106,-23.586289,2206,22.33,89,1018,,0,0,nublado,20.43,-23.586289,-46.731106,2025-02-22 05:42:39,falso,728.08,Butantã,0,0,3.70728707313538
-46.731106,-23.586289,2207,28.99,81,1017,,0,0,nublado,25.4,-23.586289,-46.731106,2025-02-22 13:35:49,falso,728.08,Butantã,0,0,3.70728707313538
-46.731106,-23.586289,2208,26.5,69,1018,,0,0,algumas nuvens,20.35,-23.586289,-46.731106,2025-02-23 09:52:16,falso,728.08,Butantã,0,0,3.70728707313538
-46.731106,-23.586289,2209,21.5,94,1018,,0,0,nublado,20.49,-23.586289,-46.731106,2025-02-23 07:26:20,falso,728.08,Butantã,0,0,3.70728707313538
-46.731106,-23.586289,2210,30.39,46,1017,,0,0,algumas nuvens,17.48,-23.586289,-46.731106,2025-02-24 12:53:10,falso,728.08,Butantã,0,0,3.70728707313538
-46.731106,-23.586289,2211,23.13,95,1016,,0,0,nuvens dispersas,22.28,-23.586289,-46.731106,2025-02-24 02:59:21,falso,728.08,Butantã,0,0,3.70728707313538
-46.731106,-23.586289,2212,26.46,64,1020,,0,0,céu limpo,19.1,-23.586289,-46.731106,2025-02-25 09:17:20,falso,728.08,Butantã,0,0,3.70728707313538
-46.731106,-23.586289,2213,23.51,84,1017,,0,0,céu limpo,20.65,-23.586289,-46.731106,2025-02-25 02:57:50,falso,728.08,Butantã,0,0,3.70728707313538
-46.731106,-23.586289,2214,24.89,88,1018,,0,0,céu limpo,22.76,-23.586289,-46.731106,2025-02-26 23:33:55,falso,728.08,Butantã,0,0,3.70728707313538
-46.731106,-23.586289,2215,24.87,82,1016,,0,0,céu limpo,21.59,-23.586289,-46.731106,2025-02-26 20:13:27,falso,728.08,Butantã,0,0,3.70728707313538
-46.731106,-23.586289,2216,32.88,57,1015,,0,0,nuvens dispersas,23.23,-23.586289,-46.731106,2025-02-27 12:30:36,falso,728.08,Butantã,0,0,3.70728707313538
-46.731106,-23.586289,2217,22.42,84,1016,,0,0,céu limpo,19.58,-23.586289,-46.731106,2025-02-27 05:29:32,falso,728.08,Butantã,0,0,3.70728707313538
-46.7015,-23.5797,2218,17.59,88,1020,,0.63,4,chuva leve,15.58,-23.5797,-46.7015,2022-11-01 07:41:05,falso,724.54,Butantã,0,2.4,4.19471979141235
-46.7015,-23.5797,2219,18.04,87,1021,,0.32,4,chuva leve,15.84,-23.5797,-46.7015,2022-11-01 10:01:56,falso,724.54,Butantã,0,2.03,4.19471979141235
-46.7015,-23.5797,2220,13.32,91,1022,,0.25,3,chuva leve,11.88,-23.5797,-46.7015,2022-11-02 03:09:53,falso,724.54,Butantã,0,1.01,4.19471979141235
-46.7015,-23.5797,2221,14.81,90,1025,,0.35,4,chuva leve,13.19,-23.5797,-46.7015,2022-11-02 11:29:24,falso,724.54,Butantã,0,1.26,4.19471979141235
-46.7015,-23.5797,2222,13.33,79,1024,,0,0,nuvens dispersas,9.77,-23.5797,-46.7015,2022-11-03 20:53:15,falso,724.54,Butantã,0,0,4.19471979141235
-46.7015,-23.5797,2223,13.54,87,1024,,0,3,nublado,11.42,-23.5797,-46.7015,2022-11-03 10:36:11,falso,724.54,Butantã,0,0.11,4.19471979141235
-46.7015,-23.5797,2224,13.96,88,1022,,0,0,chuva leve,12.01,-23.5797,-46.7015,2022-11-04 23:59:30,falso,724.54,Butantã,0,0,4.19471979141235
-46.7015,-23.5797,2225,17.96,58,1022,,0,0,nublado,9.59,-23.5797,-46.7015,2022-11-04 11:14:12,falso,724.54,Butantã,0,0,4.19471979141235
-46.7015,-23.5797,2226,14.84,78,1022,,0,0,nuvens dispersas,11.04,-23.5797,-46.7015,2022-11-05 07:24:37,falso,724.54,Butantã,0,0,4.19471979141235
-46.7015,-23.5797,2227,14.84,84,1022,,0,0,nublado,12.16,-23.5797,-46.7015,2022-11-05 22:52:37,falso,724.54,Butantã,0,0,4.19471979141235
-46.7015,-23.5797,2228,13.32,85,1019,,0,0,nublado,10.85,-23.5797,-46.7015,2022-11-06 03:28:41,falso,724.54,Butantã,0,0,4.19471979141235
-46.7015,-23.5797,2229,13.32,86,1019,,0,0,nuvens dispersas,11.03,-23.5797,-46.7015,2022-11-06 02:37:35,falso,724.54,Butantã,0,0,4.19471979141235
-46.7015,-23.5797,2230,13.75,87,1020,,0,0,chuva leve,11.63,-23.5797,-46.7015,2022-11-07 06:42:28,falso,724.54,Butantã,0,0,4.19471979141235
-46.7015,-23.5797,2231,18.26,68,1018,,0,0,nuvens dispersas,12.26,-23.5797,-46.7015,2022-11-07 16:46:19,falso,724.54,Butantã,0,0,4.19471979141235
-46.7015,-23.5797,2232,19.27,69,1015,,0,0,nuvens dispersas,13.45,-23.5797,-46.7015,2022-11-08 15:49:01,falso,724.54,Butantã,0,0,4.19471979141235
-46.7015,-23.5797,2233,11.11,91,1019,,0,0,céu limpo,9.7,-23.5797,-46.7015,2022-11-08 05:12:14,falso,724.54,Butantã,0,0,4.19471979141235
-46.7015,-23.5797,2234,18.59,82,1015,,0,0,algumas nuvens,15.46,-23.5797,-46.7015,2022-11-09 18:50:01,falso,724.54,Butantã,0,0,4.19471979141235
-46.7015,-23.5797,2235,17.49,80,1016,,0,0,algumas nuvens,14.01,-23.5797,-46.7015,2022-11-09 20:22:54,falso,724.54,Butantã,0,0,4.19471979141235
-46.7015,-23.5797,2236,17.28,90,1016,,0,0,nublado,15.63,-23.5797,-46.7015,2022-11-10 04:17:35,falso,724.54,Butantã,0,0,4.19471979141235
-46.7015,-23.5797,2237,16.64,88,1016,,0,0,nublado,14.65,-23.5797,-46.7015,2022-11-10 03:06:34,falso,724.54,Butantã,0,0,4.19471979141235
-46.7015,-23.5797,2238,19.42,91,1015,,7.75,3,trovoada com chuva,17.91,-23.5797,-46.7015,2022-11-11 17:32:45,falso,724.54,Butantã,0,16.83,4.19471979141235
-46.7015,-23.5797,2239,23.97,65,1015,,0,0,céu limpo,16.99,-23.5797,-46.7015,2022-11-11 09:50:52,falso,724.54,Butantã,0,0,4.19471979141235
-46.7015,-23.5797,2240,24.21,66,1014,,0.14,1,chuva leve,17.46,-23.5797,-46.7015,2022-11-12 11:25:47,falso,724.54,Butantã,0,0.14,4.19471979141235
-46.7015,-23.5797,2241,19.38,84,1015,,0,0,nublado,16.61,-23.5797,-46.7015,2022-11-12 22:15:44,falso,724.54,Butantã,0,0,4.19471979141235
-46.7015,-23.5797,2242,26.22,59,1013,,0,0,céu limpo,17.58,-23.5797,-46.7015,2022-11-13 10:28:23,falso,724.54,Butantã,0,0,4.19471979141235
-46.7015,-23.5797,2243,21.4,86,1012,,0.28,1,chuva leve,18.96,-23.5797,-46.7015,2022-11-13 21:51:25,falso,724.54,Butantã,0,0.28,4.19471979141235
-46.7015,-23.5797,2244,25.54,47,1009,,0,0,nuvens dispersas,13.41,-23.5797,-46.7015,2022-11-14 17:33:31,falso,724.54,Butantã,0,0,4.19471979141235
-46.7015,-23.5797,2245,21.73,75,1013,,0,0,céu limpo,17.11,-23.5797,-46.7015,2022-11-14 23:16:28,falso,724.54,Butantã,0,0,4.19471979141235
-46.7015,-23.5797,2246,23.39,54,1014,,0,4,céu limpo,13.56,-23.5797,-46.7015,2022-11-15 16:53:42,falso,724.54,Butantã,0,0.15,4.19471979141235
-46.7015,-23.5797,2247,21.25,78,1013,,0,0,céu limpo,17.26,-23.5797,-46.7015,2022-11-15 01:24:26,falso,724.54,Butantã,0,0,4.19471979141235
-46.7015,-23.5797,2248,23.89,71,1016,,0,0,nublado,18.31,-23.5797,-46.7015,2022-11-16 15:18:20,falso,724.54,Butantã,0,0,4.19471979141235
-46.7015,-23.5797,2249,18.15,67,1020,,0,0,céu limpo,11.93,-23.5797,-46.7015,2022-11-16 21:21:41,falso,724.54,Butantã,0,0,4.19471979141235
-46.7015,-23.5797,2250,23.09,56,1017,,0,0,nuvens dispersas,13.84,-23.5797,-46.7015,2022-11-17 14:30:47,falso,724.54,Butantã,0,0,4.19471979141235
-46.7015,-23.5797,2251,17.66,74,1019,,0,0,nuvens dispersas,12.97,-23.5797,-46.7015,2022-11-17 21:26:58,falso,724.54,Butantã,0,0,4.19471979141235
-46.7304,-23.5763,2252,17.22,86,1020,,0.14,4,chuva leve,14.86,-23.5763,-46.7304,2022-11-01 13:29:06,falso,740.34,Butantã,0,0.82,5.28619813919067
-46.7304,-23.5763,2253,14.23,88,1022,,0.29,4,chuva leve,12.27,-23.5763,-46.7304,2022-11-01 18:26:52,falso,740.34,Butantã,0,0.94,5.28619813919067
-46.7304,-23.5763,2254,14.16,89,1025,,0.27,4,garoa de leve intensidade,12.38,-23.5763,-46.7304,2022-11-02 09:59:05,falso,740.34,Butantã,0,1.42,5.28619813919067
-46.7304,-23.5763,2255,13.06,91,1025,,0.31,4,névoa,11.63,-23.5763,-46.7304,2022-11-02 17:30:18,falso,740.34,Butantã,0,1.43,5.28619813919067
-46.7304,-23.5763,2256,16.94,70,1023,,0.2,2,chuva leve,11.44,-23.5763,-46.7304,2022-11-03 14:21:26,falso,740.34,Butantã,0,0.42,5.28619813919067
-46.7304,-23.5763,2257,15.35,67,1023,,0,0,nuvens dispersas,9.26,-23.5763,-46.7304,2022-11-03 17:37:00,falso,740.34,Butantã,0,0,5.28619813919067
-46.7304,-23.5763,2258,11.14,88,1021,,0,0,céu limpo,9.23,-23.5763,-46.7304,2022-11-04 03:36:20,falso,740.34,Butantã,0,0,5.28619813919067
-46.7304,-23.5763,2259,16.56,60,1022,,0,0,algumas nuvens,8.77,-23.5763,-46.7304,2022-11-04 09:05:27,falso,740.34,Butantã,0,0,5.28619813919067
-46.7304,-23.5763,2260,13.75,81,1022,,0,0,nuvens dispersas,10.55,-23.5763,-46.7304,2022-11-05 06:46:08,falso,740.34,Butantã,0,0,5.28619813919067
-46.7304,-23.5763,2261,14.77,78,1022,,0,0,nuvens dispersas,10.98,-23.5763,-46.7304,2022-11-05 07:01:52,falso,740.34,Butantã,0,0,5.28619813919067
-46.7304,-23.5763,2262,13.15,86,1020,,0,0,nuvens dispersas,10.86,-23.5763,-46.7304,2022-11-06 04:31:33,falso,740.34,Butantã,0,0,5.28619813919067
-46.7304,-23.5763,2263,13.15,85,1020,,0,0,nublado,10.69,-23.5763,-46.7304,2022-11-06 03:49:48,falso,740.34,Butantã,0,0,5.28619813919067
-46.7304,-23.5763,2264,13.66,86,1021,,0,0,algumas nuvens,11.36,-23.5763,-46.7304,2022-11-07 23:22:31,falso,740.34,Butantã,0,0,5.28619813919067
-46.7304,-23.5763,2265,14.69,90,1020,,0,0,nublado,13.07,-23.5763,-46.7304,2022-11-07 06:00:19,falso,740.34,Butantã,0,0,5.28619813919067
-46.7304,-23.5763,2266,16.46,76,1019,,0,0,céu limpo,12.22,-23.5763,-46.7304,2022-11-08 20:55:48,falso,740.34,Butantã,0,0,5.28619813919067
-46.7304,-23.5763,2267,16.37,76,1020,,0,0,algumas nuvens,12.13,-23.5763,-46.7304,2022-11-08 07:41:21,falso,740.34,Butantã,0,0,5.28619813919067
-46.7304,-23.5763,2268,26.46,43,1015,,0.11,1,chuva leve,12.88,-23.5763,-46.7304,2022-11-09 12:05:04,falso,740.34,Butantã,0,0.11,5.28619813919067
-46.7304,-23.5763,2269,20.87,63,1012,,0,0,céu limpo,13.57,-23.5763,-46.7304,2022-11-09 17:23:32,falso,740.34,Butantã,0,0,5.28619813919067
-46.7304,-23.5763,2270,26.94,57,1013,,0,4,algumas nuvens,17.7,-23.5763,-46.7304,2022-11-10 13:42:45,falso,740.34,Butantã,0,0.42,5.28619813919067
-46.7304,-23.5763,2271,15.93,88,1016,,0,0,nublado,13.95,-23.5763,-46.7304,2022-11-10 02:52:01,falso,740.34,Butantã,0,0,5.28619813919067
-46.7304,-23.5763,2272,18.15,91,1016,,0.76,4,chuva leve,16.66,-23.5763,-46.7304,2022-11-11 20:36:18,falso,740.34,Butantã,0,17.31,5.28619813919067
-46.7304,-23.5763,2273,18.16,90,1016,,0,4,nublado,16.49,-23.5763,-46.7304,2022-11-11 23:20:01,falso,740.34,Butantã,0,2.16,5.28619813919067
-46.7304,-23.5763,2274,17.61,88,1013,,0,0,céu limpo,15.6,-23.5763,-46.7304,2022-11-12 04:28:04,falso,740.34,Butantã,0,0,5.28619813919067
-46.7304,-23.5763,2275,18.69,88,1015,,0,4,nublado,16.66,-23.5763,-46.7304,2022-11-12 00:04:31,falso,740.34,Butantã,0,1.9,5.28619813919067
-46.7304,-23.5763,2276,21.44,85,1013,,0.16,3,chuva leve,18.81,-23.5763,-46.7304,2022-11-13 23:58:16,falso,740.34,Butantã,0,1.29,5.28619813919067
-46.7304,-23.5763,2277,21.38,85,1012,,0.28,1,chuva leve,18.76,-23.5763,-46.7304,2022-11-13 22:18:04,falso,740.34,Butantã,0,0.28,5.28619813919067
-46.7304,-23.5763,2278,29.06,45,1009,,0,0,algumas nuvens,15.93,-23.5763,-46.7304,2022-11-14 14:42:11,falso,740.34,Butantã,0,0,5.28619813919067
-46.7304,-23.5763,2279,22.77,78,1012,,0,0,céu limpo,18.74,-23.5763,-46.7304,2022-11-14 21:22:56,falso,740.34,Butantã,0,0,5.28619813919067
-46.7304,-23.5763,2280,19.96,83,1014,,0,0,céu limpo,16.99,-23.5763,-46.7304,2022-11-15 06:12:38,falso,740.34,Butantã,0,0,5.28619813919067
-46.7304,-23.5763,2281,20.96,79,1012,,0,0,céu limpo,17.18,-23.5763,-46.7304,2022-11-15 03:08:14,falso,740.34,Butantã,0,0,5.28619813919067
-46.7304,-23.5763,2282,17.55,64,1020,,0,0,céu limpo,10.67,-23.5763,-46.7304,2022-11-16 23:30:41,falso,740.34,Butantã,0,0,5.28619813919067
-46.7304,-23.5763,2283,23.04,60,1016,,0,0,nublado,14.86,-23.5763,-46.7304,2022-11-16 15:46:01,falso,740.34,Butantã,0,0,5.28619813919067
-46.7304,-23.5763,2284,24.69,39,1018,,0,0,céu limpo,9.82,-23.5763,-46.7304,2022-11-17 12:08:34,falso,740.34,Butantã,0,0,5.28619813919067
-46.7304,-23.5763,2285,15.9,66,1018,,0,0,céu limpo,9.56,-23.5763,-46.7304,2022-11-17 04:27:44,falso,740.34,Butantã,0,0,5.28619813919067
-46.7047,-23.5725,2286,16.62,90,1018,,0.61,4,chuva leve,14.97,-23.5725,-46.7047,2022-11-01 06:12:01,falso,723.74,Butantã,0,1.81,3.6195912361145
-46.7047,-23.5725,2287,18.23,87,1021,,0.25,4,névoa,16.03,-23.5725,-46.7047,2022-11-01 11:08:07,falso,723.74,Butantã,0,1.67,3.6195912361145
-46.7047,-23.5725,2288,12.72,88,1026,,0.27,4,garoa de leve intensidade,10.79,-23.5725,-46.7047,2022-11-02 19:53:31,falso,723.74,Butantã,0,1,3.6195912361145
-46.7047,-23.5725,2289,14.92,86,1025,,0.47,4,garoa de leve intensidade,12.6,-23.5725,-46.7047,2022-11-02 11:58:24,falso,723.74,Butantã,0,1.36,3.6195912361145
-46.7047,-23.5725,2290,12.81,93,1024,,0,4,garoa de leve intensidade,11.71,-23.5725,-46.7047,2022-11-03 06:59:58,falso,723.74,Butantã,0,3.17,3.6195912361145
-46.7047,-23.5725,2291,13.41,89,1024,,0,3,nublado,11.64,-23.5725,-46.7047,2022-11-03 10:49:17,falso,723.74,Butantã,0,0.11,3.6195912361145
-46.7047,-23.5725,2292,16.1,71,1020,,0,0,nublado,10.85,-23.5725,-46.7047,2022-11-04 17:25:09,falso,723.74,Butantã,0,0,3.6195912361145
-46.7047,-23.5725,2293,17.12,68,1020,,0,0,nublado,11.17,-23.5725,-46.7047,2022-11-04 16:56:08,falso,723.74,Butantã,0,0,3.6195912361145
-46.7047,-23.5725,2294,12.8,85,1021,,0,0,nublado,10.34,-23.5725,-46.7047,2022-11-05 06:02:39,falso,723.74,Butantã,0,0,3.6195912361145
-46.7047,-23.5725,2295,14.93,87,1022,,0,0,nublado,12.79,-23.5725,-46.7047,2022-11-05 23:20:18,falso,723.74,Butantã,0,0,3.6195912361145
-46.7047,-23.5725,2296,13.99,88,1020,,0,0,nuvens dispersas,12.04,-23.5725,-46.7047,2022-11-06 01:40:52,falso,723.74,Butantã,0,0,3.6195912361145
-46.7047,-23.5725,2297,18.21,68,1019,,0,0,nuvens dispersas,12.21,-23.5725,-46.7047,2022-11-06 17:14:14,falso,723.74,Butantã,0,0,3.6195912361145
-46.7047,-23.5725,2298,14.93,82,1021,,0,0,nublado,11.89,-23.5725,-46.7047,2022-11-07 08:30:00,falso,723.74,Butantã,0,0,3.6195912361145
-46.7047,-23.5725,2299,19.32,67,1017,,0,0,nuvens dispersas,13.04,-23.5725,-46.7047,2022-11-07 15:58:32,falso,723.74,Butantã,0,0,3.6195912361145
-46.7047,-23.5725,2300,24.23,45,1015,,0,0,nuvens dispersas,11.56,-23.5725,-46.7047,2022-11-08 13:53:03,falso,723.74,Butantã,0,0,3.6195912361145
-46.7047,-23.5725,2301,13.27,87,1020,,0,0,nublado,11.15,-23.5725,-46.7047,2022-11-08 00:47:13,falso,723.74,Butantã,0,0,3.6195912361145
-46.7047,-23.5725,2302,25.37,58,1012,,0,4,nuvens dispersas,16.51,-23.5725,-46.7047,2022-11-09 15:29:24,falso,723.74,Butantã,0,0.11,3.6195912361145
-46.7047,-23.5725,2303,14.41,90,1017,,0,0,nublado,12.79,-23.5725,-46.7047,2022-11-09 04:21:57,falso,723.74,Butantã,0,0,3.6195912361145
-46.7047,-23.5725,2304,20.75,77,1017,,0,0,nublado,16.57,-23.5725,-46.7047,2022-11-10 09:35:32,falso,723.74,Butantã,0,0,3.6195912361145
-46.7047,-23.5725,2305,20.44,77,1015,,0,0,nublado,16.27,-23.5725,-46.7047,2022-11-10 17:41:35,falso,723.74,Butantã,0,0,3.6195912361145
-46.7047,-23.5725,2306,25.5,62,1015,,0,0,céu limpo,17.69,-23.5725,-46.7047,2022-11-11 10:28:02,falso,723.74,Butantã,0,0,3.6195912361145
-46.7047,-23.5725,2307,19.93,90,1013,,5.59,1,trovoada com chuva,18.24,-23.5725,-46.7047,2022-11-11 15:30:37,falso,723.74,Butantã,0,5.59,3.6195912361145
-46.7047,-23.5725,2308,23.82,70,1014,,0.14,1,chuva leve,18.02,-23.5725,-46.7047,2022-11-12 10:38:33,falso,723.74,Butantã,0,0.14,3.6195912361145
-46.7047,-23.5725,2309,23.81,71,1012,,0,4,nuvens dispersas,18.24,-23.5725,-46.7047,2022-11-12 15:34:33,falso,723.74,Butantã,0,0.31,3.6195912361145
-46.7047,-23.5725,2310,31.03,39,1010,,0,0,algumas nuvens,15.46,-23.5725,-46.7047,2022-11-13 13:54:33,falso,723.74,Butantã,0,0,3.6195912361145
-46.7047,-23.5725,2311,19.41,84,1014,,0,0,nublado,16.64,-23.5725,-46.7047,2022-11-13 01:26:52,falso,723.74,Butantã,0,0,3.6195912361145
-46.7047,-23.5725,2312,22.65,77,1013,,0,0,nublado,18.41,-23.5725,-46.7047,2022-11-14 21:33:34,falso,723.74,Butantã,0,0,3.6195912361145
-46.7047,-23.5725,2313,26.01,87,1012,,0,0,chuva leve,23.68,-23.5725,-46.7047,2022-11-14 10:15:35,falso,723.74,Butantã,0,0,3.6195912361145
-46.7047,-23.5725,2314,21.17,80,1013,,0,0,céu limpo,17.59,-23.5725,-46.7047,2022-11-15 00:50:03,falso,723.74,Butantã,0,0,3.6195912361145
-46.7047,-23.5725,2315,24.43,61,1014,,0.11,1,chuva leve,16.43,-23.5725,-46.7047,2022-11-15 13:22:50,falso,723.74,Butantã,0,0.11,3.6195912361145
-46.7047,-23.5725,2316,17.74,64,1016,,0,0,nuvens dispersas,10.85,-23.5725,-46.7047,2022-11-16 04:40:03,falso,723.74,Butantã,0,0,3.6195912361145
-46.7047,-23.5725,2317,17.65,66,1020,,0,0,céu limpo,11.23,-23.5725,-46.7047,2022-11-16 23:21:33,falso,723.74,Butantã,0,0,3.6195912361145
-46.7047,-23.5725,2318,17.71,64,1020,,0,0,céu limpo,10.82,-23.5725,-46.7047,2022-11-17 00:28:30,falso,723.74,Butantã,0,0,3.6195912361145
-46.7047,-23.5725,2319,16.06,66,1018,,0,0,céu limpo,9.72,-23.5725,-46.7047,2022-11-17 04:43:37,falso,723.74,Butantã,0,0,3.6195912361145
-46.486465,-23.506863,2320,20.84,100,1010,,0,4,nublado,20.84,-23.506863,-46.486465,2025-02-02 02:01:40,falso,779.37,Ermelino Matarazzo,0,0.16,3.02248573303223
-46.486465,-23.506863,2321,20.86,100,1013,,0.68,4,chuva leve,20.86,-23.506863,-46.486465,2025-02-02 22:26:17,falso,779.37,Ermelino Matarazzo,0,2.78,3.02248573303223
-46.486465,-23.506863,2322,27.86,61,1013,,0.23,4,chuva leve,19.65,-23.506863,-46.486465,2025-02-03 14:20:06,falso,779.37,Ermelino Matarazzo,0,1.05,3.02248573303223
-46.486465,-23.506863,2323,21.02,94,1012,,0.17,4,chuva leve,20.02,-23.506863,-46.486465,2025-02-03 00:42:16,falso,779.37,Ermelino Matarazzo,0,1.89,3.02248573303223
-46.486465,-23.506863,2324,20.99,83,1014,,0,0,nublado,17.99,-23.506863,-46.486465,2025-02-04 01:48:57,falso,779.37,Ermelino Matarazzo,0,0,3.02248573303223
-46.486465,-23.506863,2325,20.62,88,1014,,0,0,céu limpo,18.56,-23.506863,-46.486465,2025-02-04 03:59:07,falso,779.37,Ermelino Matarazzo,0,0,3.02248573303223
-46.486465,-23.506863,2326,28.86,58,1014,,0,0,nublado,19.77,-23.506863,-46.486465,2025-02-05 13:11:24,falso,779.37,Ermelino Matarazzo,0,0,3.02248573303223
-46.486465,-23.506863,2327,20.55,94,1014,,0,0,céu limpo,19.55,-23.506863,-46.486465,2025-02-05 02:40:09,falso,779.37,Ermelino Matarazzo,0,0,3.02248573303223
-46.486465,-23.506863,2328,20.98,94,1015,,0,0,céu limpo,19.98,-23.506863,-46.486465,2025-02-06 01:39:45,falso,779.37,Ermelino Matarazzo,0,0,3.02248573303223
-46.486465,-23.506863,2329,27.86,51,1014,,0,0,nuvens dispersas,16.8,-23.506863,-46.486465,2025-02-06 17:31:50,falso,779.37,Ermelino Matarazzo,0,0,3.02248573303223
-46.486465,-23.506863,2330,20.72,88,1015,,0,0,céu limpo,18.66,-23.506863,-46.486465,2025-02-07 01:16:36,falso,779.37,Ermelino Matarazzo,0,0,3.02248573303223
-46.486465,-23.506863,2331,20.08,94,1014,,0,0,céu limpo,19.08,-23.506863,-46.486465,2025-02-07 03:47:58,falso,779.37,Ermelino Matarazzo,0,0,3.02248573303223
-46.486465,-23.506863,2332,23.86,78,1018,,0,0,nuvens dispersas,19.79,-23.506863,-46.486465,2025-02-08 08:20:44,falso,779.37,Ermelino Matarazzo,0,0,3.02248573303223
-46.486465,-23.506863,2333,25.86,69,1016,,0.2,3,chuva leve,19.74,-23.506863,-46.486465,2025-02-08 18:03:36,falso,779.37,Ermelino Matarazzo,0,2.1,3.02248573303223
-46.486465,-23.506863,2334,21,83,1018,,0,0,nublado,18,-23.506863,-46.486465,2025-02-09 01:15:32,falso,779.37,Ermelino Matarazzo,0,0,3.02248573303223
-46.486465,-23.506863,2335,21,83,1018,,0,0,nublado,18,-23.506863,-46.486465,2025-02-09 01:19:17,falso,779.37,Ermelino Matarazzo,0,0,3.02248573303223
-46.486465,-23.506863,2336,20.86,88,1017,,0,0,nuvens dispersas,18.8,-23.506863,-46.486465,2025-02-10 06:55:17,falso,779.37,Ermelino Matarazzo,0,0,3.02248573303223
-46.486465,-23.506863,2337,19.34,88,1016,,0,0,algumas nuvens,17.3,-23.506863,-46.486465,2025-02-10 04:04:07,falso,779.37,Ermelino Matarazzo,0,0,3.02248573303223
-46.486465,-23.506863,2338,26.86,54,1016,,0,0,céu limpo,16.78,-23.506863,-46.486465,2025-02-11 10:01:16,falso,779.37,Ermelino Matarazzo,0,0,3.02248573303223
-46.486465,-23.506863,2339,28.86,50,1015,,0,0,algumas nuvens,17.4,-23.506863,-46.486465,2025-02-11 11:02:20,falso,779.37,Ermelino Matarazzo,0,0,3.02248573303223
-46.486465,-23.506863,2340,30.86,40,1011,,0,0,algumas nuvens,15.7,-23.506863,-46.486465,2025-02-12 17:03:27,falso,779.37,Ermelino Matarazzo,0,0,3.02248573303223
-46.486465,-23.506863,2341,29.86,42,1012,,0,0,algumas nuvens,15.57,-23.506863,-46.486465,2025-02-12 18:01:37,falso,779.37,Ermelino Matarazzo,0,0,3.02248573303223
-46.486465,-23.506863,2342,30.86,48,1015,,0.11,1,chuva leve,18.58,-23.506863,-46.486465,2025-02-13 13:25:34,falso,779.37,Ermelino Matarazzo,0,0.11,3.02248573303223
-46.486465,-23.506863,2343,20.86,94,1016,,0.84,1,chuva leve,19.86,-23.506863,-46.486465,2025-02-13 22:54:17,falso,779.37,Ermelino Matarazzo,0,0.84,3.02248573303223
-46.486465,-23.506863,2344,21.86,94,1013,,4.33,4,chuva forte,20.85,-23.506863,-46.486465,2025-02-14 17:02:08,falso,779.37,Ermelino Matarazzo,0,13.22,3.02248573303223
-46.486465,-23.506863,2345,20.86,88,1015,,0,4,algumas nuvens,18.8,-23.506863,-46.486465,2025-02-14 06:13:06,falso,779.37,Ermelino Matarazzo,0,0.31,3.02248573303223
-46.486465,-23.506863,2346,26.86,74,1011,,0.12,3,trovoadas,21.83,-23.506863,-46.486465,2025-02-15 17:56:34,falso,779.37,Ermelino Matarazzo,0,0.23,3.02248573303223
-46.486465,-23.506863,2347,21.86,83,1016,,0,0,névoa,18.84,-23.506863,-46.486465,2025-02-15 09:26:39,falso,779.37,Ermelino Matarazzo,0,0,3.02248573303223
-46.486465,-23.506863,2348,24.68,73,1013,,0,0,céu limpo,19.52,-23.506863,-46.486465,2025-02-16 22:20:05,falso,779.37,Ermelino Matarazzo,0,0,3.02248573303223
-46.486465,-23.506863,2349,21.96,88,1014,,0,0,céu limpo,19.88,-23.506863,-46.486465,2025-02-16 01:54:56,falso,779.37,Ermelino Matarazzo,0,0,3.02248573303223
-46.486465,-23.506863,2350,25.86,61,1016,,0,0,céu limpo,17.77,-23.506863,-46.486465,2025-02-17 08:05:26,falso,779.37,Ermelino Matarazzo,0,0,3.02248573303223
-46.486465,-23.506863,2351,21.86,83,1015,,0,0,céu limpo,18.84,-23.506863,-46.486465,2025-02-17 06:35:17,falso,779.37,Ermelino Matarazzo,0,0,3.02248573303223
-46.486465,-23.506863,2352,26.66,91,1012,,1.5,2,trovoada com chuva,25.07,-23.506863,-46.486465,2025-02-18 14:45:13,falso,779.37,Ermelino Matarazzo,0,1.89,3.02248573303223
-46.486465,-23.506863,2353,21.86,94,1012,,0.25,4,chuva leve,20.85,-23.506863,-46.486465,2025-02-18 16:36:28,falso,779.37,Ermelino Matarazzo,0,2.14,3.02248573303223
-46.486465,-23.506863,2354,26.86,65,1013,,0.11,4,trovoadas,19.73,-23.506863,-46.486465,2025-02-19 16:30:11,falso,779.37,Ermelino Matarazzo,0,2.24,3.02248573303223
-46.486465,-23.506863,2355,22.86,88,1015,,0,0,céu limpo,20.77,-23.506863,-46.486465,2025-02-19 22:43:50,falso,779.37,Ermelino Matarazzo,0,0,3.02248573303223
-46.486465,-23.506863,2356,22.87,88,1015,,0,0,nublado,20.78,-23.506863,-46.486465,2025-02-20 03:04:12,falso,779.37,Ermelino Matarazzo,0,0,3.02248573303223
-46.486465,-23.506863,2357,22.46,88,1015,,0,0,nublado,20.37,-23.506863,-46.486465,2025-02-20 03:32:30,falso,779.37,Ermelino Matarazzo,0,0,3.02248573303223
-46.486465,-23.506863,2358,22.86,88,1019,,0,0,névoa,20.77,-23.506863,-46.486465,2025-02-21 07:10:30,falso,779.37,Ermelino Matarazzo,0,0,3.02248573303223
-46.486465,-23.506863,2359,22.43,83,1019,,0,0,nublado,19.4,-23.506863,-46.486465,2025-02-21 23:58:36,falso,779.37,Ermelino Matarazzo,0,0,3.02248573303223
-46.486465,-23.506863,2360,25.86,69,1019,,0,0,nublado,19.74,-23.506863,-46.486465,2025-02-22 10:20:49,falso,779.37,Ermelino Matarazzo,0,0,3.02248573303223
-46.486465,-23.506863,2361,28.86,54,1018,,0.14,1,chuva leve,18.63,-23.506863,-46.486465,2025-02-22 12:58:12,falso,779.37,Ermelino Matarazzo,0,0.14,3.02248573303223
-46.486465,-23.506863,2362,23.86,78,1019,,0,0,nublado,19.79,-23.506863,-46.486465,2025-02-23 09:00:10,falso,779.37,Ermelino Matarazzo,0,0,3.02248573303223
-46.486465,-23.506863,2363,20.86,88,1017,,0,0,nublado,18.8,-23.506863,-46.486465,2025-02-23 05:48:17,falso,779.37,Ermelino Matarazzo,0,0,3.02248573303223
-46.486465,-23.506863,2364,22.86,83,1019,,0,0,céu limpo,19.82,-23.506863,-46.486465,2025-02-24 22:41:16,falso,779.37,Ermelino Matarazzo,0,0,3.02248573303223
-46.486465,-23.506863,2365,21.87,83,1017,,0,0,nublado,18.85,-23.506863,-46.486465,2025-02-24 01:22:12,falso,779.37,Ermelino Matarazzo,0,0,3.02248573303223
-46.486465,-23.506863,2366,24.86,78,1019,,0,0,algumas nuvens,20.76,-23.506863,-46.486465,2025-02-25 22:13:34,falso,779.37,Ermelino Matarazzo,0,0,3.02248573303223
-46.486465,-23.506863,2367,22.68,68,1016,,0,0,trovoadas,16.48,-23.506863,-46.486465,2025-02-25 19:11:48,falso,779.37,Ermelino Matarazzo,0,0,3.02248573303223
-46.486465,-23.506863,2368,21.44,88,1018,,0,0,céu limpo,19.37,-23.506863,-46.486465,2025-02-26 04:07:25,falso,779.37,Ermelino Matarazzo,0,0,3.02248573303223
-46.486465,-23.506863,2369,22.86,88,1020,,0,0,nuvens dispersas,20.77,-23.506863,-46.486465,2025-02-26 07:51:12,falso,779.37,Ermelino Matarazzo,0,0,3.02248573303223
-46.486465,-23.506863,2370,21.86,88,1015,,0,0,céu limpo,19.78,-23.506863,-46.486465,2025-02-27 19:07:32,falso,779.37,Ermelino Matarazzo,0,0,3.02248573303223
-46.486465,-23.506863,2371,31.86,37,1015,,0,0,céu limpo,15.37,-23.506863,-46.486465,2025-02-27 12:31:29,falso,779.37,Ermelino Matarazzo,0,0,3.02248573303223
-46.486465,-23.506863,2372,25.05,69,1018,,0,0,céu limpo,18.97,-23.506863,-46.486465,2025-02-28 08:36:26,falso,779.37,Ermelino Matarazzo,0,0,3.02248573303223
-46.486465,-23.506863,2373,23.86,83,1017,,0,0,céu limpo,20.8,-23.506863,-46.486465,2025-02-28 20:38:06,falso,779.37,Ermelino Matarazzo,0,0,3.02248573303223
-46.690589,-23.507709,2374,17.98,93,1016,,0,0,nublado,16.83,-23.507709,-46.690589,2023-11-01 20:57:23,falso,720.55,Freguesia do Ó,0,0,4.27048397064209
-46.690589,-23.507709,2375,21.4,90,1012,,0.38,3,chuva leve,19.69,-23.507709,-46.690589,2023-11-01 02:20:23,falso,720.55,Freguesia do Ó,0,0.86,4.27048397064209
-46.690589,-23.507709,2376,18.1,89,1015,,0,0,nublado,16.26,-23.507709,-46.690589,2023-11-02 04:32:57,falso,720.55,Freguesia do Ó,0,0,4.27048397064209
-46.690589,-23.507709,2377,18,93,1016,,0,0,nublado,16.85,-23.507709,-46.690589,2023-11-02 08:26:45,falso,720.55,Freguesia do Ó,0,0,4.27048397064209
-46.690589,-23.507709,2378,20.92,99,1009,,0,0,céu limpo,20.76,-23.507709,-46.690589,2023-11-03 22:20:47,falso,720.55,Freguesia do Ó,0,0,4.27048397064209
-46.690589,-23.507709,2379,19.74,90,1010,,0,0,nublado,18.05,-23.507709,-46.690589,2023-11-03 02:55:05,falso,720.55,Freguesia do Ó,0,0,4.27048397064209
-46.690589,-23.507709,2380,26.23,45,1010,,0,0,céu limpo,13.37,-23.507709,-46.690589,2023-11-04 13:44:54,falso,720.55,Freguesia do Ó,0,0,4.27048397064209
-46.690589,-23.507709,2381,20.01,82,1012,,0,0,nublado,16.85,-23.507709,-46.690589,2023-11-04 08:02:48,falso,720.55,Freguesia do Ó,0,0,4.27048397064209
-46.690589,-23.507709,2382,16.96,72,1015,,0,0,nublado,11.88,-23.507709,-46.690589,2023-11-05 04:31:29,falso,720.55,Freguesia do Ó,0,0,4.27048397064209
-46.690589,-23.507709,2383,17,64,1017,,0,0,céu limpo,10.15,-23.507709,-46.690589,2023-11-05 07:08:43,falso,720.55,Freguesia do Ó,0,0,4.27048397064209
-46.690589,-23.507709,2384,19.7,61,1021,,0,0,nublado,11.98,-23.507709,-46.690589,2023-11-06 08:41:18,falso,720.55,Freguesia do Ó,0,0,4.27048397064209
-46.690589,-23.507709,2385,23.93,52,1019,,0,0,céu limpo,13.48,-23.507709,-46.690589,2023-11-06 13:29:25,falso,720.55,Freguesia do Ó,0,0,4.27048397064209
-46.690589,-23.507709,2386,16.96,81,1020,,0,0,nublado,13.68,-23.507709,-46.690589,2023-11-07 05:24:36,falso,720.55,Freguesia do Ó,0,0,4.27048397064209
-46.690589,-23.507709,2387,16.16,86,1021,,0,0,nublado,13.82,-23.507709,-46.690589,2023-11-07 05:59:14,falso,720.55,Freguesia do Ó,0,0,4.27048397064209
-46.690589,-23.507709,2388,26.15,57,1017,,0,0,céu limpo,16.97,-23.507709,-46.690589,2023-11-08 11:20:04,falso,720.55,Freguesia do Ó,0,0,4.27048397064209
-46.690589,-23.507709,2389,26.12,57,1017,,0,0,céu limpo,16.94,-23.507709,-46.690589,2023-11-08 10:57:36,falso,720.55,Freguesia do Ó,0,0,4.27048397064209
-46.690589,-23.507709,2390,23.94,63,1014,,0,0,céu limpo,16.47,-23.507709,-46.690589,2023-11-09 07:14:21,falso,720.55,Freguesia do Ó,0,0,4.27048397064209
-46.690589,-23.507709,2391,30.05,51,1012,,0,0,nuvens dispersas,18.81,-23.507709,-46.690589,2023-11-09 15:44:45,falso,720.55,Freguesia do Ó,0,0,4.27048397064209
-46.690589,-23.507709,2392,28.53,63,1017,,0,0,céu limpo,20.8,-23.507709,-46.690589,2023-11-10 10:01:37,falso,720.55,Freguesia do Ó,0,0,4.27048397064209
-46.690589,-23.507709,2393,21.09,95,1016,,0,0,nublado,20.26,-23.507709,-46.690589,2023-11-10 21:20:57,falso,720.55,Freguesia do Ó,0,0,4.27048397064209
-46.690589,-23.507709,2394,32.04,38,1011,,0,0,céu limpo,15.95,-23.507709,-46.690589,2023-11-11 12:23:58,falso,720.55,Freguesia do Ó,0,0,4.27048397064209
-46.690589,-23.507709,2395,32.6,35,1009,,0,0,céu limpo,15.16,-23.507709,-46.690589,2023-11-11 17:45:24,falso,720.55,Freguesia do Ó,0,0,4.27048397064209
-46.690589,-23.507709,2396,33.97,33,1010,,0,0,céu limpo,15.44,-23.507709,-46.690589,2023-11-12 11:44:54,falso,720.55,Freguesia do Ó,0,0,4.27048397064209
-46.690589,-23.507709,2397,30.86,45,1011,,0,0,céu limpo,17.55,-23.507709,-46.690589,2023-11-12 21:17:12,falso,720.55,Freguesia do Ó,0,0,4.27048397064209
-46.690589,-23.507709,2398,31.9,46,1012,,0,0,céu limpo,18.84,-23.507709,-46.690589,2023-11-13 19:55:32,falso,720.55,Freguesia do Ó,0,0,4.27048397064209
-46.690589,-23.507709,2399,35.06,31,1009,,0,0,céu limpo,15.4,-23.507709,-46.690589,2023-11-13 12:56:41,falso,720.55,Freguesia do Ó,0,0,4.27048397064209
-46.690589,-23.507709,2400,23,94,1009,,0.1,2,chuva leve,21.98,-23.507709,-46.690589,2023-11-14 16:48:26,falso,720.55,Freguesia do Ó,0,0.26,4.27048397064209
-46.690589,-23.507709,2401,35.06,36,1009,,0,0,céu limpo,17.76,-23.507709,-46.690589,2023-11-14 11:42:40,falso,720.55,Freguesia do Ó,0,0,4.27048397064209
-46.690589,-23.507709,2402,22.27,95,1014,,0,0,chuva leve,21.43,-23.507709,-46.690589,2023-11-15 22:39:28,falso,720.55,Freguesia do Ó,0,0,4.27048397064209
-46.690589,-23.507709,2403,31.93,62,1011,,0,0,céu limpo,23.74,-23.507709,-46.690589,2023-11-15 11:09:39,falso,720.55,Freguesia do Ó,0,0,4.27048397064209
-46.690589,-23.507709,2404,21.97,89,1010,,0,0,nublado,20.07,-23.507709,-46.690589,2023-11-16 05:05:33,falso,720.55,Freguesia do Ó,0,0,4.27048397064209
-46.690589,-23.507709,2405,31.55,47,1009,,0,0,céu limpo,18.87,-23.507709,-46.690589,2023-11-16 11:27:11,falso,720.55,Freguesia do Ó,0,0,4.27048397064209
-46.690589,-23.507709,2406,34.45,37,1006,,0,2,céu limpo,17.65,-23.507709,-46.690589,2023-11-17 17:16:37,falso,720.55,Freguesia do Ó,0,0.15,4.27048397064209
-46.690589,-23.507709,2407,28.29,64,1009,,0,0,céu limpo,20.83,-23.507709,-46.690589,2023-11-17 08:00:30,falso,720.55,Freguesia do Ó,0,0,4.27048397064209
-46.690589,-23.507709,2408,33.72,44,1006,,0,0,céu limpo,19.77,-23.507709,-46.690589,2023-11-18 17:25:28,falso,720.55,Freguesia do Ó,0,0,4.27048397064209
-46.690589,-23.507709,2409,24.3,96,1011,,0,0,nublado,23.62,-23.507709,-46.690589,2023-11-18 23:31:34,falso,720.55,Freguesia do Ó,0,0,4.27048397064209
-46.690589,-23.507709,2410,22,88,1015,,0.52,4,chuva leve,19.92,-23.507709,-46.690589,2023-11-19 11:46:48,falso,720.55,Freguesia do Ó,0,1.67,4.27048397064209
-46.690589,-23.507709,2411,19.77,96,1017,,0.77,3,chuva leve,19.11,-23.507709,-46.690589,2023-11-19 21:07:39,falso,720.55,Freguesia do Ó,0,2.96,4.27048397064209
-46.690589,-23.507709,2412,21.57,88,1015,,0,0,nublado,19.5,-23.507709,-46.690589,2023-11-20 17:47:14,falso,720.55,Freguesia do Ó,0,0,4.27048397064209
-46.690589,-23.507709,2413,22.03,99,1017,,0.12,1,chuva leve,21.87,-23.507709,-46.690589,2023-11-20 09:28:37,falso,720.55,Freguesia do Ó,0,0.12,4.27048397064209
-46.690589,-23.507709,2414,30.05,53,1011,,0,4,nublado,19.43,-23.507709,-46.690589,2023-11-21 13:58:10,falso,720.55,Freguesia do Ó,0,0.46,4.27048397064209
-46.690589,-23.507709,2415,23.07,94,1010,,0,4,névoa,22.05,-23.507709,-46.690589,2023-11-21 17:46:14,falso,720.55,Freguesia do Ó,0,0.95,4.27048397064209
-46.690589,-23.507709,2416,30.75,60,1007,,0,4,trovoadas,22.09,-23.507709,-46.690589,2023-11-22 16:15:05,falso,720.55,Freguesia do Ó,0,0.43,4.27048397064209
-46.690589,-23.507709,2417,28.63,64,1010,,0,4,nublado,21.15,-23.507709,-46.690589,2023-11-22 19:47:15,falso,720.55,Freguesia do Ó,0,2.26,4.27048397064209
-46.733657,-23.545736,2418,21.22,87,1017,,0,0,céu limpo,18.97,-23.545736,-46.733657,2024-11-01 20:40:07,falso,720.39,Lapa,0,0,1.91265225410461
-46.733657,-23.545736,2419,21.51,91,1015,,0,4,algumas nuvens,19.98,-23.545736,-46.733657,2024-11-01 18:34:15,falso,720.39,Lapa,0,1.14,1.91265225410461
-46.733657,-23.545736,2420,20.8,98,1016,,0.34,4,chuva leve,20.47,-23.545736,-46.733657,2024-11-02 22:55:11,falso,720.39,Lapa,0,1.36,1.91265225410461
-46.733657,-23.545736,2421,21.83,82,1016,,0,0,céu limpo,18.62,-23.545736,-46.733657,2024-11-02 06:50:21,falso,720.39,Lapa,0,0,1.91265225410461
-46.733657,-23.545736,2422,19.25,93,1015,,1.02,4,chuva moderada,18.09,-23.545736,-46.733657,2024-11-03 21:48:31,falso,720.39,Lapa,0,3.54,1.91265225410461
-46.733657,-23.545736,2423,20.28,96,1016,,0.88,4,garoa de leve intensidade,19.62,-23.545736,-46.733657,2024-11-03 07:49:44,falso,720.39,Lapa,0,3.82,1.91265225410461
-46.733657,-23.545736,2424,20.22,95,1015,,1.78,4,chuva moderada,19.39,-23.545736,-46.733657,2024-11-04 07:23:00,falso,720.39,Lapa,0,5.19,1.91265225410461
-46.733657,-23.545736,2425,20.81,91,1015,,0.51,4,garoa de leve intensidade,19.29,-23.545736,-46.733657,2024-11-04 18:30:12,falso,720.39,Lapa,0,8.3,1.91265225410461
-46.733657,-23.545736,2426,23.13,91,1016,,0,4,nublado,21.58,-23.545736,-46.733657,2024-11-05 21:23:53,falso,720.39,Lapa,0,0.21,1.91265225410461
-46.733657,-23.545736,2427,19.75,95,1015,,0,0,nublado,18.93,-23.545736,-46.733657,2024-11-05 05:22:28,falso,720.39,Lapa,0,0,1.91265225410461
-46.733657,-23.545736,2428,22.16,97,1012,,1.02,3,névoa,21.66,-23.545736,-46.733657,2024-11-06 18:13:18,falso,720.39,Lapa,0,12.7,1.91265225410461
-46.733657,-23.545736,2429,26.17,84,1012,,0,3,névoa,23.25,-23.545736,-46.733657,2024-11-06 15:19:43,falso,720.39,Lapa,0,4.08,1.91265225410461
-46.733657,-23.545736,2430,21.43,98,1011,,1.78,4,chuva moderada,21.1,-23.545736,-46.733657,2024-11-07 04:03:05,falso,720.39,Lapa,0,3.02,1.91265225410461
-46.733657,-23.545736,2431,21.98,87,1008,,0.62,4,chuva leve,19.72,-23.545736,-46.733657,2024-11-07 20:25:46,falso,720.39,Lapa,0,1.29,1.91265225410461
-46.733657,-23.545736,2432,19.03,96,1010,,5.84,4,chuva forte,18.38,-23.545736,-46.733657,2024-11-08 17:15:00,falso,720.39,Lapa,0,19.3,1.91265225410461
-46.733657,-23.545736,2433,21.9,94,1010,,0.2,4,chuva leve,20.89,-23.545736,-46.733657,2024-11-08 10:13:01,falso,720.39,Lapa,0,1.6,1.91265225410461
-46.733657,-23.545736,2434,16.83,89,1017,,0,0,nublado,15.01,-23.545736,-46.733657,2024-11-09 23:22:12,falso,720.39,Lapa,0,0,1.91265225410461
-46.733657,-23.545736,2435,18.14,93,1012,,0,0,nublado,16.99,-23.545736,-46.733657,2024-11-09 03:46:12,falso,720.39,Lapa,0,0,1.91265225410461
-46.733657,-23.545736,2436,24.17,82,1014,,0,0,nuvens dispersas,20.9,-23.545736,-46.733657,2024-11-10 15:06:48,falso,720.39,Lapa,0,0,1.91265225410461
-46.733657,-23.545736,2437,17.98,80,1015,,0,0,nublado,14.48,-23.545736,-46.733657,2024-11-10 20:01:54,falso,720.39,Lapa,0,0,1.91265225410461
-46.683504,-23.533879,2438,23.69,60,1018,,0,0,céu limpo,15.47,-23.533879,-46.683504,2024-11-01 10:26:16,falso,771.8,Lapa,0,0,6.50996494293213
-46.683504,-23.533879,2439,20.54,84,1017,,0,0,nublado,17.74,-23.533879,-46.683504,2024-11-01 23:56:13,falso,771.8,Lapa,0,0,6.50996494293213
-46.683504,-23.533879,2440,25.69,57,1017,,0,0,algumas nuvens,16.54,-23.533879,-46.683504,2024-11-02 10:24:39,falso,771.8,Lapa,0,0,6.50996494293213
-46.683504,-23.533879,2441,27.72,44,1015,,0.38,1,chuva leve,14.37,-23.533879,-46.683504,2024-11-02 12:31:09,falso,771.8,Lapa,0,0.38,6.50996494293213
-46.683504,-23.533879,2442,18.82,91,1015,,1.78,4,chuva moderada,17.32,-23.533879,-46.683504,2024-11-03 21:30:51,falso,771.8,Lapa,0,5.22,6.50996494293213
-46.683504,-23.533879,2443,19.98,99,1014,,0.4,4,chuva leve,19.82,-23.533879,-46.683504,2024-11-03 04:12:59,falso,771.8,Lapa,0,2.52,6.50996494293213
-46.683504,-23.533879,2444,18.88,96,1014,,1.78,4,chuva moderada,18.23,-23.533879,-46.683504,2024-11-04 00:24:02,falso,771.8,Lapa,0,9.5,6.50996494293213
-46.683504,-23.533879,2445,19.91,90,1016,,1.78,4,chuva moderada,18.22,-23.533879,-46.683504,2024-11-04 21:18:04,falso,771.8,Lapa,0,3.79,6.50996494293213
-46.683504,-23.533879,2446,19.98,95,1014,,0,0,nublado,19.15,-23.533879,-46.683504,2024-11-05 03:37:55,falso,771.8,Lapa,0,0,6.50996494293213
-46.683504,-23.533879,2447,26.14,68,1015,,0,0,nuvens dispersas,19.77,-23.533879,-46.683504,2024-11-05 11:09:32,falso,771.8,Lapa,0,0,6.50996494293213
-46.683504,-23.533879,2448,25.02,76,1015,,0,0,nublado,20.49,-23.533879,-46.683504,2024-11-06 08:36:16,falso,771.8,Lapa,0,0,6.50996494293213
-46.683504,-23.533879,2449,21.38,96,1012,,1.78,4,chuva moderada,20.72,-23.533879,-46.683504,2024-11-06 18:57:52,falso,771.8,Lapa,0,33.52,6.50996494293213
-46.683504,-23.533879,2450,21.66,87,1008,,0.5,4,chuva leve,19.4,-23.533879,-46.683504,2024-11-07 22:42:17,falso,771.8,Lapa,0,2.19,6.50996494293213
-46.683504,-23.533879,2451,22.06,90,1013,,0.61,4,chuva leve,20.34,-23.533879,-46.683504,2024-11-07 08:42:54,falso,771.8,Lapa,0,1.73,6.50996494293213
-46.683504,-23.533879,2452,18.55,95,1010,,2.79,4,chuva moderada,17.73,-23.533879,-46.683504,2024-11-08 16:46:49,falso,771.8,Lapa,0,19.02,6.50996494293213
-46.683504,-23.533879,2453,18.14,96,1012,,0.28,4,chuva leve,17.49,-23.533879,-46.683504,2024-11-08 19:58:56,falso,771.8,Lapa,0,8.6,6.50996494293213
-46.683504,-23.533879,2454,19.69,78,1014,,0,2,nublado,15.75,-23.533879,-46.683504,2024-11-09 14:14:47,falso,771.8,Lapa,0,0.15,6.50996494293213
-46.683504,-23.533879,2455,16.38,92,1018,,0,0,garoa de leve intensidade,15.08,-23.533879,-46.683504,2024-11-09 21:31:10,falso,771.8,Lapa,0,0,6.50996494293213
-46.683504,-23.533879,2456,16.79,86,1017,,0,0,nublado,14.44,-23.533879,-46.683504,2024-11-10 06:59:58,falso,771.8,Lapa,0,0,6.50996494293213
-46.683504,-23.533879,2457,20.72,64,1016,,0,0,nublado,13.67,-23.533879,-46.683504,2024-11-10 10:52:14,falso,771.8,Lapa,0,0,6.50996494293213
-46.686505,-23.532377,2458,18.28,81,1016,,0,0,nublado,14.97,-23.532377,-46.686505,2024-11-01 02:42:24,falso,760.93,Lapa,0,0,3.29412221908569
-46.686505,-23.532377,2459,20.02,76,1018,,0,0,algumas nuvens,15.66,-23.532377,-46.686505,2024-11-01 07:07:50,falso,760.93,Lapa,0,0,3.29412221908569
-46.686505,-23.532377,2460,20.67,94,1015,,0.5,4,trovoada com chuva fraca,19.67,-23.532377,-46.686505,2024-11-02 16:29:52,falso,760.93,Lapa,0,4.91,3.29412221908569
-46.686505,-23.532377,2461,21.53,91,1015,,3.21,3,trovoada com chuva fraca,20,-23.532377,-46.686505,2024-11-02 15:23:29,falso,760.93,Lapa,0,3.77,3.29412221908569
-46.686505,-23.532377,2462,18.55,94,1015,,0.67,4,chuva leve,17.57,-23.532377,-46.686505,2024-11-03 22:43:38,falso,760.93,Lapa,0,3.18,3.29412221908569
-46.686505,-23.532377,2463,19.62,90,1014,,0.94,4,garoa de leve intensidade,17.94,-23.532377,-46.686505,2024-11-03 20:27:04,falso,760.93,Lapa,0,3.94,3.29412221908569
-46.686505,-23.532377,2464,20.29,93,1016,,0,4,nublado,19.12,-23.532377,-46.686505,2024-11-04 22:59:42,falso,760.93,Lapa,0,1.7,3.29412221908569
-46.686505,-23.532377,2465,22.21,73,1015,,1.1,4,chuva moderada,17.14,-23.532377,-46.686505,2024-11-04 13:03:39,falso,760.93,Lapa,0,4.5,3.29412221908569
-46.686505,-23.532377,2466,19.97,95,1014,,0,0,nublado,19.14,-23.532377,-46.686505,2024-11-05 03:20:51,falso,760.93,Lapa,0,0,3.29412221908569
-46.686505,-23.532377,2467,21.36,85,1016,,0,0,nublado,18.74,-23.532377,-46.686505,2024-11-05 07:15:48,falso,760.93,Lapa,0,0,3.29412221908569
-46.686505,-23.532377,2468,21.39,96,1013,,1.12,4,chuva moderada,20.73,-23.532377,-46.686505,2024-11-06 23:07:01,falso,760.93,Lapa,0,6.41,3.29412221908569
-46.686505,-23.532377,2469,21.37,96,1013,,1.12,4,chuva moderada,20.71,-23.532377,-46.686505,2024-11-06 23:15:15,falso,760.93,Lapa,0,8.69,3.29412221908569
-46.686505,-23.532377,2470,22.45,90,1010,,1.02,4,garoa de leve intensidade,20.73,-23.532377,-46.686505,2024-11-07 13:40:10,falso,760.93,Lapa,0,3.23,3.29412221908569
-46.686505,-23.532377,2471,22.72,81,1007,,0.16,4,chuva leve,19.29,-23.532377,-46.686505,2024-11-07 17:21:04,falso,760.93,Lapa,0,3.39,3.29412221908569
-46.686505,-23.532377,2472,18.54,95,1009,,1.02,4,chuva moderada,17.72,-23.532377,-46.686505,2024-11-08 16:28:06,falso,760.93,Lapa,0,8.95,3.29412221908569
-46.686505,-23.532377,2473,20.51,98,1007,,0.45,4,chuva forte,20.18,-23.532377,-46.686505,2024-11-08 02:03:57,falso,760.93,Lapa,0,11.96,3.29412221908569
-46.686505,-23.532377,2474,16.11,93,1018,,0,0,nublado,14.98,-23.532377,-46.686505,2024-11-09 21:41:05,falso,760.93,Lapa,0,0,3.29412221908569
-46.686505,-23.532377,2475,20.69,77,1014,,0.15,1,chuva leve,16.52,-23.532377,-46.686505,2024-11-09 12:35:26,falso,760.93,Lapa,0,0.15,3.29412221908569
-46.686505,-23.532377,2476,16.63,87,1016,,0,0,nublado,14.46,-23.532377,-46.686505,2024-11-10 00:33:16,falso,760.93,Lapa,0,0,3.29412221908569
-46.686505,-23.532377,2477,22.89,65,1014,,0,0,nuvens dispersas,15.97,-23.532377,-46.686505,2024-11-10 16:13:34,falso,760.93,Lapa,0,0,3.29412221908569
-46.67744,-23.529657,2478,23.96,62,1018,,0,0,céu limpo,16.24,-23.529657,-46.67744,2024-11-01 08:57:32,falso,731.33,Lapa,0,0,2.31902623176575
-46.67744,-23.529657,2479,18.26,85,1018,,0,0,nublado,15.7,-23.529657,-46.67744,2024-11-01 06:16:30,falso,731.33,Lapa,0,0,2.31902623176575
-46.67744,-23.529657,2480,20.88,88,1015,,0.3,4,chuva leve,18.82,-23.529657,-46.67744,2024-11-02 16:55:58,falso,731.33,Lapa,0,4.19,2.31902623176575
-46.67744,-23.529657,2481,22.88,73,1015,,0.18,2,trovoada com chuva fraca,17.79,-23.529657,-46.67744,2024-11-02 14:11:03,falso,731.33,Lapa,0,0.56,2.31902623176575
-46.67744,-23.529657,2482,21.49,84,1013,,1.28,4,chuva moderada,18.67,-23.529657,-46.67744,2024-11-03 15:52:40,falso,731.33,Lapa,0,9.3,2.31902623176575
-46.67744,-23.529657,2483,20.18,98,1016,,1.02,4,chuva moderada,19.85,-23.529657,-46.67744,2024-11-03 00:11:15,falso,731.33,Lapa,0,2.11,2.31902623176575
-46.67744,-23.529657,2484,21.14,90,1014,,1.02,4,chuva moderada,19.44,-23.529657,-46.67744,2024-11-04 16:35:45,falso,731.33,Lapa,0,7.16,2.31902623176575
-46.67744,-23.529657,2485,20.43,86,1015,,0.51,4,chuva leve,18.01,-23.529657,-46.67744,2024-11-04 19:17:20,falso,731.33,Lapa,0,3.68,2.31902623176575
-46.67744,-23.529657,2486,22.58,87,1016,,0,0,nublado,20.31,-23.529657,-46.67744,2024-11-05 22:26:46,falso,731.33,Lapa,0,0,2.31902623176575
-46.67744,-23.529657,2487,23.63,88,1013,,1.02,4,chuva moderada,21.52,-23.529657,-46.67744,2024-11-05 17:48:29,falso,731.33,Lapa,0,1.51,2.31902623176575
-46.67744,-23.529657,2488,21.87,93,1014,,2.79,4,chuva moderada,20.69,-23.529657,-46.67744,2024-11-06 21:24:34,falso,731.33,Lapa,0,6.34,2.31902623176575
-46.67744,-23.529657,2489,22.88,83,1015,,0,0,nuvens dispersas,19.84,-23.529657,-46.67744,2024-11-06 06:34:55,falso,731.33,Lapa,0,0,2.31902623176575
-46.67744,-23.529657,2490,21.85,96,1012,,0.88,4,chuva leve,21.18,-23.529657,-46.67744,2024-11-07 01:27:44,falso,731.33,Lapa,0,4.27,2.31902623176575
-46.67744,-23.529657,2491,21.51,85,1008,,0.37,4,chuva leve,18.88,-23.529657,-46.67744,2024-11-07 19:23:49,falso,731.33,Lapa,0,0.91,2.31902623176575
-46.67744,-23.529657,2492,17.93,92,1014,,0,4,nublado,16.61,-23.529657,-46.67744,2024-11-08 22:09:41,falso,731.33,Lapa,0,1.44,2.31902623176575
-46.67744,-23.529657,2493,18.28,95,1012,,1.02,4,chuva moderada,17.47,-23.529657,-46.67744,2024-11-08 19:24:42,falso,731.33,Lapa,0,7.55,2.31902623176575
-46.67744,-23.529657,2494,20.06,79,1015,,0,0,nublado,16.31,-23.529657,-46.67744,2024-11-09 09:53:25,falso,731.33,Lapa,0,0,2.31902623176575
-46.67744,-23.529657,2495,20.06,80,1015,,0,0,nublado,16.51,-23.529657,-46.67744,2024-11-09 09:37:29,falso,731.33,Lapa,0,0,2.31902623176575
-46.67744,-23.529657,2496,17.56,76,1016,,0,0,nublado,13.29,-23.529657,-46.67744,2024-11-10 21:59:10,falso,731.33,Lapa,0,0,2.31902623176575
-46.67744,-23.529657,2497,21.14,68,1014,,0,0,nublado,15.01,-23.529657,-46.67744,2024-11-10 17:28:46,falso,731.33,Lapa,0,0,2.31902623176575
-46.702013,-23.524169,2498,27.9,50,1015,,0,2,nuvens dispersas,16.52,-23.524169,-46.702013,2024-11-01 13:27:50,falso,726.82,Lapa,0,0.12,2.82047843933105
-46.702013,-23.524169,2499,26.92,61,1016,,0.12,1,chuva leve,18.77,-23.524169,-46.702013,2024-11-01 11:52:23,falso,726.82,Lapa,0,0.12,2.82047843933105
-46.702013,-23.524169,2500,25.9,57,1017,,0,0,algumas nuvens,16.74,-23.524169,-46.702013,2024-11-02 10:23:58,falso,726.82,Lapa,0,0,2.82047843933105
-46.702013,-23.524169,2501,19.31,87,1015,,0,0,nublado,17.09,-23.524169,-46.702013,2024-11-02 03:50:41,falso,726.82,Lapa,0,0,2.82047843933105
-46.702013,-23.524169,2502,20.2,99,1015,,0.45,4,chuva leve,20.04,-23.524169,-46.702013,2024-11-03 04:37:53,falso,726.82,Lapa,0,3.32,2.82047843933105
-46.702013,-23.524169,2503,21.21,86,1013,,2.41,4,chuva moderada,18.78,-23.524169,-46.702013,2024-11-03 14:43:25,falso,726.82,Lapa,0,7.09,2.82047843933105
-46.702013,-23.524169,2504,21.84,82,1016,,1.23,4,chuva moderada,18.63,-23.524169,-46.702013,2024-11-04 11:02:03,falso,726.82,Lapa,0,4.76,2.82047843933105
-46.702013,-23.524169,2505,21.21,91,1014,,0.43,4,chuva leve,19.68,-23.524169,-46.702013,2024-11-04 18:06:43,falso,726.82,Lapa,0,5.96,2.82047843933105
-46.702013,-23.524169,2506,21.63,85,1016,,0,0,nublado,19,-23.524169,-46.702013,2024-11-05 07:20:26,falso,726.82,Lapa,0,0,2.82047843933105
-46.702013,-23.524169,2507,27.41,68,1015,,0,0,nublado,20.98,-23.524169,-46.702013,2024-11-05 12:28:12,falso,726.82,Lapa,0,0,2.82047843933105
-46.702013,-23.524169,2508,25.31,76,1015,,0,0,nublado,20.78,-23.524169,-46.702013,2024-11-06 08:32:53,falso,726.82,Lapa,0,0,2.82047843933105
-46.702013,-23.524169,2509,21.86,94,1014,,0,0,nublado,20.85,-23.524169,-46.702013,2024-11-06 03:36:05,falso,726.82,Lapa,0,0,2.82047843933105
-46.702013,-23.524169,2510,22.72,90,1012,,1.78,4,chuva moderada,20.99,-23.524169,-46.702013,2024-11-07 11:32:32,falso,726.82,Lapa,0,3.31,2.82047843933105
-46.702013,-23.524169,2511,22.72,89,1012,,0.89,4,chuva leve,20.81,-23.524169,-46.702013,2024-11-07 12:05:10,falso,726.82,Lapa,0,3.74,2.82047843933105
-46.702013,-23.524169,2512,18.42,96,1010,,0.7,4,chuva leve,17.77,-23.524169,-46.702013,2024-11-08 18:19:28,falso,726.82,Lapa,0,9.33,2.82047843933105
-46.702013,-23.524169,2513,18.83,96,1010,,1.78,4,chuva moderada,18.18,-23.524169,-46.702013,2024-11-08 18:02:43,falso,726.82,Lapa,0,18.28,2.82047843933105
-46.702013,-23.524169,2514,16.41,93,1018,,0,0,nublado,15.28,-23.524169,-46.702013,2024-11-09 21:43:37,falso,726.82,Lapa,0,0,2.82047843933105
-46.702013,-23.524169,2515,19.22,82,1014,,0,0,nublado,16.07,-23.524169,-46.702013,2024-11-09 07:57:12,falso,726.82,Lapa,0,0,2.82047843933105
-46.702013,-23.524169,2516,21.1,74,1017,,0,0,nublado,16.29,-23.524169,-46.702013,2024-11-10 10:25:58,falso,726.82,Lapa,0,0,2.82047843933105
-46.702013,-23.524169,2517,22.12,71,1016,,0,0,nublado,16.62,-23.524169,-46.702013,2024-11-10 11:42:20,falso,726.82,Lapa,0,0,2.82047843933105
-46.693244,-23.522759,2518,20.83,85,1017,,0,0,nublado,18.22,-23.522759,-46.693244,2024-11-01 23:56:48,falso,727.23,Lapa,0,0,1.99518501758575
-46.693244,-23.522759,2519,21.97,64,1018,,0,0,céu limpo,14.85,-23.522759,-46.693244,2024-11-01 08:30:45,falso,727.23,Lapa,0,0,1.99518501758575
-46.693244,-23.522759,2520,21.07,95,1015,,0.5,4,trovoada com chuva fraca,20.24,-23.522759,-46.693244,2024-11-02 15:55:30,falso,727.23,Lapa,0,4.27,1.99518501758575
-46.693244,-23.522759,2521,20.31,87,1016,,0,0,nublado,18.08,-23.522759,-46.693244,2024-11-02 01:24:32,falso,727.23,Lapa,0,0,1.99518501758575
-46.693244,-23.522759,2522,20.58,96,1016,,1.78,4,garoa de leve intensidade,19.92,-23.522759,-46.693244,2024-11-03 08:26:44,falso,727.23,Lapa,0,4.86,1.99518501758575
-46.693244,-23.522759,2523,21.36,85,1014,,2.82,3,chuva moderada,18.74,-23.522759,-46.693244,2024-11-03 14:03:16,falso,727.23,Lapa,0,6.38,1.99518501758575
-46.693244,-23.522759,2524,21.91,82,1016,,1.23,4,chuva moderada,18.7,-23.522759,-46.693244,2024-11-04 10:54:03,falso,727.23,Lapa,0,4.76,1.99518501758575
-46.693244,-23.522759,2525,19.16,97,1014,,1.02,4,chuva moderada,18.67,-23.522759,-46.693244,2024-11-04 05:19:26,falso,727.23,Lapa,0,3.78,1.99518501758575
-46.693244,-23.522759,2526,20.27,96,1015,,0,4,nublado,19.61,-23.522759,-46.693244,2024-11-05 01:28:19,falso,727.23,Lapa,0,0.36,1.99518501758575
-46.693244,-23.522759,2527,20.97,79,1016,,0,0,nublado,17.19,-23.522759,-46.693244,2024-11-05 08:13:18,falso,727.23,Lapa,0,0,1.99518501758575
-46.693244,-23.522759,2528,21.48,94,1014,,0,0,nublado,20.47,-23.522759,-46.693244,2024-11-06 03:15:56,falso,727.23,Lapa,0,0,1.99518501758575
-46.693244,-23.522759,2529,26.72,61,1013,,0.52,1,chuva leve,18.58,-23.522759,-46.693244,2024-11-06 12:36:12,falso,727.23,Lapa,0,0.52,1.99518501758575
-46.693244,-23.522759,2530,21.94,96,1012,,0.13,4,chuva leve,21.27,-23.522759,-46.693244,2024-11-07 02:55:16,falso,727.23,Lapa,0,2.29,1.99518501758575
-46.693244,-23.522759,2531,21.38,98,1011,,0.25,4,chuva leve,21.05,-23.522759,-46.693244,2024-11-07 04:15:06,falso,727.23,Lapa,0,2.38,1.99518501758575
-46.693244,-23.522759,2532,20.18,97,1008,,0.91,4,chuva leve,19.69,-23.522759,-46.693244,2024-11-08 06:26:34,falso,727.23,Lapa,0,4.54,1.99518501758575
-46.693244,-23.522759,2533,18.04,92,1014,,0,4,nublado,16.72,-23.522759,-46.693244,2024-11-08 22:05:21,falso,727.23,Lapa,0,2.2,1.99518501758575
-46.693244,-23.522759,2534,18.52,87,1015,,0,0,nublado,16.32,-23.522759,-46.693244,2024-11-09 18:07:52,falso,727.23,Lapa,0,0,1.99518501758575
-46.693244,-23.522759,2535,17.36,87,1013,,0,0,nublado,15.18,-23.522759,-46.693244,2024-11-09 05:41:10,falso,727.23,Lapa,0,0,1.99518501758575
-46.693244,-23.522759,2536,16.96,88,1016,,0,0,nublado,14.96,-23.522759,-46.693244,2024-11-10 00:31:56,falso,727.23,Lapa,0,0,1.99518501758575
-46.693244,-23.522759,2537,22.11,68,1014,,0,0,nuvens dispersas,15.93,-23.522759,-46.693244,2024-11-10 15:59:22,falso,727.23,Lapa,0,0,1.99518501758575
-46.675139,-23.519232,2538,20.44,80,1017,,0,0,céu limpo,16.88,-23.519232,-46.675139,2024-11-01 22:22:25,falso,719.63,Lapa,0,0,5.57038927078247
-46.675139,-23.519232,2539,19.98,73,1018,,0,0,céu limpo,15,-23.519232,-46.675139,2024-11-01 08:06:15,falso,719.63,Lapa,0,0,5.57038927078247
-46.675139,-23.519232,2540,20.44,95,1015,,0.27,4,chuva leve,19.61,-23.519232,-46.675139,2024-11-02 18:30:47,falso,719.63,Lapa,0,1.33,5.57038927078247
-46.675139,-23.519232,2541,20.28,87,1015,,0,0,nublado,18.05,-23.519232,-46.675139,2024-11-02 03:22:53,falso,719.63,Lapa,0,0,5.57038927078247
-46.675139,-23.519232,2542,20.28,98,1015,,0.69,4,chuva leve,19.95,-23.519232,-46.675139,2024-11-03 02:18:29,falso,719.63,Lapa,0,2.58,5.57038927078247
-46.675139,-23.519232,2543,20.28,98,1015,,0.9,4,chuva leve,19.95,-23.519232,-46.675139,2024-11-03 02:58:03,falso,719.63,Lapa,0,2.52,5.57038927078247
-46.675139,-23.519232,2544,19.17,96,1014,,0.8,4,chuva leve,18.52,-23.519232,-46.675139,2024-11-04 00:37:41,falso,719.63,Lapa,0,3.96,5.57038927078247
-46.675139,-23.519232,2545,19.17,96,1014,,1.05,4,chuva moderada,18.52,-23.519232,-46.675139,2024-11-04 03:38:55,falso,719.63,Lapa,0,3.24,5.57038927078247
-46.675139,-23.519232,2546,24.98,65,1015,,0,0,céu limpo,17.95,-23.519232,-46.675139,2024-11-05 11:30:28,falso,719.63,Lapa,0,0,5.57038927078247
-46.675139,-23.519232,2547,21.99,73,1016,,0,0,nublado,16.93,-23.519232,-46.675139,2024-11-05 09:04:47,falso,719.63,Lapa,0,0,5.57038927078247
-46.675139,-23.519232,2548,23.98,78,1015,,0,0,céu limpo,19.91,-23.519232,-46.675139,2024-11-06 10:25:28,falso,719.63,Lapa,0,0,5.57038927078247
-46.675139,-23.519232,2549,22.98,83,1015,,0,0,nuvens dispersas,19.94,-23.519232,-46.675139,2024-11-06 06:58:40,falso,719.63,Lapa,0,0,5.57038927078247
-46.675139,-23.519232,2550,21.96,87,1009,,0.5,4,chuva leve,19.7,-23.519232,-46.675139,2024-11-07 22:01:56,falso,719.63,Lapa,0,2.06,5.57038927078247
-46.675139,-23.519232,2551,21.39,98,1012,,0.25,4,chuva leve,21.06,-23.519232,-46.675139,2024-11-07 05:19:25,falso,719.63,Lapa,0,1.75,5.57038927078247
-46.675139,-23.519232,2552,20.84,98,1007,,5.84,4,chuva forte,20.51,-23.519232,-46.675139,2024-11-08 01:38:44,falso,719.63,Lapa,0,7.01,5.57038927078247
-46.675139,-23.519232,2553,20.9,93,1009,,0.77,4,chuva leve,19.73,-23.519232,-46.675139,2024-11-08 07:19:09,falso,719.63,Lapa,0,4.4,5.57038927078247
-46.675139,-23.519232,2554,18.15,87,1015,,0,0,nublado,15.95,-23.519232,-46.675139,2024-11-09 18:03:29,falso,719.63,Lapa,0,0,5.57038927078247
-46.675139,-23.519232,2555,18.06,93,1012,,0,0,nublado,16.91,-23.519232,-46.675139,2024-11-09 02:27:24,falso,719.63,Lapa,0,0,5.57038927078247
-46.675139,-23.519232,2556,16.95,88,1016,,0,0,nublado,14.95,-23.519232,-46.675139,2024-11-10 06:12:30,falso,719.63,Lapa,0,0,5.57038927078247
-46.675139,-23.519232,2557,16.39,86,1016,,0,0,nublado,14.04,-23.519232,-46.675139,2024-11-10 02:51:37,falso,719.63,Lapa,0,0,5.57038927078247
-46.698727,-23.514815,2558,21.99,64,1018,,0,0,céu limpo,14.87,-23.514815,-46.698727,2024-11-01 09:21:50,falso,719.91,Lapa,0,0,4.16915416717529
-46.698727,-23.514815,2559,27,59,1016,,0.12,1,chuva leve,18.31,-23.514815,-46.698727,2024-11-01 12:10:23,falso,719.91,Lapa,0,0.12,4.16915416717529
-46.698727,-23.514815,2560,19.39,87,1015,,0,0,nublado,17.17,-23.514815,-46.698727,2024-11-02 04:02:36,falso,719.91,Lapa,0,0,4.16915416717529
-46.698727,-23.514815,2561,20.36,88,1016,,0,0,nublado,18.31,-23.514815,-46.698727,2024-11-02 01:23:21,falso,719.91,Lapa,0,0,4.16915416717529
-46.698727,-23.514815,2562,20.28,99,1015,,0.45,4,chuva leve,20.12,-23.514815,-46.698727,2024-11-03 04:48:50,falso,719.91,Lapa,0,2.44,4.16915416717529
-46.698727,-23.514815,2563,19.14,92,1015,,0.71,4,chuva leve,17.81,-23.514815,-46.698727,2024-11-03 22:16:59,falso,719.91,Lapa,0,3.39,4.16915416717529
-46.698727,-23.514815,2564,19.17,97,1014,,1.02,4,chuva moderada,18.68,-23.514815,-46.698727,2024-11-04 05:21:29,falso,719.91,Lapa,0,3.75,4.16915416717529
-46.698727,-23.514815,2565,19.25,96,1014,,0.69,4,chuva leve,18.6,-23.514815,-46.698727,2024-11-04 01:56:59,falso,719.91,Lapa,0,3.82,4.16915416717529
-46.698727,-23.514815,2566,19.72,95,1015,,0,0,nublado,18.9,-23.514815,-46.698727,2024-11-05 05:13:41,falso,719.91,Lapa,0,0,4.16915416717529
-46.698727,-23.514815,2567,20.92,96,1016,,0,4,nuvens dispersas,20.26,-23.514815,-46.698727,2024-11-05 00:08:41,falso,719.91,Lapa,0,1.22,4.16915416717529
-46.698727,-23.514815,2568,21.64,96,1012,,2.79,3,trovoada com chuva,20.97,-23.514815,-46.698727,2024-11-06 18:07:34,falso,719.91,Lapa,0,10.15,4.16915416717529
-46.698727,-23.514815,2569,26.73,61,1013,,0.52,1,chuva leve,18.59,-23.514815,-46.698727,2024-11-06 13:21:43,falso,719.91,Lapa,0,0.52,4.16915416717529
-46.698727,-23.514815,2570,21.96,87,1009,,0.5,4,chuva leve,19.7,-23.514815,-46.698727,2024-11-07 22:16:10,falso,719.91,Lapa,0,2.06,4.16915416717529
-46.698727,-23.514815,2571,21.39,98,1012,,0.13,4,chuva leve,21.06,-23.514815,-46.698727,2024-11-07 03:27:05,falso,719.91,Lapa,0,2.29,4.16915416717529
-46.698727,-23.514815,2574,21.32,78,1014,,0,3,nublado,17.33,-23.514815,-46.698727,2024-11-09 15:08:14,falso,719.91,Lapa,0,0.15,4.16915416717529
-46.698727,-23.514815,2575,20.95,74,1014,,0,0,nublado,16.14,-23.514815,-46.698727,2024-11-09 12:23:42,falso,719.91,Lapa,0,0,4.16915416717529
-46.698727,-23.514815,2576,23.14,66,1014,,0,0,nuvens dispersas,16.44,-23.514815,-46.698727,2024-11-10 14:53:58,falso,719.91,Lapa,0,0,4.16915416717529
-46.698727,-23.514815,2577,22.06,70,1016,,0,0,nublado,16.34,-23.514815,-46.698727,2024-11-10 12:11:47,falso,719.91,Lapa,0,0,4.16915416717529
-46.679488,-23.513997,2578,27,58,1014,,1.4,4,chuva moderada,18.04,-23.513997,-46.679488,2024-11-01 14:59:08,falso,720.68,Lapa,0,1.52,7.53198862075806
-46.679488,-23.513997,2579,24.02,63,1018,,0,0,céu limpo,16.55,-23.513997,-46.679488,2024-11-01 10:08:10,falso,720.68,Lapa,0,0,7.53198862075806
-46.679488,-23.513997,2580,19.71,85,1016,,0,0,céu limpo,17.12,-23.513997,-46.679488,2024-11-02 05:58:15,falso,720.68,Lapa,0,0,7.53198862075806
-46.679488,-23.513997,2581,20.47,96,1015,,0.26,4,chuva leve,19.81,-23.513997,-46.679488,2024-11-02 18:29:59,falso,720.68,Lapa,0,4.27,7.53198862075806
-46.679488,-23.513997,2582,21.53,84,1013,,1.28,4,chuva moderada,18.71,-23.513997,-46.679488,2024-11-03 15:55:28,falso,720.68,Lapa,0,9.3,7.53198862075806
-46.679488,-23.513997,2583,20.3,99,1015,,0.45,4,chuva leve,20.14,-23.513997,-46.679488,2024-11-03 04:50:06,falso,720.68,Lapa,0,2.44,7.53198862075806
-46.679488,-23.513997,2584,21.22,89,1014,,2.79,4,chuva moderada,19.33,-23.513997,-46.679488,2024-11-04 15:25:17,falso,720.68,Lapa,0,5.94,7.53198862075806
-46.679488,-23.513997,2585,20.16,88,1015,,0.48,4,chuva leve,18.11,-23.513997,-46.679488,2024-11-04 20:25:48,falso,720.68,Lapa,0,3.2,7.53198862075806
-46.679488,-23.513997,2586,27.52,68,1015,,0,0,nublado,21.09,-23.513997,-46.679488,2024-11-05 12:29:42,falso,720.68,Lapa,0,0,7.53198862075806
-46.679488,-23.513997,2587,23.04,84,1015,,0,4,nublado,20.19,-23.513997,-46.679488,2024-11-05 20:11:15,falso,720.68,Lapa,0,0.54,7.53198862075806
-46.679488,-23.513997,2588,24.1,77,1015,,0,0,nublado,19.82,-23.513997,-46.679488,2024-11-06 08:05:00,falso,720.68,Lapa,0,0,7.53198862075806
-46.679488,-23.513997,2589,21.68,91,1014,,0,0,nublado,20.15,-23.513997,-46.679488,2024-11-06 05:41:11,falso,720.68,Lapa,0,0,7.53198862075806
-46.679488,-23.513997,2590,22.59,89,1008,,1.78,4,chuva moderada,20.68,-23.513997,-46.679488,2024-11-07 14:54:31,falso,720.68,Lapa,0,4.95,7.53198862075806
-46.679488,-23.513997,2591,21.98,97,1012,,0.23,4,chuva leve,21.48,-23.513997,-46.679488,2024-11-07 01:33:36,falso,720.68,Lapa,0,3.28,7.53198862075806
-46.679488,-23.513997,2592,20.3,99,1007,,0.83,4,chuva leve,20.14,-23.513997,-46.679488,2024-11-08 03:54:49,falso,720.68,Lapa,0,21.4,7.53198862075806
-46.679488,-23.513997,2593,22.01,88,1009,,7.6,4,chuva forte,19.93,-23.513997,-46.679488,2024-11-08 13:34:52,falso,720.68,Lapa,0,12.13,7.53198862075806
-46.679488,-23.513997,2594,18.08,93,1012,,0,0,nublado,16.93,-23.513997,-46.679488,2024-11-09 02:49:15,falso,720.68,Lapa,0,0,7.53198862075806
-46.679488,-23.513997,2595,20.47,80,1014,,0,2,nublado,16.9,-23.513997,-46.679488,2024-11-09 13:49:36,falso,720.68,Lapa,0,0.15,7.53198862075806
-46.679488,-23.513997,2596,23.99,57,1014,,0,0,nublado,14.95,-23.513997,-46.679488,2024-11-10 13:31:08,falso,720.68,Lapa,0,0,7.53198862075806
-46.679488,-23.513997,2597,15.86,87,1016,,0,0,nublado,13.7,-23.513997,-46.679488,2024-11-10 03:20:43,falso,720.68,Lapa,0,0,7.53198862075806
-46.7489,-23.6759,2598,17.58,96,1017,,0,0,garoa de leve intensidade,16.94,-23.6759,-46.7489,2023-11-01 22:25:45,falso,750.29,M' Boi Mirin,0,0,2.31902623176575
-46.7489,-23.6759,2599,20.35,91,1014,,0,4,chuva leve,18.83,-23.6759,-46.7489,2023-11-01 16:17:38,falso,750.29,M' Boi Mirin,0,0.58,2.31902623176575
-46.7489,-23.6759,2600,22.35,88,1015,,0.17,2,chuva leve,20.27,-23.6759,-46.7489,2023-11-02 12:20:31,falso,750.29,M' Boi Mirin,0,0.34,2.31902623176575
-46.7489,-23.6759,2601,19.27,93,1013,,0,4,nublado,18.11,-23.6759,-46.7489,2023-11-02 17:44:07,falso,750.29,M' Boi Mirin,0,0.13,2.31902623176575
-46.7489,-23.6759,2602,21.43,92,1008,,0,0,céu limpo,20.08,-23.6759,-46.7489,2023-11-03 21:20:10,falso,750.29,M' Boi Mirin,0,0,2.31902623176575
-46.7489,-23.6759,2603,23,98,1006,,0,4,chuva leve,22.67,-23.6759,-46.7489,2023-11-03 18:17:06,falso,750.29,M' Boi Mirin,0,12.39,2.31902623176575
-46.7489,-23.6759,2604,16.23,90,1015,,0,0,nuvens dispersas,14.59,-23.6759,-46.7489,2023-11-04 23:46:39,falso,750.29,M' Boi Mirin,0,0,2.31902623176575
-46.7489,-23.6759,2605,21.23,89,1009,,0.29,1,chuva leve,19.34,-23.6759,-46.7489,2023-11-04 00:49:14,falso,750.29,M' Boi Mirin,0,0.29,2.31902623176575
-46.7489,-23.6759,2606,19.27,79,1017,,0,0,algumas nuvens,15.54,-23.6759,-46.7489,2023-11-05 17:06:58,falso,750.29,M' Boi Mirin,0,0,2.31902623176575
-46.7489,-23.6759,2607,17.73,93,1015,,0,0,nublado,16.58,-23.6759,-46.7489,2023-11-05 00:12:13,falso,750.29,M' Boi Mirin,0,0,2.31902623176575
-46.7489,-23.6759,2608,22.75,72,1021,,0,0,céu limpo,17.44,-23.6759,-46.7489,2023-11-06 11:28:32,falso,750.29,M' Boi Mirin,0,0,2.31902623176575
-46.7489,-23.6759,2609,15.52,88,1022,,0,0,nuvens dispersas,13.54,-23.6759,-46.7489,2023-11-06 23:14:13,falso,750.29,M' Boi Mirin,0,0,2.31902623176575
-46.7489,-23.6759,2610,23.18,49,1020,,0,0,céu limpo,11.89,-23.6759,-46.7489,2023-11-07 11:31:58,falso,750.29,M' Boi Mirin,0,0,2.31902623176575
-46.7489,-23.6759,2611,15.19,83,1020,,0,0,nublado,12.33,-23.6759,-46.7489,2023-11-07 02:41:54,falso,750.29,M' Boi Mirin,0,0,2.31902623176575
-46.7489,-23.6759,2612,30.38,31,1015,,0,0,céu limpo,11.37,-23.6759,-46.7489,2023-11-08 12:49:36,falso,750.29,M' Boi Mirin,0,0,2.31902623176575
-46.7489,-23.6759,2613,17.18,82,1019,,0,0,céu limpo,14.08,-23.6759,-46.7489,2023-11-08 07:24:04,falso,750.29,M' Boi Mirin,0,0,2.31902623176575
-46.7489,-23.6759,2614,24.31,61,1015,,0.21,4,chuva leve,16.31,-23.6759,-46.7489,2023-11-09 19:48:06,falso,750.29,M' Boi Mirin,0,0.35,2.31902623176575
-46.7489,-23.6759,2615,25.18,50,1014,,0,0,céu limpo,14.03,-23.6759,-46.7489,2023-11-09 08:18:37,falso,750.29,M' Boi Mirin,0,0,2.31902623176575
-46.7489,-23.6759,2616,21.42,89,1018,,0,3,nuvens dispersas,19.53,-23.6759,-46.7489,2023-11-10 07:23:13,falso,750.29,M' Boi Mirin,0,0.55,2.31902623176575
-46.7489,-23.6759,2617,28.74,66,1016,,0,0,céu limpo,21.76,-23.6759,-46.7489,2023-11-10 11:08:25,falso,750.29,M' Boi Mirin,0,0,2.31902623176575
-46.7489,-23.6759,2618,21.03,89,1014,,0,0,algumas nuvens,19.15,-23.6759,-46.7489,2023-11-11 05:33:01,falso,750.29,M' Boi Mirin,0,0,2.31902623176575
-46.7489,-23.6759,2619,32.4,58,1012,,0,0,céu limpo,23.07,-23.6759,-46.7489,2023-11-11 11:07:47,falso,750.29,M' Boi Mirin,0,0,2.31902623176575
-46.7489,-23.6759,2620,35.21,46,1009,,0,0,céu limpo,21.84,-23.6759,-46.7489,2023-11-12 12:37:52,falso,750.29,M' Boi Mirin,0,0,2.31902623176575
-46.7489,-23.6759,2621,22.27,89,1012,,0,0,céu limpo,20.37,-23.6759,-46.7489,2023-11-12 05:41:43,falso,750.29,M' Boi Mirin,0,0,2.31902623176575
-46.7489,-23.6759,2622,35.35,46,1010,,0,0,céu limpo,21.97,-23.6759,-46.7489,2023-11-13 11:38:55,falso,750.29,M' Boi Mirin,0,0,2.31902623176575
-46.7489,-23.6759,2623,35.83,46,1010,,0,0,céu limpo,22.4,-23.6759,-46.7489,2023-11-13 11:31:35,falso,750.29,M' Boi Mirin,0,0,2.31902623176575
-46.7489,-23.6759,2624,31.23,47,1011,,0,0,céu limpo,18.58,-23.6759,-46.7489,2023-11-14 08:57:28,falso,750.29,M' Boi Mirin,0,0,2.31902623176575
-46.7489,-23.6759,2625,31.91,53,1008,,0,0,nublado,21.14,-23.6759,-46.7489,2023-11-14 14:53:43,falso,750.29,M' Boi Mirin,0,0,2.31902623176575
-46.7489,-23.6759,2626,34.79,34,1008,,0,0,algumas nuvens,16.62,-23.6759,-46.7489,2023-11-15 17:28:57,falso,750.29,M' Boi Mirin,0,0,2.31902623176575
-46.7489,-23.6759,2627,33.31,41,1009,,0,0,céu limpo,18.27,-23.6759,-46.7489,2023-11-15 12:37:55,falso,750.29,M' Boi Mirin,0,0,2.31902623176575
-46.7489,-23.6759,2628,24.15,73,1010,,0,0,céu limpo,19.01,-23.6759,-46.7489,2023-11-16 07:17:39,falso,750.29,M' Boi Mirin,0,0,2.31902623176575
-46.7489,-23.6759,2629,21.83,83,1010,,0,0,nublado,18.81,-23.6759,-46.7489,2023-11-16 01:45:04,falso,750.29,M' Boi Mirin,0,0,2.31902623176575
-46.7489,-23.6759,2630,24.64,88,1010,,0,0,nublado,22.52,-23.6759,-46.7489,2023-11-17 20:51:12,falso,750.29,M' Boi Mirin,0,0,2.31902623176575
-46.7489,-23.6759,2631,24.99,72,1009,,0,0,céu limpo,19.59,-23.6759,-46.7489,2023-11-17 05:31:50,falso,750.29,M' Boi Mirin,0,0,2.31902623176575
-46.7489,-23.6759,2632,27.95,94,1011,,0,0,trovoada com chuva fraca,26.89,-23.6759,-46.7489,2023-11-18 22:46:31,falso,750.29,M' Boi Mirin,0,0,2.31902623176575
-46.7489,-23.6759,2633,25.59,81,1007,,0,0,nublado,22.09,-23.6759,-46.7489,2023-11-18 04:07:14,falso,750.29,M' Boi Mirin,0,0,2.31902623176575
-46.7489,-23.6759,2634,20.18,94,1015,,0.15,4,chuva moderada,19.18,-23.6759,-46.7489,2023-11-19 13:43:55,falso,750.29,M' Boi Mirin,0,5.13,2.31902623176575
-46.7489,-23.6759,2635,22.07,90,1013,,0.34,3,chuva leve,20.35,-23.6759,-46.7489,2023-11-19 06:14:23,falso,750.29,M' Boi Mirin,0,2.31,2.31902623176575
-46.7489,-23.6759,2636,23.5,90,1015,,0,4,nublado,21.76,-23.6759,-46.7489,2023-11-20 15:12:09,falso,750.29,M' Boi Mirin,0,1.31,2.31902623176575
-46.7489,-23.6759,2637,20.14,98,1016,,0,0,névoa,19.81,-23.6759,-46.7489,2023-11-20 05:34:10,falso,750.29,M' Boi Mirin,0,0,2.31902623176575
-46.7489,-23.6759,2638,22.6,95,1012,,0,4,nublado,21.76,-23.6759,-46.7489,2023-11-21 19:52:47,falso,750.29,M' Boi Mirin,0,0.2,2.31902623176575
-46.7489,-23.6759,2639,22.89,93,1011,,0,4,nublado,21.7,-23.6759,-46.7489,2023-11-21 19:10:39,falso,750.29,M' Boi Mirin,0,1.1,2.31902623176575
-46.7489,-23.6759,2640,22.27,89,1011,,0,0,céu limpo,20.37,-23.6759,-46.7489,2023-11-22 05:53:48,falso,750.29,M' Boi Mirin,0,0,2.31902623176575
-46.7489,-23.6759,2641,31.79,67,1008,,0.22,4,chuva leve,24.9,-23.6759,-46.7489,2023-11-22 14:13:00,falso,750.29,M' Boi Mirin,0,1.07,2.31902623176575
-46.7485,-23.6753,2642,18.11,94,1014,,0,4,nublado,17.13,-23.6753,-46.7485,2023-11-01 05:47:53,falso,749.82,M' Boi Mirin,0,1.31,2.80138683319092
-46.7485,-23.6753,2643,17.67,93,1016,,0,0,nublado,16.52,-23.6753,-46.7485,2023-11-01 19:43:21,falso,749.82,M' Boi Mirin,0,0,2.80138683319092
-46.7485,-23.6753,2644,18.19,95,1017,,0,0,nublado,17.38,-23.6753,-46.7485,2023-11-02 06:57:19,falso,749.82,M' Boi Mirin,0,0,2.80138683319092
-46.7485,-23.6753,2645,17.51,96,1015,,0,0,nublado,16.87,-23.6753,-46.7485,2023-11-02 04:37:17,falso,749.82,M' Boi Mirin,0,0,2.80138683319092
-46.7485,-23.6753,2646,30.62,55,1006,,0,3,nuvens dispersas,20.55,-23.6753,-46.7485,2023-11-03 12:47:08,falso,749.82,M' Boi Mirin,0,1.09,2.80138683319092
-46.7485,-23.6753,2647,29.14,80,1005,,0.54,4,chuva moderada,25.33,-23.6753,-46.7485,2023-11-03 15:26:08,falso,749.82,M' Boi Mirin,0,4,2.80138683319092
-46.7485,-23.6753,2648,21.23,89,1009,,0.29,1,chuva leve,19.34,-23.6753,-46.7485,2023-11-04 00:47:21,falso,749.82,M' Boi Mirin,0,0.29,2.80138683319092
-46.7485,-23.6753,2649,21.23,89,1009,,0.18,2,chuva leve,19.34,-23.6753,-46.7485,2023-11-04 02:14:17,falso,749.82,M' Boi Mirin,0,0.47,2.80138683319092
-46.7485,-23.6753,2650,18.01,68,1017,,0,0,céu limpo,12.02,-23.6753,-46.7485,2023-11-05 08:25:58,falso,749.82,M' Boi Mirin,0,0,2.80138683319092
-46.7485,-23.6753,2651,18.03,93,1015,,0,0,nuvens dispersas,16.88,-23.6753,-46.7485,2023-11-05 00:33:45,falso,749.82,M' Boi Mirin,0,0,2.80138683319092
-46.7485,-23.6753,2652,22.27,72,1021,,0,0,céu limpo,16.98,-23.6753,-46.7485,2023-11-06 11:11:57,falso,749.82,M' Boi Mirin,0,0,2.80138683319092
-46.7485,-23.6753,2653,22.89,79,1019,,0,0,céu limpo,19.06,-23.6753,-46.7485,2023-11-06 13:38:34,falso,749.82,M' Boi Mirin,0,0,2.80138683319092
-46.7485,-23.6753,2654,16.13,90,1020,,0,0,nublado,14.49,-23.6753,-46.7485,2023-11-07 01:44:07,falso,749.82,M' Boi Mirin,0,0,2.80138683319092
-46.7485,-23.6753,2655,20.7,89,1018,,0,0,céu limpo,18.82,-23.6753,-46.7485,2023-11-07 17:40:55,falso,749.82,M' Boi Mirin,0,0,2.80138683319092
-46.7485,-23.6753,2656,16.23,88,1018,,0,0,céu limpo,14.24,-23.6753,-46.7485,2023-11-08 06:00:34,falso,749.82,M' Boi Mirin,0,0,2.80138683319092
-46.7485,-23.6753,2657,29.12,62,1016,,0,0,céu limpo,21.1,-23.6753,-46.7485,2023-11-08 11:56:23,falso,749.82,M' Boi Mirin,0,0,2.80138683319092
-46.7485,-23.6753,2658,30.08,70,1012,,1.21,1,chuva moderada,24,-23.6753,-46.7485,2023-11-09 15:40:25,falso,749.82,M' Boi Mirin,0,1.21,2.80138683319092
-46.7485,-23.6753,2659,21.87,67,1014,,0,0,céu limpo,15.47,-23.6753,-46.7485,2023-11-09 05:33:19,falso,749.82,M' Boi Mirin,0,0,2.80138683319092
-46.7485,-23.6753,2660,21.52,93,1016,,0,0,nublado,20.34,-23.6753,-46.7485,2023-11-10 22:53:34,falso,749.82,M' Boi Mirin,0,0,2.80138683319092
-46.7485,-23.6753,2661,22.13,95,1017,,0,0,nublado,21.29,-23.6753,-46.7485,2023-11-10 21:27:44,falso,749.82,M' Boi Mirin,0,0,2.80138683319092
-46.7485,-23.6753,2662,21.03,86,1014,,0,0,nublado,18.6,-23.6753,-46.7485,2023-11-11 04:22:35,falso,749.82,M' Boi Mirin,0,0,2.80138683319092
-46.7485,-23.6753,2663,30.21,61,1011,,0,0,céu limpo,21.85,-23.6753,-46.7485,2023-11-11 22:28:22,falso,749.82,M' Boi Mirin,0,0,2.80138683319092
-46.7485,-23.6753,2664,27.47,44,1010,,0,0,nublado,14.14,-23.6753,-46.7485,2023-11-12 01:31:51,falso,749.82,M' Boi Mirin,0,0,2.80138683319092
-46.7485,-23.6753,2665,29.52,57,1012,,0,0,céu limpo,20.11,-23.6753,-46.7485,2023-11-12 22:31:34,falso,749.82,M' Boi Mirin,0,0,2.80138683319092
-46.7485,-23.6753,2666,24.58,94,1015,,0,0,nublado,23.55,-23.6753,-46.7485,2023-11-13 21:50:10,falso,749.82,M' Boi Mirin,0,0,2.80138683319092
-46.7485,-23.6753,2667,22.43,81,1010,,0,0,algumas nuvens,19.01,-23.6753,-46.7485,2023-11-13 02:00:10,falso,749.82,M' Boi Mirin,0,0,2.80138683319092
-46.7485,-23.6753,2668,29.46,67,1010,,0.33,1,chuva leve,22.69,-23.6753,-46.7485,2023-11-14 16:09:48,falso,749.82,M' Boi Mirin,0,0.33,2.80138683319092
-46.7485,-23.6753,2669,23.5,93,1016,,0,0,nublado,22.3,-23.6753,-46.7485,2023-11-14 23:14:07,falso,749.82,M' Boi Mirin,0,0,2.80138683319092
-46.7485,-23.6753,2670,29.97,78,1009,,0,0,algumas nuvens,25.71,-23.6753,-46.7485,2023-11-15 17:46:50,falso,749.82,M' Boi Mirin,0,0,2.80138683319092
-46.7485,-23.6753,2671,22.07,86,1012,,0,0,nublado,19.62,-23.6753,-46.7485,2023-11-15 03:54:12,falso,749.82,M' Boi Mirin,0,0,2.80138683319092
-46.7485,-23.6753,2672,30.7,74,1008,,0,4,céu limpo,25.53,-23.6753,-46.7485,2023-11-16 18:17:02,falso,749.82,M' Boi Mirin,0,0.68,2.80138683319092
-46.7485,-23.6753,2673,21.83,83,1010,,0,0,nublado,18.81,-23.6753,-46.7485,2023-11-16 01:56:48,falso,749.82,M' Boi Mirin,0,0,2.80138683319092
-46.7485,-23.6753,2674,29.66,98,1007,,0,3,céu limpo,29.31,-23.6753,-46.7485,2023-11-17 17:59:21,falso,749.82,M' Boi Mirin,0,0.31,2.80138683319092
-46.7485,-23.6753,2675,35.05,51,1008,,0,0,algumas nuvens,23.39,-23.6753,-46.7485,2023-11-17 11:40:54,falso,749.82,M' Boi Mirin,0,0,2.80138683319092
-46.7485,-23.6753,2676,27.27,63,1008,,0,0,céu limpo,19.61,-23.6753,-46.7485,2023-11-18 05:55:26,falso,749.82,M' Boi Mirin,0,0,2.80138683319092
-46.7485,-23.6753,2677,34.63,54,1006,,0.19,1,chuva leve,23.96,-23.6753,-46.7485,2023-11-18 14:44:15,falso,749.82,M' Boi Mirin,0,0.19,2.80138683319092
-46.7485,-23.6753,2678,21.13,96,1016,,0.15,4,chuva leve,20.47,-23.6753,-46.7485,2023-11-19 14:37:47,falso,749.82,M' Boi Mirin,0,1.17,2.80138683319092
-46.7485,-23.6753,2679,20.19,94,1016,,0.55,4,chuva leve,19.19,-23.6753,-46.7485,2023-11-19 17:22:39,falso,749.82,M' Boi Mirin,0,1.12,2.80138683319092
-46.7485,-23.6753,2680,23.84,94,1016,,0.4,4,chuva leve,22.82,-23.6753,-46.7485,2023-11-20 14:21:07,falso,749.82,M' Boi Mirin,0,1.46,2.80138683319092
-46.7485,-23.6753,2681,21.03,86,1017,,0,0,nublado,18.6,-23.6753,-46.7485,2023-11-20 20:51:00,falso,749.82,M' Boi Mirin,0,0,2.80138683319092
-46.7485,-23.6753,2682,21.03,86,1015,,0,0,nublado,18.6,-23.6753,-46.7485,2023-11-21 00:06:53,falso,749.82,M' Boi Mirin,0,0,2.80138683319092
-46.7485,-23.6753,2683,22.58,93,1011,,0,4,nublado,21.39,-23.6753,-46.7485,2023-11-21 19:17:24,falso,749.82,M' Boi Mirin,0,1.1,2.80138683319092
-46.7485,-23.6753,2684,23.66,91,1010,,0,0,nublado,22.1,-23.6753,-46.7485,2023-11-22 02:38:41,falso,749.82,M' Boi Mirin,0,0,2.80138683319092
-46.7485,-23.6753,2685,30.14,71,1009,,3.87,4,chuva moderada,24.3,-23.6753,-46.7485,2023-11-22 16:35:28,falso,749.82,M' Boi Mirin,0,4.35,2.80138683319092
-46.7344,-23.6444,2686,19.22,94,1013,,1.02,4,chuva moderada,18.23,-23.6444,-46.7344,2023-11-01 03:44:49,falso,737.7,M' Boi Mirin,0,3.23,7.88643884658813
-46.7344,-23.6444,2687,20.89,91,1016,,0,0,nublado,19.37,-23.6444,-46.7344,2023-11-01 09:10:03,falso,737.7,M' Boi Mirin,0,0,7.88643884658813
-46.7344,-23.6444,2688,21.43,88,1014,,0.57,4,chuva leve,19.36,-23.6444,-46.7344,2023-11-02 13:48:20,falso,737.7,M' Boi Mirin,0,1.36,7.88643884658813
-46.7344,-23.6444,2689,20.79,76,1016,,0.17,1,chuva leve,16.41,-23.6444,-46.7344,2023-11-02 11:21:34,falso,737.7,M' Boi Mirin,0,0.17,7.88643884658813
-46.7344,-23.6444,2690,30.94,66,1006,,0,3,nuvens dispersas,23.84,-23.6444,-46.7344,2023-11-03 13:14:03,falso,737.7,M' Boi Mirin,0,1.09,7.88643884658813
-46.7344,-23.6444,2691,19.22,90,1009,,0,0,nublado,17.54,-23.6444,-46.7344,2023-11-03 03:33:03,falso,737.7,M' Boi Mirin,0,0,7.88643884658813
-46.7344,-23.6444,2692,20.81,78,1011,,0,0,nuvens dispersas,16.84,-23.6444,-46.7344,2023-11-04 07:36:00,falso,737.7,M' Boi Mirin,0,0,7.88643884658813
-46.7344,-23.6444,2693,25.34,50,1010,,0,0,algumas nuvens,14.18,-23.6444,-46.7344,2023-11-04 11:45:47,falso,737.7,M' Boi Mirin,0,0,7.88643884658813
-46.7344,-23.6444,2694,16.04,86,1019,,0,0,nublado,13.7,-23.6444,-46.7344,2023-11-05 19:34:01,falso,737.7,M' Boi Mirin,0,0,7.88643884658813
-46.7344,-23.6444,2695,18.38,94,1015,,0,0,nuvens dispersas,17.4,-23.6444,-46.7344,2023-11-05 00:43:56,falso,737.7,M' Boi Mirin,0,0,7.88643884658813
-46.7344,-23.6444,2696,21.3,76,1019,,0,0,céu limpo,16.9,-23.6444,-46.7344,2023-11-06 15:36:10,falso,737.7,M' Boi Mirin,0,0,7.88643884658813
-46.7344,-23.6444,2697,19.11,78,1019,,0,0,algumas nuvens,15.19,-23.6444,-46.7344,2023-11-06 17:23:40,falso,737.7,M' Boi Mirin,0,0,7.88643884658813
-46.7344,-23.6444,2698,15.41,83,1020,,0,0,nublado,12.54,-23.6444,-46.7344,2023-11-07 02:57:17,falso,737.7,M' Boi Mirin,0,0,7.88643884658813
-46.7344,-23.6444,2699,14.68,88,1020,,0,0,nublado,12.72,-23.6444,-46.7344,2023-11-07 03:42:00,falso,737.7,M' Boi Mirin,0,0,7.88643884658813
-46.7344,-23.6444,2700,31.52,41,1014,,0,0,nuvens dispersas,16.68,-23.6444,-46.7344,2023-11-08 15:05:20,falso,737.7,M' Boi Mirin,0,0,7.88643884658813
-46.7344,-23.6444,2701,24.82,53,1018,,0,0,céu limpo,14.6,-23.6444,-46.7344,2023-11-08 10:11:22,falso,737.7,M' Boi Mirin,0,0,7.88643884658813
-46.7344,-23.6444,2702,29.69,61,1013,,0.14,2,chuva leve,21.37,-23.6444,-46.7344,2023-11-09 17:19:48,falso,737.7,M' Boi Mirin,0,1.35,7.88643884658813
-46.7344,-23.6444,2703,31.22,50,1014,,0,0,céu limpo,19.56,-23.6444,-46.7344,2023-11-09 11:20:31,falso,737.7,M' Boi Mirin,0,0,7.88643884658813
-46.7344,-23.6444,2704,21.85,90,1016,,0,0,nublado,20.14,-23.6444,-46.7344,2023-11-10 22:43:02,falso,737.7,M' Boi Mirin,0,0,7.88643884658813
-46.7344,-23.6444,2705,20.64,96,1017,,0,0,nublado,19.98,-23.6444,-46.7344,2023-11-10 04:26:53,falso,737.7,M' Boi Mirin,0,0,7.88643884658813
-46.7344,-23.6444,2706,32.99,45,1011,,0,0,céu limpo,19.48,-23.6444,-46.7344,2023-11-11 12:13:32,falso,737.7,M' Boi Mirin,0,0,7.88643884658813
-46.7344,-23.6444,2707,22.92,82,1014,,0,0,céu limpo,19.68,-23.6444,-46.7344,2023-11-11 06:56:44,falso,737.7,M' Boi Mirin,0,0,7.88643884658813
-46.7344,-23.6444,2708,23.13,93,1011,,0,0,nublado,21.94,-23.6444,-46.7344,2023-11-12 04:03:09,falso,737.7,M' Boi Mirin,0,0,7.88643884658813
-46.7344,-23.6444,2709,28.35,44,1010,,0,0,nublado,14.94,-23.6444,-46.7344,2023-11-12 00:40:30,falso,737.7,M' Boi Mirin,0,0,7.88643884658813
-46.7344,-23.6444,2710,29.35,88,1013,,0,0,céu limpo,27.15,-23.6444,-46.7344,2023-11-13 20:25:20,falso,737.7,M' Boi Mirin,0,0,7.88643884658813
-46.7344,-23.6444,2711,33.48,34,1011,,0,0,céu limpo,15.47,-23.6444,-46.7344,2023-11-13 10:07:56,falso,737.7,M' Boi Mirin,0,0,7.88643884658813
-46.7344,-23.6444,2712,27.32,64,1011,,0,0,céu limpo,19.91,-23.6444,-46.7344,2023-11-14 07:04:18,falso,737.7,M' Boi Mirin,0,0,7.88643884658813
-46.7344,-23.6444,2713,25.41,72,1010,,0,0,céu limpo,20,-23.6444,-46.7344,2023-11-14 06:06:44,falso,737.7,M' Boi Mirin,0,0,7.88643884658813
-46.7344,-23.6444,2714,22.16,86,1012,,0,0,nublado,19.71,-23.6444,-46.7344,2023-11-15 03:42:28,falso,737.7,M' Boi Mirin,0,0,7.88643884658813
-46.7344,-23.6444,2715,29.11,79,1013,,0,0,céu limpo,25.09,-23.6444,-46.7344,2023-11-15 09:00:32,falso,737.7,M' Boi Mirin,0,0,7.88643884658813
-46.7344,-23.6444,2716,22.32,80,1010,,0,0,nublado,18.7,-23.6444,-46.7344,2023-11-16 04:06:19,falso,737.7,M' Boi Mirin,0,0,7.88643884658813
-46.7344,-23.6444,2717,22,81,1010,,0,0,nublado,18.59,-23.6444,-46.7344,2023-11-16 02:52:30,falso,737.7,M' Boi Mirin,0,0,7.88643884658813
-46.7344,-23.6444,2718,36.14,54,1007,,0,0,algumas nuvens,25.35,-23.6444,-46.7344,2023-11-17 12:57:23,falso,737.7,M' Boi Mirin,0,0,7.88643884658813
-46.7344,-23.6444,2719,28.11,61,1009,,0,0,céu limpo,19.88,-23.6444,-46.7344,2023-11-17 07:59:48,falso,737.7,M' Boi Mirin,0,0,7.88643884658813
-46.7344,-23.6444,2720,32.48,63,1008,,0,0,céu limpo,24.52,-23.6444,-46.7344,2023-11-18 09:52:18,falso,737.7,M' Boi Mirin,0,0,7.88643884658813
-46.7344,-23.6444,2721,30.87,52,1008,,0,0,céu limpo,19.87,-23.6444,-46.7344,2023-11-18 09:08:20,falso,737.7,M' Boi Mirin,0,0,7.88643884658813
-46.7344,-23.6444,2722,23.21,93,1015,,0.25,4,chuva leve,22.01,-23.6444,-46.7344,2023-11-19 08:16:07,falso,737.7,M' Boi Mirin,0,8.92,7.88643884658813
-46.7344,-23.6444,2723,21.24,88,1015,,0.59,4,chuva leve,19.17,-23.6444,-46.7344,2023-11-19 11:39:47,falso,737.7,M' Boi Mirin,0,7.64,7.88643884658813
-46.7344,-23.6444,2724,21.89,85,1015,,0,4,nublado,19.25,-23.6444,-46.7344,2023-11-20 15:04:55,falso,737.7,M' Boi Mirin,0,1.31,7.88643884658813
-46.7344,-23.6444,2725,21.17,92,1015,,0.11,4,chuva leve,19.82,-23.6444,-46.7344,2023-11-20 16:46:32,falso,737.7,M' Boi Mirin,0,0.66,7.88643884658813
-46.7344,-23.6444,2726,28.5,59,1013,,0,4,nublado,19.71,-23.6444,-46.7344,2023-11-21 12:02:39,falso,737.7,M' Boi Mirin,0,0.69,7.88643884658813
-46.7344,-23.6444,2727,27.24,69,1011,,0.8,1,chuva leve,21.06,-23.6444,-46.7344,2023-11-21 15:09:42,falso,737.7,M' Boi Mirin,0,0.8,7.88643884658813
-46.7344,-23.6444,2728,22.44,89,1011,,0,0,céu limpo,20.54,-23.6444,-46.7344,2023-11-22 05:44:00,falso,737.7,M' Boi Mirin,0,0,7.88643884658813
-46.7344,-23.6444,2729,23.19,85,1011,,0,0,nublado,20.53,-23.6444,-46.7344,2023-11-22 01:28:20,falso,737.7,M' Boi Mirin,0,0,7.88643884658813
-46.543807,-23.590058,2730,20.94,94,1019,,0.64,3,chuva forte,19.94,-23.590058,-46.543807,2024-02-13 22:40:00,verdadeiro,753.01,Vila Prudente,24.9,2.19,0.928036212921143
-46.577839,-23.554795,2731,21.07,94,1019,,0.64,3,trovoada com chuva forte,20.07,-23.554795,-46.577839,2024-02-13 22:44:00,verdadeiro,737.54,Vila Prudente,24.9,2.19,3.10994267463684
-46.705544,-23.510702,2732,21.95,91,1017,,0.86,4,chuva leve,20.41,-23.510702,-46.705544,2024-02-14 07:37:00,verdadeiro,722.26,Mooca,15.9,4.4,2.70389485359192
-46.577524,-23.555753,2733,18.95,92,1011,,0.29,4,trovoada com chuva,17.62,-23.555753,-46.577524,2024-02-18 16:00:00,verdadeiro,737.4,Mooca,36.9,4.57,5.64620971679688
-46.571349,-23.556214,2734,18.57,94,1011,,0.29,4,trovoada com chuva,17.59,-23.556214,-46.571349,2024-02-18 16:19:00,verdadeiro,746.77,Mooca,36.9,4.57,8.49404048919678
-46.602267,-23.547474,2735,19.04,92,1011,,0.29,4,trovoada com chuva,17.71,-23.547474,-46.602267,2024-02-18 16:24:00,verdadeiro,737.7,Mooca,36.9,4.57,2.64366388320923
-46.564186,-23.544088,2736,18.75,93,1011,,0,4,trovoada com chuva,17.59,-23.544088,-46.564186,2024-02-18 16:30:00,verdadeiro,757.25,Mooca,36.9,4.05,5.56083726882935
-46.56949,-23.539002,2737,18.86,93,1011,,0,4,névoa,17.7,-23.539002,-46.56949,2024-02-18 16:30:00,verdadeiro,741.7,Mooca,36.9,4.05,4.05208683013916
-46.568789,-23.545939,2738,18.8,92,1011,,0,4,trovoada com chuva,17.47,-23.545939,-46.568789,2024-02-18 16:30:00,verdadeiro,763.14,Mooca,36.9,4.05,7.69770812988281
-46.575573,-23.545023,2739,18.84,92,1011,,0,4,trovoada com chuva,17.51,-23.545023,-46.575573,2024-02-18 16:30:00,verdadeiro,753.64,Mooca,36.9,4.05,5.71170616149902
-46.529513,-23.553206,2740,18.86,94,1011,,0,4,trovoada com chuva,17.87,-23.553206,-46.529513,2024-02-18 16:30:00,verdadeiro,736.17,Mooca,36.9,4.05,2.70389485359192
-46.582698,-23.535098,2741,19,93,1011,,0,4,trovoada com chuva,17.84,-23.535098,-46.582698,2024-02-18 16:30:00,verdadeiro,726.42,Mooca,36.9,4.05,1.35270059108734
-46.59427,-23.544771,2742,23.15,85,1007,,4.41,3,trovoada com chuva fraca,20.49,-23.544771,-46.59427,2024-02-21 15:10:00,verdadeiro,740.65,Mooca,27,5.75,3.22837400436401
-46.601312,-23.554982,2743,23.22,86,1007,,4.41,3,trovoada com chuva fraca,20.75,-23.554982,-46.601312,2024-02-21 15:22:00,verdadeiro,745,Mooca,27,5.75,3.48386597633362
-46.598105,-23.528984,2744,23.02,87,1007,,4.41,3,trovoada com chuva fraca,20.74,-23.528984,-46.598105,2024-02-21 15:29:00,verdadeiro,724.06,Mooca,27,5.75,0.328135460615158
-46.60019,-23.551166,2745,22.28,92,1008,,2.96,4,chuva moderada,20.92,-23.551166,-46.60019,2024-02-21 15:31:00,verdadeiro,738.87,Mooca,27,8.71,1.67271196842194
-46.58706,-23.542982,2746,25.48,73,1014,,0.3,4,trovoadas,20.29,-23.542982,-46.58706,2024-02-23 16:50:00,verdadeiro,743.91,Mooca,16.1,1.1,1.35270059108734
-46.556653,-23.542853,2747,24.84,69,1015,,0,3,trovoadas,18.77,-23.542853,-46.556653,2024-02-23 17:30:00,verdadeiro,745.06,Mooca,16.1,0.8,1.03755331039429
-46.562946,-23.547972,2748,24.53,70,1015,,0,3,trovoada com chuva fraca,18.7,-23.547972,-46.562946,2024-02-23 17:42:00,verdadeiro,776.22,Mooca,16.1,0.8,4.39381408691406
-46.54021,-23.533172,2749,21.06,99,1018,,0.19,4,chuva leve,20.9,-23.533172,-46.54021,2024-02-14 02:20:00,verdadeiro,736.05,Penha,19.7,1.05,2.49744963645935
-46.552911,-23.530471,2750,21.14,100,1018,,0.19,4,chuva leve,21.14,-23.530471,-46.552911,2024-02-14 02:02:00,verdadeiro,726.98,Penha,19.7,1.05,1.03755331039429
-46.475249,-23.543288,2751,18.85,97,1011,,0,4,nublado,18.36,-23.543288,-46.475249,2024-02-18 18:33:00,verdadeiro,779.39,Penha,57.5,0.29,3.9314866065979
-46.478103,-23.538016,2752,20.65,94,1009,,0.14,4,chuva leve,19.65,-23.538016,-46.478103,2024-02-21 17:39:00,verdadeiro,810.92,Penha,13.3,7.9,2.64366388320923
-46.515185,-23.528646,2753,24.91,71,1014,,0.3,4,trovoadas,19.29,-23.528646,-46.515185,2024-02-23 17:25:00,verdadeiro,744.16,Penha,28.1,1.1,1.67271196842194
-46.515341,-23.528636,2754,24.91,71,1014,,0.3,4,trovoadas,19.29,-23.528636,-46.515341,2024-02-23 17:25:00,verdadeiro,744.28,Penha,28.1,1.1,1.67271196842194
-46.56954,-23.582489,2755,21.41,94,1018,,0,4,chuva forte,20.4,-23.582489,-46.56954,2024-02-14 01:01:00,verdadeiro,740.76,Vila Prudente,16.5,23.24,1.64024698734283
-46.569011,-23.557326,2756,18.23,92,1011,,0,4,chuva leve,16.91,-23.557326,-46.569011,2024-02-18 16:38:00,verdadeiro,751.78,Aricanduva/ Vila Formosa,35.3,4.05,9.69570732116699
-46.569168,-23.558577,2757,25.61,74,1014,,0.3,4,trovoadas,20.63,-23.558577,-46.569168,2024-02-23 16:48:00,verdadeiro,738,Aricanduva/ Vila Formosa,18.2,1.1,1.35270059108734
-46.548587,-23.563883,2758,25.39,74,1014,,0.3,4,trovoadas,20.42,-23.563883,-46.548587,2024-02-23 16:50:00,verdadeiro,794.37,Aricanduva/ Vila Formosa,18.2,1.1,1.64024698734283
-46.508709,-23.563425,2759,24.92,71,1014,,0.3,4,trovoadas,19.3,-23.563425,-46.508709,2024-02-23 17:04:00,verdadeiro,733.14,Aricanduva/ Vila Formosa,18.2,1.1,0.464048534631729
-46.456423,-23.537501,2760,21.26,94,1011,,0,4,trovoada com chuva fraca,20.26,-23.537501,-46.456423,2024-02-18 16:31:00,verdadeiro,748.08,Itaquera,26.8,4.05,3.54483652114868
-46.427229,-23.55212,2761,21.7,94,1011,,0,4,nublado,20.69,-23.55212,-46.427229,2024-02-18 16:33:00,verdadeiro,773.87,Itaquera,26.8,4.05,5.27611875534058
-46.4441,-23.52259,2762,24.79,72,1009,,1.03,3,chuva moderada,19.4,-23.52259,-46.4441,2024-02-20 12:03:00,verdadeiro,783.84,Itaquera,19.1,1.36,4.59576940536499
-46.457288,-23.541114,2763,22.65,94,1007,,0.96,4,chuva moderada,21.63,-23.541114,-46.457288,2024-02-20 14:51:00,verdadeiro,747.69,Itaquera,19.1,4.78,4.63047933578491
-46.456727,-23.540322,2764,22.65,94,1007,,0.96,4,chuva moderada,21.63,-23.540322,-46.456727,2024-02-20 15:02:00,verdadeiro,750.23,Itaquera,19.1,4.78,5.41548299789429
-46.457329,-23.540997,2765,23.28,94,1008,,2.96,4,chuva moderada,22.26,-23.540997,-46.457329,2024-02-21 15:55:00,verdadeiro,748.89,Itaquera,21.4,8.71,4.63047933578491
-46.508934,-23.563504,2766,25.32,73,1008,,0.64,4,chuva leve,20.13,-23.563504,-46.508934,2024-02-21 13:55:00,verdadeiro,736.02,São Mateus,23.2,1.52,2.07442665100098
-46.743091,-23.595979,2767,23.53,93,1018,,4.57,3,chuva forte,22.33,-23.595979,-46.743091,2024-02-13 22:25:00,verdadeiro,743.74,Butantã,46,5.46,1.99518501758575
-46.687059,-23.528346,2768,21.25,96,1019,,14.99,4,chuva forte,20.59,-23.528346,-46.687059,2024-02-13 23:52:00,verdadeiro,735.58,Butantã,46,25.07,2.2001416683197
-46.729338,-23.586745,2769,20.36,83,1011,,1.17,4,trovoada com chuva forte,17.38,-23.586745,-46.729338,2024-02-18 15:32:00,verdadeiro,733.91,Butantã,45.8,6.59,3.66370439529419
-46.721614,-23.591936,2770,20.3,83,1011,,2.79,4,chuva moderada,17.32,-23.591936,-46.721614,2024-02-18 15:34:00,verdadeiro,732.35,Butantã,45.8,8.21,0.733701109886169
-46.710537,-23.578634,2771,22.03,95,1009,,36.58,4,garoa de leve intensidade,21.19,-23.578634,-46.710537,2024-02-21 17:01:00,verdadeiro,731.11,Butantã,42.2,43.62,2.64366388320923
-46.713395,-23.568646,2772,27.13,88,1012,,22.61,4,trovoada com chuva forte,24.97,-23.568646,-46.713395,2024-02-28 15:44:00,verdadeiro,721.73,Butantã,22.6,49.41,6.86567735671997
-46.737862,-23.593911,2773,25.33,86,1012,,0.21,4,trovoada com chuva forte,22.82,-23.593911,-46.737862,2024-02-28 15:46:00,verdadeiro,734.05,Butantã,22.6,27.01,3.9314866065979
-46.674406,-23.519008,2774,21.39,95,1019,,6.6,4,chuva forte,20.56,-23.519008,-46.674406,2024-02-14 00:09:00,verdadeiro,720.1,Lapa,23.2,29.85,2.64366388320923
-46.674231,-23.519314,2775,24.98,73,1011,,4.41,4,trovoada com chuva forte,19.81,-23.519314,-46.674231,2024-02-18 15:11:00,verdadeiro,720.58,Lapa,33.6,5.77,1.35270059108734
-46.676534,-23.518737,2776,24.98,74,1011,,4.41,4,trovoada com chuva forte,20.02,-23.518737,-46.676534,2024-02-18 15:25:00,verdadeiro,720.24,Lapa,33.6,5.77,4.36943054199219
-46.673192,-23.526555,2777,18.95,94,1011,,1.17,4,trovoada com chuva,17.96,-23.526555,-46.673192,2024-02-18 15:40:00,verdadeiro,725.46,Lapa,33.6,6.59,4.40595388412476
-46.709606,-23.520006,2778,22.5,88,1011,,1.17,4,trovoada com chuva forte,20.41,-23.520006,-46.709606,2024-02-18 16:00:00,verdadeiro,727.07,Lapa,33.6,6.59,4.91003084182739
-46.68643,-23.532134,2779,22.3,90,1006,,1.35,4,trovoada com chuva fraca,20.58,-23.532134,-46.68643,2024-02-20 14:08:00,verdadeiro,758.59,Lapa,10.7,3.6,5.89472436904907
-46.682421,-23.527645,2780,22.16,91,1007,,11.94,4,trovoada com chuva fraca,20.62,-23.527645,-46.682421,2024-02-20 14:30:00,verdadeiro,729.72,Lapa,10.7,15.39,5.44487190246582
-46.690598,-23.515012,2781,21.6,95,1009,,4.57,4,chuva forte,20.76,-23.515012,-46.690598,2024-02-21 17:39:00,verdadeiro,720.89,Lapa,28.5,7.71,2.62327790260315
-46.674188,-23.519255,2782,21.19,95,1010,,2.79,4,chuva moderada,20.36,-23.519255,-46.674188,2024-02-21 18:32:00,verdadeiro,720.7,Lapa,28.5,24.82,1.91265225410461
-46.690002,-23.509813,2783,21.24,95,1010,,0.15,4,chuva leve,20.41,-23.509813,-46.690002,2024-02-21 19:06:00,verdadeiro,719.57,Lapa,28.5,21.05,6.94215965270996
-46.674145,-23.519284,2784,26.02,78,1017,,4.02,4,trovoada com chuva,21.89,-23.519284,-46.674145,2024-02-24 13:35:00,verdadeiro,720.46,Lapa,3.7,4.77,1.91265225410461
-46.67501,-23.518914,2785,26.02,78,1017,,4.02,4,trovoada com chuva,21.89,-23.518914,-46.67501,2024-02-24 13:37:00,verdadeiro,719.88,Lapa,3.7,4.77,6.02824258804321
-46.689821,-23.552374,2786,24.73,80,1011,,4.41,4,chuva forte,21.05,-23.552374,-46.689821,2024-02-18 15:18:00,verdadeiro,785.78,Pinheiros,46.2,5.77,8.84337615966797
-46.702397,-23.534116,2787,24.77,82,1011,,1.17,4,trovoada com chuva forte,21.49,-23.534116,-46.702397,2024-02-18 15:30:00,verdadeiro,741.77,Pinheiros,46.2,6.59,3.83503150939941
-46.680818,-23.565027,2788,22.34,88,1011,,1.17,4,chuva moderada,20.26,-23.565027,-46.680818,2024-02-18 15:50:00,verdadeiro,743.84,Pinheiros,46.2,23.77,7.85308599472046
-46.687238,-23.559566,2789,22.27,88,1011,,1.17,4,trovoada com chuva forte,20.19,-23.559566,-46.687238,2024-02-18 15:50:00,verdadeiro,747.51,Pinheiros,46.2,23.77,3.22837400436401
-46.690479,-23.587876,2790,22.98,89,1006,,1.35,4,trovoada com chuva,21.07,-23.587876,-46.690479,2024-02-20 14:16:00,verdadeiro,719.8,Pinheiros,16.5,11.07,2.80138683319092
-46.681032,-23.559068,2791,22.21,85,1006,,1.35,4,trovoada com chuva fraca,19.57,-23.559068,-46.681032,2024-02-20 14:22:00,verdadeiro,764.47,Pinheiros,16.5,15.39,5.92167568206787
-46.694181,-23.578568,2792,21.84,92,1007,,2.79,4,trovoada com chuva fraca,20.48,-23.578568,-46.694181,2024-02-20 14:35:00,verdadeiro,721.56,Pinheiros,16.5,6.24,7.51100444793701
-46.655118,-23.567012,2793,21.84,88,1018,,3.63,4,trovoada com chuva,19.76,-23.567012,-46.655118,2024-02-24 14:41:00,verdadeiro,794.3,Pinheiros,10.3,8.24,10.6686944961548
-46.686735,-23.587336,2794,25.4,88,1012,,0.21,4,trovoadas,23.27,-23.587336,-46.686735,2024-02-28 16:05:00,verdadeiro,723.02,Pinheiros,10.3,13.32,4.56079053878784
-46.682645,-23.517059,2795,27.96,66,1010,,1.75,3,chuva moderada,21.02,-23.517059,-46.682645,2024-01-08 16:13:00,verdadeiro,723.03,Lapa,21.9,3.29,1.03755331039429
-46.673781,-23.519668,2796,27.95,66,1010,,1.75,3,chuva moderada,21.01,-23.519668,-46.673781,2024-01-08 16:14:00,verdadeiro,720.48,Lapa,21.9,3.29,1.18295407295227
-46.697234,-23.597539,2797,24.92,83,1013,,0.49,4,chuva leve,21.83,-23.597539,-46.697234,2024-01-10 18:28:00,verdadeiro,726.94,Butantã,32.7,2.29,3.37449097633362
-46.674158,-23.519545,2798,23.61,93,1013,,0,3,trovoada com chuva fraca,22.41,-23.519545,-46.674158,2024-01-10 18:50:00,verdadeiro,720.25,Lapa,33.6,2.08,1.35270059108734
-46.747058,-23.50683,2799,22.96,93,1013,,0,3,trovoada com chuva fraca,21.77,-23.50683,-46.747058,2024-01-10 18:56:00,verdadeiro,728.23,Lapa,33.6,2.08,10.1440544128418
-46.701987,-23.524154,2800,22.92,93,1013,,0,3,trovoada com chuva fraca,21.73,-23.524154,-46.701987,2024-01-10 19:10:00,verdadeiro,726.92,Lapa,33.6,2.08,2.82047843933105
-46.708166,-23.523597,2801,23.33,92,1014,,0,4,nublado,21.96,-23.523597,-46.708166,2024-01-10 19:42:00,verdadeiro,739.04,Lapa,33.6,2.08,1.99518501758575
-46.726628,-23.515366,2802,23.47,92,1014,,0,4,nublado,22.09,-23.515366,-46.726628,2024-01-10 19:43:00,verdadeiro,717.76,Lapa,33.6,2.08,4.95326805114746
-46.686769,-23.532642,2803,21.07,95,1016,,0,4,trovoada com chuva,20.24,-23.532642,-46.686769,2024-01-10 21:47:00,verdadeiro,763.31,Lapa,33.6,39.37,4.58413982391357
-46.674903,-23.539122,2804,21.16,95,1016,,29.97,1,chuva muito forte,20.33,-23.539122,-46.674903,2024-01-10 21:52:00,verdadeiro,745.88,Lapa,33.6,29.97,0.733701109886169
-46.728795,-23.540733,2805,23.14,92,1013,,0,3,trovoada com chuva fraca,21.77,-23.540733,-46.728795,2024-01-10 19:09:00,verdadeiro,720.4,Pinheiros,50.8,2.08,0.984320282936096
-46.690813,-23.587436,2806,22.49,91,1015,,1.78,4,chuva moderada,20.95,-23.587436,-46.690813,2024-01-11 00:29:00,verdadeiro,718.57,Pinheiros,1.6,16.39,2.07442665100098
-46.673848,-23.519609,2807,24.66,77,1014,,0.29,4,chuva leve,20.36,-23.519609,-46.673848,2024-01-12 09:38:00,verdadeiro,720.46,Lapa,50.6,0.66,1.18295407295227
-46.697283,-23.597539,2808,21.38,94,1015,,2.79,4,chuva moderada,20.37,-23.597539,-46.697283,2024-01-13 01:37:00,verdadeiro,726.96,Butantã,10.4,16.25,3.37449097633362
-46.694644,-23.604664,2809,21.33,95,1015,,2.79,4,chuva moderada,20.5,-23.604664,-46.694644,2024-01-13 02:25:00,verdadeiro,724.55,Pinheiros,60.7,14.86,5.3263201713562
-46.697704,-23.609501,2810,22.1,91,1017,,0,4,névoa,20.56,-23.609501,-46.697704,2024-01-13 09:21:00,verdadeiro,723.21,Pinheiros,60.7,0.38,6.81936025619507
-46.734274,-23.546817,2811,21.98,85,1013,,0.86,3,chuva leve,19.34,-23.546817,-46.734274,2024-01-19 06:03:00,verdadeiro,717.75,Butantã,6,1.51,2.36490035057068
-46.738509,-23.596127,2812,22.18,94,1014,,1.02,4,chuva moderada,21.17,-23.596127,-46.738509,2024-01-21 18:21:00,verdadeiro,740.57,Butantã,0.7,28.95,5.12249660491943
-46.656181,-23.56342,2813,18.26,85,1016,,0,3,nublado,15.7,-23.56342,-46.656181,2024-01-26 08:03:00,verdadeiro,807.03,Pinheiros,1.1,0.12,10.1948051452637
-46.726649,-23.515445,2814,21.88,89,1013,,0.22,2,chuva leve,19.99,-23.515445,-46.726649,2024-01-27 17:11:00,verdadeiro,718.29,Lapa,5.3,2,5.3263201713562
-46.726649,-23.515445,2815,21.6,90,1013,,0,3,nuvens dispersas,19.89,-23.515445,-46.726649,2024-01-27 18:09:00,verdadeiro,718.29,Lapa,5.3,2,5.3263201713562
-46.742158,-23.516802,2816,21.66,84,1016,,0.26,3,chuva leve,18.84,-23.516802,-46.742158,2024-01-28 13:01:00,verdadeiro,719.92,Lapa,15.5,0.93,1.39190220832825
-46.681105,-23.559921,2817,21.11,83,1017,,0.14,1,chuva leve,18.11,-23.559921,-46.681105,2024-01-28 10:41:00,verdadeiro,757.22,Pinheiros,20.3,0.14,1.03755331039429
-46.686024,-23.556005,2818,16.64,88,1017,,0.14,1,chuva leve,14.65,-23.556005,-46.686024,2024-01-28 10:47:00,verdadeiro,753.31,Pinheiros,20.3,0.14,3.94507098197937
-46.739805,-23.594163,2819,19.03,95,1015,,11.94,1,chuva forte,18.21,-23.594163,-46.739805,2023-12-10 22:03:00,verdadeiro,740.37,Butantã,37.6,11.94,3.37449097633362
-46.694894,-23.600757,2820,18.81,98,1015,,12.7,2,chuva forte,18.49,-23.600757,-46.694894,2023-12-10 22:19:00,verdadeiro,722.2,Pinheiros,28.2,14.61,15.0165367126465
-46.694604,-23.524937,2821,28.95,71,1013,,0,3,nublado,23.16,-23.524937,-46.694604,2023-12-17 13:53:00,verdadeiro,736.96,Lapa,11.2,1.44,2.07442665100098
-46.695894,-23.526034,2822,30.8,50,1013,,0,3,nublado,19.18,-23.526034,-46.695894,2023-12-17 14:02:00,verdadeiro,742.12,Lapa,11.2,1.44,5.56083726882935
-46.653605,-23.517449,2823,21.47,89,1012,,0,4,algumas nuvens,19.58,-23.517449,-46.653605,2023-12-23 19:00:00,verdadeiro,719.87,Lapa,6.5,1.99,5.12249660491943
-46.456784,-23.536876,2824,18.83,96,1015,,0,0,trovoada com chuva,18.18,-23.536876,-46.456784,2023-12-10 21:37:00,verdadeiro,744.08,Itaquera,29.3,0,1.7665228843689
-46.558991,-23.52275,2825,23,88,1013,,2.23,4,chuva moderada,20.91,-23.52275,-46.558991,2023-12-23 17:12:00,verdadeiro,720.6,Aricanduva/ Vila Formosa,54.1,4.76,2.64366388320923
-46.517208,-23.555634,2826,22.66,89,1013,,2.23,4,chuva moderada,20.75,-23.555634,-46.517208,2023-12-23 17:27:00,verdadeiro,733.98,Aricanduva/ Vila Formosa,54.1,4.76,1.67271196842194
-46.544852,-23.541323,2827,22.93,88,1013,,0,3,chuva leve,20.84,-23.541323,-46.544852,2023-12-23 17:30:00,verdadeiro,730.07,Aricanduva/ Vila Formosa,54.1,4.06,1.96805989742279
-46.497268,-23.563072,2828,18.57,100,1013,,0,3,trovoada com chuva fraca,18.57,-23.563072,-46.497268,2023-12-23 17:40:00,verdadeiro,760.71,Aricanduva/ Vila Formosa,54.1,4.06,3.54483652114868
-46.542996,-23.539798,2829,19.03,100,1013,,0,3,trovoada com chuva fraca,19.03,-23.539798,-46.542996,2023-12-23 17:54:00,verdadeiro,728.38,Aricanduva/ Vila Formosa,54.1,4.06,1.39190220832825
-46.531314,-23.543965,2830,21.09,90,1013,,0,0,algumas nuvens,19.39,-23.543965,-46.531314,2023-12-23 20:55:00,verdadeiro,730.87,Aricanduva/ Vila Formosa,54.1,0,2.10017395019531
-46.456805,-23.536894,2831,21.99,88,1013,,0,3,trovoada com chuva forte,19.91,-23.536894,-46.456805,2023-12-23 17:35:00,verdadeiro,744.08,Itaquera,45.9,4.06,1.7665228843689
-46.459078,-23.541041,2832,21.73,100,1013,,0,3,trovoada com chuva forte,21.73,-23.541041,-46.459078,2023-12-23 17:48:00,verdadeiro,749.97,Itaquera,45.9,4.06,3.54483652114868
-46.453689,-23.532722,2833,21.67,92,1013,,0,4,trovoada com chuva fraca,20.31,-23.532722,-46.453689,2023-12-23 18:56:00,verdadeiro,743.06,Itaquera,45.9,4.06,0.464048534631729
-46.593627,-23.544604,2834,21.84,91,1013,,2.23,4,chuva moderada,20.3,-23.544604,-46.593627,2023-12-23 17:27:00,verdadeiro,740.5,Mooca,51.2,4.76,4.14342880249023
-46.512868,-23.540896,2835,19.51,100,1013,,0,3,trovoada com chuva forte,19.51,-23.540896,-46.512868,2023-12-23 18:00:00,verdadeiro,745.05,Penha,43.3,4.06,0.464048534631729
-46.543743,-23.590304,2836,21.34,89,1013,,2.23,4,chuva moderada,19.45,-23.590304,-46.543743,2023-12-23 17:14:00,verdadeiro,753.47,Vila Prudente,52.6,4.76,0.984320282936096
-46.577652,-23.556628,2837,21.4,90,1013,,0,4,algumas nuvens,19.69,-23.556628,-46.577652,2023-12-23 19:40:00,verdadeiro,736.14,Vila Prudente,52.6,2.23,1.64024698734283
-46.523921,-23.546292,2838,21.56,90,1015,,0,0,nublado,19.85,-23.546292,-46.523921,2023-12-24 07:10:00,verdadeiro,747.92,Aricanduva/ Vila Formosa,0.1,0,5.48380661010742
-46.491851,-23.535775,2839,19.74,93,1013,,0,0,nuvens dispersas,18.58,-23.535775,-46.491851,2023-12-24 00:44:00,verdadeiro,786.13,Itaquera,0,0,3.37449097633362
-46.540403,-23.533467,2840,21.45,87,1013,,0,0,nublado,19.2,-23.533467,-46.540403,2023-12-24 04:26:00,verdadeiro,739.03,Penha,0.1,0,7.1885552406311
-46.444796,-23.59556,2841,21.75,100,1015,,0,0,nuvens dispersas,21.75,-23.59556,-46.444796,2023-12-24 06:56:00,verdadeiro,772.03,São Mateus,0.1,0,6.56660985946655
-46.455835,-23.515021,2842,26.06,83,1010,,0.61,4,chuva leve,22.95,-23.515021,-46.455835,2024-01-08 16:56:00,verdadeiro,736.29,Ermelino Matarazzo,20.4,3.34,1.96805989742279
-46.472965,-23.55278,2843,28,61,1010,,1.95,4,chuva moderada,19.78,-23.55278,-46.472965,2024-01-08 15:56:00,verdadeiro,796.21,Itaquera,18.3,2.83,3.29412221908569
-46.404876,-23.491466,2844,25.98,68,1010,,0.61,4,chuva leve,19.62,-23.491466,-46.404876,2024-01-08 16:30:00,verdadeiro,730.57,São Miguel Paulista,28.3,3.34,1.7665228843689
-46.558896,-23.560946,2845,21.13,83,1012,,0.13,4,chuva leve,18.13,-23.560946,-46.558896,2024-01-09 18:03:00,verdadeiro,762.58,Aricanduva/ Vila Formosa,8.2,2.03,5.96631669998169
-46.444619,-23.597341,2846,22.62,94,1016,,0,0,trovoada com chuva fraca,21.6,-23.597341,-46.444619,2024-01-10 21:33:00,verdadeiro,770.88,Itaquera,19.1,0,2.9506402015686
-46.44373,-23.515411,2847,21.62,92,1014,,0,0,céu limpo,20.26,-23.515411,-46.44373,2024-01-11 06:03:00,verdadeiro,776.15,Itaquera,0.7,0,4.91003084182739
-46.540425,-23.533496,2848,21.45,94,1013,,0,0,nublado,20.44,-23.533496,-46.540425,2024-01-11 03:02:00,verdadeiro,739.18,Penha,0.8,0,10.087908744812
-46.548295,-23.564257,2849,21.07,96,1013,,0.14,4,chuva leve,20.41,-23.564257,-46.548295,2024-01-12 19:16:00,verdadeiro,793.14,Aricanduva/ Vila Formosa,41,0.81,4.54907035827637
-46.540554,-23.533457,2850,21.17,96,1013,,0.14,4,chuva leve,20.51,-23.533457,-46.540554,2024-01-12 19:22:00,verdadeiro,739.38,Penha,43.5,0.81,6.01061630249023
-46.543684,-23.590415,2851,21.18,97,1013,,0.14,4,chuva leve,20.68,-23.590415,-46.543684,2024-01-12 18:46:00,verdadeiro,753.84,Vila Prudente,48.9,0.81,0.984320282936096
-46.572069,-23.579959,2852,21.63,95,1013,,4.06,4,chuva forte,20.79,-23.579959,-46.572069,2024-01-12 18:47:00,verdadeiro,740.12,Vila Prudente,48.9,4.73,2.2001416683197
-46.543612,-23.590485,2853,21.49,95,1013,,0.14,4,chuva leve,20.66,-23.590485,-46.543612,2024-01-12 18:48:00,verdadeiro,753.93,Vila Prudente,48.9,0.81,1.7665228843689
-46.589309,-23.5888,2854,21.76,95,1013,,4.06,4,chuva forte,20.92,-23.5888,-46.589309,2024-01-12 18:50:00,verdadeiro,729.04,Vila Prudente,48.9,4.73,2.49744963645935
-46.540328,-23.533428,2855,21.04,99,1014,,0.29,4,chuva leve,20.88,-23.533428,-46.540328,2024-01-13 03:04:00,verdadeiro,738.74,Penha,4.4,7.64,7.1885552406311
-46.508677,-23.563838,2856,24.37,76,1015,,2.2,2,chuva moderada,19.87,-23.563838,-46.508677,2024-01-17 16:51:00,verdadeiro,736.13,Aricanduva/ Vila Formosa,27.7,2.46,1.91265225410461
-46.540354,-23.533418,2857,24.12,78,1015,,2.2,2,chuva moderada,20.04,-23.533418,-46.540354,2024-01-17 16:53:00,verdadeiro,738.79,Aricanduva/ Vila Formosa,27.7,2.46,7.1885552406311
-46.458208,-23.542084,2858,29.28,67,1013,,0.26,1,chuva leve,22.52,-23.542084,-46.458208,2024-01-17 16:18:00,verdadeiro,748.91,Itaquera,23.4,0.26,3.29412221908569
-46.456684,-23.537464,2859,29.26,67,1013,,0.26,1,chuva leve,22.5,-23.537464,-46.456684,2024-01-17 16:23:00,verdadeiro,745.52,Itaquera,23.4,0.26,3.99894142150879
-46.458903,-23.542734,2860,29.29,67,1013,,0.26,1,chuva leve,22.53,-23.542734,-46.458903,2024-01-17 16:25:00,verdadeiro,747.81,Itaquera,23.4,0.26,1.91265225410461
-46.469259,-23.546399,2861,26.39,69,1015,,2.2,2,chuva moderada,20.25,-23.546399,-46.469259,2024-01-17 16:47:00,verdadeiro,778.77,Itaquera,23.4,2.46,6.02824258804321
-46.455563,-23.51558,2862,25.59,92,1015,,1.2,3,chuva moderada,24.19,-23.51558,-46.455563,2024-01-17 17:33:00,verdadeiro,737.27,Itaquera,23.4,3.66,3.37449097633362
-46.491915,-23.535775,2863,27.65,68,1013,,0.26,1,chuva leve,21.21,-23.535775,-46.491915,2024-01-17 16:22:00,verdadeiro,786.04,Penha,20.5,0.26,3.37449097633362
-46.493977,-23.523541,2864,26.38,69,1015,,2.2,2,chuva moderada,20.24,-23.523541,-46.493977,2024-01-17 16:31:00,verdadeiro,755.9,Penha,20.5,2.46,1.91265225410461
-46.481103,-23.546549,2865,24.46,73,1015,,2.2,2,chuva moderada,19.31,-23.546549,-46.481103,2024-01-17 17:00:00,verdadeiro,794.48,Penha,20.5,2.46,1.46716165542603
-46.46928,-23.546438,2866,24.79,69,1012,,0.36,4,chuva leve,18.72,-23.546438,-46.46928,2024-01-18 16:30:00,verdadeiro,778.91,Itaquera,6.5,2.28,6.02824258804321
-46.550086,-23.537428,2867,23.95,73,1010,,0,0,trovoadas,18.82,-23.537428,-46.550086,2024-01-19 18:53:00,verdadeiro,728.02,Aricanduva/ Vila Formosa,52.9,0,1.18295407295227
-46.569301,-23.558781,2868,23.82,73,1010,,0,0,trovoadas,18.69,-23.558781,-46.569301,2024-01-19 18:56:00,verdadeiro,736.46,Aricanduva/ Vila Formosa,52.9,0,3.2449369430542
-46.531985,-23.543615,2869,23.93,73,1010,,0,0,trovoadas,18.8,-23.543615,-46.531985,2024-01-19 19:15:00,verdadeiro,730.06,Aricanduva/ Vila Formosa,52.9,0,2.70389485359192
-46.467318,-23.539861,2870,22.3,88,1015,,0,0,trovoada com chuva fraca,20.22,-23.539861,-46.467318,2024-01-19 00:59:00,verdadeiro,776.04,Ermelino Matarazzo,67.7,0,6.86567735671997
-46.452784,-23.535694,2871,22.34,88,1015,,0,0,trovoada com chuva fraca,20.26,-23.535694,-46.452784,2024-01-19 01:02:00,verdadeiro,746.35,Ermelino Matarazzo,67.7,0,2.93240189552307
-46.443794,-23.515234,2872,25.99,65,1014,,0.28,4,chuva leve,18.9,-23.515234,-46.443794,2024-01-19 11:23:00,verdadeiro,775.83,Ermelino Matarazzo,67.7,1.24,6.31176090240479
-46.458087,-23.541985,2873,23.62,96,1013,,0,0,trovoada com chuva forte,22.94,-23.541985,-46.458087,2024-01-19 20:31:00,verdadeiro,748.41,Itaquera,36.2,0,3.02248573303223
-46.51995,-23.537087,2874,23.77,73,1010,,0,0,trovoadas,18.64,-23.537087,-46.51995,2024-01-19 19:25:00,verdadeiro,743.41,Penha,71.4,0,5.92167568206787
-46.540576,-23.533535,2875,23.86,73,1010,,0,0,trovoadas,18.73,-23.533535,-46.540576,2024-01-19 19:28:00,verdadeiro,739.86,Penha,71.4,0,10.087908744812
-46.577524,-23.555999,2876,23.86,77,1010,,0,0,trovoadas,19.58,-23.555999,-46.577524,2024-01-19 19:06:00,verdadeiro,735.86,Vila Prudente,49.8,0,3.48386597633362
-46.544002,-23.589928,2877,22.73,78,1012,,0,0,trovoada com chuva forte,18.7,-23.589928,-46.544002,2024-01-19 19:43:00,verdadeiro,753.24,Vila Prudente,49.8,0,0.928036212921143
-46.558906,-23.523714,2878,23.26,84,1012,,0,0,nublado,20.41,-23.523714,-46.558906,2024-01-20 01:26:00,verdadeiro,721.32,Mooca,35.4,0,3.2449369430542
-46.491806,-23.53576,2879,22.7,84,1012,,0,0,nublado,19.86,-23.53576,-46.491806,2024-01-20 00:18:00,verdadeiro,786.31,Penha,17.2,0,3.37449097633362
-46.476886,-23.547734,2880,23.64,65,1013,,0.25,2,chuva leve,16.68,-23.547734,-46.476886,2024-01-24 12:53:00,verdadeiro,804.41,Penha,0.4,0.37,13.4842109680176
-46.476896,-23.547695,2881,16.34,95,1014,,0,0,nublado,15.54,-23.547695,-46.476896,2024-01-26 04:00:00,verdadeiro,804.55,Ermelino Matarazzo,0,0,13.4842109680176
-46.458256,-23.542121,2882,25.43,57,1013,,0,3,nublado,16.3,-23.542121,-46.458256,2024-01-27 15:23:00,verdadeiro,748.78,Itaquera,8.2,0.23,3.29412221908569
-46.476907,-23.547705,2883,20.73,87,1013,,0,2,nublado,18.49,-23.547705,-46.476907,2024-01-27 16:41:00,verdadeiro,804.6,Penha,5.9,0.27,13.4842109680176
-46.569478,-23.558734,2884,18.56,80,1014,,1.61,4,chuva moderada,15.05,-23.558734,-46.569478,2024-01-31 15:54:00,verdadeiro,736.49,Aricanduva/ Vila Formosa,23.3,4.86,2.31902623176575
-46.458073,-23.541934,2885,23.17,68,1014,,1.61,4,chuva moderada,16.94,-23.541934,-46.458073,2024-01-31 15:56:00,verdadeiro,748.99,Itaquera,24,4.86,3.02248573303223
-46.456856,-23.536944,2886,20.91,78,1015,,0.23,4,chuva leve,16.93,-23.536944,-46.456856,2024-01-31 16:39:00,verdadeiro,744.32,Itaquera,24,4.36,1.35270059108734
-46.606643,-23.542744,2887,20.35,77,1014,,1.61,4,chuva moderada,16.19,-23.542744,-46.606643,2024-01-31 15:51:00,verdadeiro,732.09,Mooca,18.6,4.86,1.35270059108734
-46.518352,-23.513474,2888,20.97,78,1015,,0.23,4,chuva leve,16.99,-23.513474,-46.518352,2024-01-31 16:31:00,verdadeiro,745.32,Penha,15.3,4.36,4.76674842834473
-46.552752,-23.52918,2889,21.14,78,1015,,0.23,4,chuva leve,17.16,-23.52918,-46.552752,2024-01-31 16:39:00,verdadeiro,728.18,Penha,15.3,4.36,0.928036212921143
-46.543764,-23.590333,2890,19.08,88,1014,,1.61,4,chuva moderada,17.05,-23.590333,-46.543764,2024-01-31 15:39:00,verdadeiro,753.74,Vila Prudente,27.9,4.86,2.10017395019531
-46.543721,-23.590304,2891,19.18,88,1014,,1.61,4,chuva moderada,17.15,-23.590304,-46.543721,2024-01-31 15:42:00,verdadeiro,753.45,Vila Prudente,27.9,4.86,0.984320282936096
-46.56591,-23.582736,2892,20.29,77,1014,,1.61,4,chuva moderada,16.13,-23.582736,-46.56591,2024-01-31 15:45:00,verdadeiro,739.02,Vila Prudente,27.9,4.86,1.99518501758575
-46.56596,-23.58275,2893,20.29,77,1014,,1.61,4,chuva moderada,16.13,-23.58275,-46.56596,2024-01-31 15:49:00,verdadeiro,739.02,Vila Prudente,27.9,4.86,1.99518501758575
-46.543952,-23.589999,2894,19.06,79,1014,,1.61,4,chuva moderada,15.34,-23.589999,-46.543952,2024-01-31 15:58:00,verdadeiro,752.83,Vila Prudente,27.9,4.86,0.928036212921143
